223 200
ads -0.163523 -0.086006 -0.158665 0.346691 0.195421 0.083304 0.170711 0.401187 -0.324027 -0.216903 0.011489 -0.038817 -0.057131 0.029462 0.055581 -0.396797 0.127224 0.082921 0.222447 -0.704285 0.221384 -0.464310 0.177624 0.005972 -0.400120 -0.282657 0.233012 -0.075943 -0.154591 -0.150292 0.095242 0.099053 0.268592 0.237707 0.004516 -0.201362 0.176140 -0.255733 -0.060922 -0.309297 -0.242106 0.099046 0.238042 0.423768 0.243888 -0.054349 0.061609 0.134107 -0.130009 0.150542 0.446671 -0.050318 -0.408996 -0.137566 -0.064668 0.191792 0.011193 -0.234564 -0.224436 -0.097313 -0.262342 0.122820 0.176590 -0.156513 -0.401504 0.288084 0.141536 0.277976 -0.200424 0.318443 -0.245149 0.040376 0.261273 -0.148413 0.316714 -0.376295 0.298153 -0.007228 -0.188628 -0.208396 -0.159812 0.208598 -0.336577 0.445081 -0.204040 -0.099565 0.102670 0.037028 -0.126885 -0.191934 -0.039570 0.196545 -0.178013 0.268362 0.414326 0.021625 0.452935 0.049996 0.106615 -0.104406 -0.240972 0.349369 -0.112900 -0.289816 -0.604415 -0.231252 0.073115 0.129589 -0.151530 -0.223675 -0.034405 -0.195655 -0.278636 -0.174212 0.037152 -0.121929 0.223133 -0.249681 -0.052383 -0.585989 0.152088 0.357203 0.222284 -0.356624 0.164414 0.139332 -0.198986 -0.085915 -0.000767 -0.008408 0.130766 0.267796 0.237864 -0.427264 -0.376948 0.097036 -0.312255 -0.132062 -0.312409 -0.045699 0.334039 -0.321064 -0.651293 0.105772 -0.278172 -0.052403 0.004740 0.064267 -0.019451 0.248222 0.074499 -0.191170 -0.019393 0.363362 -0.385244 0.420758 0.368714 0.010787 -0.184405 0.312458 0.259140 0.109806 0.210919 0.001369 0.149328 -0.176482 0.087800 -0.253302 0.070611 -0.006810 -0.292294 0.023521 0.479822 -0.405317 0.318023 -0.039352 -0.447820 0.186837 0.069043 -0.069896 -0.303736 -0.258809 -0.030086 0.233442 0.043773 0.062733 -0.268179 0.021967 0.238765 -0.056565 0.536766 0.099904 -0.097657 -0.213496 0.127317 -0.008838 -0.066496 0.008939 -0.482399 -0.077210
adventures 0.574856 0.286266 0.675290 0.187744 0.609988 -0.129649 -0.653085 0.298812 0.446350 -0.501792 -0.200279 0.352737 -0.341735 0.105036 0.631269 -0.469610 0.439701 -0.466071 0.686817 -0.557349 0.550520 -0.450354 -0.106506 -0.648346 -0.222323 0.381329 0.082468 -0.169275 -1.209238 -0.097549 -0.247883 -0.184166 0.390311 0.546323 0.661253 -0.358873 -0.541207 -0.360532 -0.347104 -0.552015 -0.428062 -0.132368 -0.213553 -0.083031 0.614598 -0.102119 0.074610 -0.255268 -0.367547 0.087800 -0.067470 -0.674650 -0.290677 -0.818680 0.656973 -0.309943 0.457867 -0.644187 -0.551820 -0.264706 -0.000807 0.319074 -0.185575 0.112596 -0.734915 0.045612 -0.106032 0.926794 -0.490612 0.412879 0.065977 -0.218041 0.436502 -0.060029 -0.699538 0.025708 -0.073330 0.182694 -1.083842 -0.604207 -0.063462 -0.383960 0.153249 0.672799 -0.315147 -0.301849 -0.031708 -0.262455 0.116322 0.285849 -0.443531 0.548791 -0.146029 -0.066228 1.075333 0.964289 -0.001677 -0.589666 0.014625 -0.114543 -0.684102 0.276334 0.450335 0.147916 -0.174266 -1.111247 -0.069502 0.786133 -0.345771 -0.309115 -0.255910 0.099349 -0.343976 0.175015 0.624139 0.863014 0.070688 -0.096528 0.171024 -0.106444 0.129364 -0.267119 -0.237668 -0.321763 -0.304508 -0.046181 -0.057814 0.194378 0.403180 -0.021599 -0.098053 -0.273620 -0.314360 -0.335588 0.326209 0.065716 0.139783 0.129611 -0.434386 -0.191923 0.159082 -0.315217 -0.334319 -0.167637 -0.368448 -0.196314 -0.167917 0.273640 -0.250583 -0.144679 -0.165163 -0.257860 -0.626466 0.201923 -0.832363 0.987234 0.070209 0.924906 -0.288484 0.878926 -0.450987 -0.255010 -0.331588 -0.423033 0.311344 0.423646 0.084878 -0.580225 -0.362269 -0.246657 -0.237840 1.051018 0.854669 -0.595188 -0.415707 0.070049 -0.341872 0.265976 0.258775 -0.086591 -0.222065 -0.256398 0.273713 -0.392450 -0.573115 0.363768 -0.123469 -0.309709 1.042553 0.060494 1.020875 -0.576034 0.412978 0.297886 -0.308216 0.237642 0.232469 -0.072093 0.355615 0.306125
allegory 0.642149 0.132056 0.432543 -0.159803 0.282962 -0.385624 0.240728 0.307132 0.486437 0.013700 0.033284 0.330088 -0.367531 0.028874 -0.187900 -0.463281 0.010492 -0.189842 0.874702 -0.573628 0.090600 0.188874 -0.257130 -0.355749 -0.438939 -0.197380 0.044832 -0.833253 -0.741013 -0.373063 -0.033103 0.114640 -0.325486 0.332941 -0.049270 0.342585 0.242244 -0.080874 -0.382884 -0.617265 -0.177263 -0.276245 0.179739 -0.138568 0.983606 -0.407009 -0.517519 0.058296 0.381078 0.236978 -0.284072 -0.076964 -0.506455 -0.618843 -0.080138 -0.047070 0.441569 -0.156024 -0.342137 -0.274265 -0.152623 0.187522 -0.173555 -0.398886 -0.178530 0.518248 0.289531 1.192720 -0.583625 0.584346 -0.006750 -0.191294 0.638660 -0.249800 -0.088816 0.727732 0.575986 -0.231831 -0.746931 -0.351232 0.158608 -0.261169 -0.355967 0.867625 -0.040383 -0.325722 -0.381739 0.200478 0.246567 -0.206667 -0.050498 0.361151 0.052325 0.268118 0.400479 0.765756 0.201375 -0.119725 -0.079775 -0.536580 -0.482750 0.421608 -0.143092 -0.143944 0.096751 -0.567969 -0.191456 0.327019 -0.522891 -0.125379 -0.344038 -0.578193 -0.189097 0.305503 0.407463 -0.111787 0.039046 0.006744 -0.096307 -0.698459 -0.113663 0.336576 0.750304 -0.278614 0.168144 0.347904 -0.166955 0.125503 -0.480200 0.312559 -0.188213 0.116098 0.170139 -0.162339 0.153859 0.328359 -0.029011 -0.129634 0.086123 0.025222 0.162849 -0.454512 -0.519658 -0.389452 -0.630035 0.351424 -0.544527 -0.032438 0.338913 -0.168533 -0.115433 -0.624570 -0.573383 0.541675 -0.513828 0.734518 0.056139 0.476047 -0.075089 0.267339 0.184262 -0.112693 -0.042780 -0.045074 -0.186879 0.017051 0.235644 -0.351833 -0.122419 0.041771 -0.397908 0.560552 0.192320 -0.263614 0.028014 -0.068929 -0.575976 -0.063312 0.012963 0.137263 -0.524041 -0.060672 0.153698 -0.207681 -0.051715 0.295702 -0.634523 -0.057183 0.729170 0.178838 -0.085236 -0.253614 -0.419134 -0.458976 -0.244442 -0.274508 0.277074 0.143224 0.055334 0.382489
amusing 0.411798 0.063422 0.729834 0.327776 0.278159 -0.674760 -0.038916 0.249707 0.240216 -0.086728 -0.309156 -0.020779 -0.061940 0.006338 0.664985 -1.011160 0.068613 0.012299 0.289162 -0.044497 0.124737 -0.082504 0.155812 -0.353311 -0.574649 -0.282163 0.037348 -0.371952 -1.199246 -0.420625 0.001241 -0.324372 -0.110667 0.596491 -0.155973 -0.137910 0.054050 0.201356 -0.133752 -0.222315 -0.488808 -0.171785 -0.174298 0.259437 0.819663 0.635221 -0.167972 -0.501580 0.264814 0.557186 0.065386 -0.657580 -0.225172 -0.385375 0.111566 -0.125362 0.602435 -0.718818 -0.109661 -0.326977 -0.261884 0.056917 0.052875 0.083003 -0.344804 -0.120337 0.144965 1.466312 -0.287812 0.155034 0.198404 -0.174579 0.702558 -0.297710 0.050380 0.019089 0.489761 0.018147 -1.158631 -0.870320 -0.113486 -0.339829 -0.240928 0.367959 -0.784549 -0.431449 -0.375363 -0.033721 0.726125 0.047202 0.127106 0.352739 0.793327 0.357882 1.036274 0.522340 0.193653 -0.220980 0.283993 0.107538 -0.269440 0.531854 0.090240 0.146756 -0.264913 -0.953543 0.289387 0.000720 0.139115 0.067080 -0.207926 -0.548395 -0.431501 0.405521 0.432339 0.212743 -0.421098 -0.017081 -0.059057 0.138182 0.242424 0.334537 0.152198 -0.302413 0.059016 0.271780 -0.080248 0.009221 -0.157329 0.338893 -0.184764 -0.611023 -0.388130 0.256734 0.340974 -0.206935 0.401571 0.053127 -0.435685 -0.114739 0.338357 0.033447 -0.524573 -0.391510 -0.174128 0.056975 0.042955 0.380381 0.305981 -0.364562 -0.521968 -0.488244 -0.214361 0.392955 -0.356410 0.668979 0.471714 0.034469 -0.035336 0.426120 -0.163548 0.028703 -0.079574 -0.602194 0.085516 0.365543 -0.346502 -0.370179 -0.009975 -0.115709 -0.770840 0.752858 0.335245 -0.215111 0.209387 -0.220689 0.003443 0.173870 0.143342 0.037149 -0.427674 -0.068069 0.177162 0.199192 -0.136744 0.391483 0.122145 -0.296388 0.616844 0.108277 0.430879 -0.426248 -0.178629 -0.483637 -0.206439 0.036581 0.411029 -0.230248 0.068417 0.376565
anecdotal 0.819361 0.509239 0.305342 0.347747 0.379557 -0.287328 0.048251 0.540744 0.280951 -0.141876 -0.350821 -0.292529 -0.225110 0.431221 0.312394 -0.999909 -0.067580 -0.080013 0.455916 -0.709491 0.151469 -0.274685 0.059830 0.250082 -0.022775 -0.283754 0.254763 -0.764251 -1.152386 -0.162528 -0.047332 0.057857 -0.138480 0.343674 -0.009309 -0.217583 0.376117 0.449382 0.007803 -0.356659 0.004863 -0.136405 -0.124980 -0.075504 0.587637 0.159652 -0.282102 -0.746168 0.030589 0.374261 0.165545 -0.130372 -0.352233 -0.526643 0.273679 0.103426 0.505962 -0.587231 0.076195 -0.034260 0.113577 0.409144 -0.022879 0.038136 -0.396164 0.468433 0.366226 1.235167 -0.631550 0.349357 0.145864 -0.042448 0.502091 -0.514330 -0.048144 0.107617 0.517728 -0.403195 -0.566887 -0.749219 -0.067760 -0.001715 -0.107051 0.361262 -0.391327 -0.440121 -0.368298 -0.173655 0.448506 -0.173172 -0.085157 0.142748 0.283689 -0.240894 0.780723 0.912346 0.020870 -0.676008 -0.461317 -0.281989 -0.243753 0.439314 0.437577 0.270304 -0.101014 -0.918324 0.389631 0.812313 -0.413522 0.292491 -0.593529 -0.436098 -0.547082 -0.158377 0.185257 -0.037774 -0.079703 0.178716 -0.015171 -0.367417 0.202291 0.397681 0.316309 -0.604361 0.101232 0.105259 -0.083297 0.376370 -0.430826 0.074098 0.018792 -0.383071 0.156858 -0.044471 0.307441 0.135111 -0.362622 0.052474 -0.494141 0.194543 0.496936 -0.189626 -0.628816 -0.222575 -0.193729 -0.169995 -0.055702 0.372857 0.399125 -0.077398 -0.501480 0.012482 -0.127513 0.485821 -0.447497 0.304684 0.341284 0.504263 -0.058320 0.097620 -0.356838 0.008335 -0.195853 -0.516964 -0.154199 0.272896 -0.133912 -0.312530 -0.112400 -0.092427 -0.766103 0.459649 0.396237 -0.395937 0.251233 0.059712 -0.246524 0.364979 0.101076 -0.140883 -0.111021 0.063911 0.161895 0.140759 -0.116332 0.425271 0.114018 0.115974 0.309439 -0.149709 0.348937 -0.058055 0.142679 -0.609911 -0.159302 -0.143210 0.349777 -0.474990 0.121490 0.313720
anecdote 0.718918 0.136682 0.550855 -0.119078 0.590905 -0.203893 0.110917 0.498618 0.543020 -0.040640 0.291146 0.105939 -0.142009 0.297674 0.864868 -0.963389 -0.006591 -0.300969 0.464596 -0.552862 -0.035584 -0.255647 -0.224019 -0.136352 -0.360339 -0.065862 0.627840 -0.663055 -0.988558 -0.281957 0.005349 -0.169352 -0.136164 0.353511 0.512882 -0.304836 -0.050681 0.093329 0.029693 -0.183920 -0.282129 0.067848 -0.215108 0.191421 0.699131 0.165475 -0.346786 -0.204707 0.323741 0.061908 -0.757869 -0.762014 -0.425100 -0.235985 -0.066481 -0.344056 0.450727 -0.385656 0.004912 0.369116 0.217540 -0.029817 -0.084406 -0.281814 -0.673119 0.274216 0.338020 1.076601 -0.177446 0.164909 0.283410 -0.050764 0.754232 -0.307046 -0.436527 0.045535 0.866741 0.440988 -0.473663 -0.987067 -0.120266 -0.297775 -0.137314 0.630841 -0.712220 -0.409126 -0.164809 -0.030703 0.044064 -0.248526 0.163894 0.178429 0.252711 0.037989 0.853792 0.801993 -0.261976 -0.528171 0.033825 -0.333614 -0.057775 0.873366 0.244570 0.271057 -0.314691 -1.104821 -0.013600 0.371873 -0.288802 -0.114531 -0.444751 -0.229706 -0.439782 0.129621 0.503973 0.868545 -0.051378 -0.147143 -0.023809 -0.274113 0.054692 0.559294 0.164638 0.106792 0.179956 0.296079 -0.169485 0.402451 -0.108159 -0.136359 0.214781 -0.286655 -0.433164 0.336359 0.009205 0.162140 -0.014581 -0.120513 -0.194644 0.470466 0.025853 -0.504268 -0.104754 -0.315204 -0.449882 0.286493 -0.357571 0.424124 -0.121216 -0.313711 -0.519406 -0.447508 -0.545873 0.545005 -0.618734 0.389702 -0.012009 0.641985 -0.169800 0.323217 -0.277157 0.166293 -0.109196 -0.469776 0.210352 0.325476 -0.140281 -0.499967 -0.278520 -0.255832 -0.334768 -0.027511 0.619313 -0.739324 0.224841 -0.142862 -0.127398 -0.394755 -0.057937 0.136575 -0.209432 -0.045885 0.280553 0.020449 -0.594231 -0.299863 0.173217 0.189885 0.905600 0.607092 0.457586 -0.462348 -0.196135 -0.619521 -0.101226 0.025002 0.490342 -0.257107 -0.243836 0.086010
annals 0.318989 0.357769 0.187086 -0.157696 0.646629 -0.346670 -0.127077 0.884034 0.486481 0.042439 0.238870 -0.207664 -0.348139 -0.095796 -0.096328 -0.544433 0.634819 -0.114267 0.337359 -0.428692 0.081337 -0.584479 -0.196001 0.118536 -0.471860 0.073154 0.546697 -0.289358 -0.933169 -0.387838 -0.001740 -0.656134 -0.612836 0.500925 0.062858 -0.387379 0.085222 -0.476684 -0.005112 -0.687634 -0.368644 -0.217599 0.212370 0.031087 0.520409 -0.025104 0.156425 0.258120 0.040980 0.360354 -0.076361 -0.307270 0.103816 -0.895645 0.642681 -0.195608 0.353381 -0.914178 0.080362 -0.254480 0.117767 0.476455 0.046865 0.083558 -0.176337 0.218774 -0.500558 1.024786 -0.639865 0.508035 -0.457147 -0.392106 0.291031 -0.262932 -0.570913 0.108933 0.515944 0.481227 -0.388674 -0.470838 0.092653 -0.375105 -0.158535 0.182644 -0.199761 0.006536 0.083720 0.372276 -0.250258 0.236921 0.179498 0.199365 0.268138 0.225071 0.669953 0.525736 0.137437 -0.645972 -0.704306 -0.762750 -0.564552 0.740584 -0.309962 -0.479249 -0.569819 -0.621409 0.264911 1.396753 0.019649 0.072526 -0.523060 -0.194132 -0.304776 -0.346922 -0.022447 0.075461 -0.300115 -0.134713 -0.511525 -0.335217 -0.516048 -0.066206 0.253233 -0.721234 0.211621 0.439817 0.876024 -0.455399 0.264377 0.248979 -0.323464 -0.290109 -0.196471 0.453794 0.290310 0.494340 0.056247 -0.036038 -0.309622 0.287900 0.050662 -0.273245 -0.561789 -0.113050 -0.551844 0.173786 -0.345097 0.258023 -0.266921 -0.065807 0.313196 -1.021713 -0.287990 0.207443 -0.091837 1.160623 -0.128070 -0.280301 0.063480 0.313995 -0.135443 0.128231 -0.002594 -0.218703 -0.126145 -0.153260 -0.052606 -0.986671 0.105763 -0.004280 -0.073359 0.231238 0.438771 -0.829111 -0.514511 -0.203748 -0.540101 -0.338010 -0.478970 -0.242531 -0.507219 0.205029 0.575096 -0.443182 0.172076 0.398178 -0.328451 -0.015731 0.849161 0.204220 0.315476 -0.633909 -0.315096 -0.792994 -0.147190 0.095677 0.171840 -0.595239 0.200402 0.221792
annealing -0.269387 0.668592 -0.103419 0.163893 0.881213 -0.381706 -0.104600 0.533018 -0.651979 -0.352061 -0.201902 -0.219789 -0.322110 -0.191924 -0.023754 -0.284351 -0.057097 0.067147 0.121767 -0.369446 -0.020967 -0.427824 -0.245351 -0.317996 -0.185249 -0.300254 0.242014 -0.162970 -0.240375 0.052255 0.104120 0.326417 0.340349 0.147824 0.227509 -0.392321 0.611917 0.168179 0.015458 -0.360854 0.079617 -0.042825 0.473888 0.662318 0.027104 0.415108 -0.314474 0.431540 0.308863 0.714717 -0.111300 -0.064756 -0.777757 -0.499966 -0.205570 0.131883 0.294326 -0.176512 0.012427 0.236506 0.329293 0.581943 -0.063616 -0.182886 -0.314455 0.148841 0.378160 1.016959 -0.083688 0.546453 -0.422544 0.157945 0.628795 0.127059 0.950177 -0.021602 -0.083429 -0.097984 -0.520870 -0.017053 0.138572 -0.129193 -0.141321 0.128963 0.684007 0.081365 0.073310 -0.112114 0.336037 -0.276889 0.129788 0.520408 0.342844 0.512971 0.395991 0.158025 -0.004522 -0.051968 0.190994 -0.521431 -0.951892 0.428762 0.215980 -0.196188 -0.638442 -0.273199 0.602397 0.297360 -0.333234 -0.024290 -0.198703 -0.407506 -0.747286 0.086974 -0.130668 -0.161138 -0.005054 -0.461328 -0.238048 -0.013199 -0.247172 0.795422 0.296953 0.037936 0.226325 0.208831 0.009026 -0.157307 -0.645383 -0.094324 -0.181471 -0.141106 -0.030918 0.429405 0.226458 0.171945 0.176928 -0.227721 -0.360055 -0.066548 0.472099 0.130953 -0.942498 0.111066 -0.312496 0.218285 0.104847 0.472063 -0.061710 0.027970 -0.457535 -0.313831 -0.003070 0.283268 -0.722324 0.467128 -0.269741 0.103850 -0.279471 0.045875 0.267081 0.293630 0.002560 -0.137893 0.158197 0.125735 -0.129564 -0.040837 -0.256545 -0.192082 -0.394399 0.311721 0.091434 -0.232398 0.029009 0.149224 -0.535590 0.034147 0.214716 -0.075103 -0.000239 0.306187 0.001879 0.016246 0.225494 0.990951 -0.352078 0.001213 0.137872 -0.338449 0.070766 0.269334 -0.173813 -0.424372 -0.481138 0.198450 0.396736 0.195632 -0.202432 0.217436
anthology 0.175818 0.136330 0.131374 0.056609 0.129761 -0.060062 -0.085199 0.049964 0.007411 -0.036950 0.019008 -0.022089 -0.056974 0.039636 0.082796 -0.230099 0.025841 0.071115 0.068081 -0.210722 0.098934 -0.107847 -0.123514 -0.023844 -0.202525 -0.215424 -0.072023 -0.198404 -0.153799 -0.076384 0.010333 -0.072781 -0.043256 0.128759 0.004066 -0.066989 0.179396 0.091225 -0.102266 -0.120235 -0.040452 -0.100646 0.178215 0.021666 0.075512 0.052224 -0.126547 0.031923 0.106985 0.146821 -0.047724 -0.012264 -0.199483 -0.250742 0.121897 0.039147 0.193910 -0.156640 -0.045242 -0.115953 -0.016137 0.218511 -0.014330 -0.038417 -0.103864 0.053726 0.072584 0.335914 -0.292071 0.010331 -0.007551 -0.053255 0.178137 -0.042982 -0.104268 0.166271 0.081407 0.067818 -0.075840 -0.118883 -0.056588 -0.024978 -0.108084 0.191695 0.037237 -0.049382 -0.083219 0.024865 0.046605 0.029265 -0.045099 0.031465 0.036929 0.062304 0.216140 0.299455 -0.020304 -0.096446 -0.090843 -0.251471 -0.232146 0.286373 0.041594 0.064608 0.019901 -0.270116 0.011331 0.203804 -0.071937 -0.021561 -0.159002 -0.044642 -0.065489 -0.070029 0.067593 -0.126299 0.073292 -0.133527 -0.049076 -0.034584 -0.010044 0.065928 0.300914 -0.182611 0.033434 0.036420 0.047455 0.176820 -0.135680 0.076464 -0.161195 -0.086193 -0.018620 0.124423 0.057358 0.146136 -0.097699 -0.134710 -0.171444 -0.055872 0.053642 -0.117412 -0.260982 -0.158632 -0.040884 0.087532 -0.108885 0.024801 0.102811 -0.056677 0.047473 -0.164317 -0.229121 0.083309 -0.125812 0.118988 0.047068 0.058402 0.036995 0.009176 0.106646 0.070300 0.044896 -0.196155 0.074599 0.020706 -0.192194 -0.110527 -0.005821 -0.081615 -0.207267 0.110395 0.115719 -0.207934 -0.010731 -0.088507 -0.079902 0.034477 -0.028198 0.086737 -0.121940 -0.005365 0.072450 -0.042094 -0.109966 0.172255 -0.155380 -0.022332 0.087961 -0.035852 0.029064 -0.142689 -0.110965 -0.210695 0.048960 0.027399 0.046995 -0.218851 -0.083213 0.120608
antiquarian 1.096849 0.542066 -0.053461 0.386988 0.403153 0.032438 -0.412041 0.403580 0.422631 -0.005488 -0.665850 -0.292061 -0.576784 0.234159 -0.140038 -0.779775 0.102467 -0.388460 -0.155460 -0.359826 0.116546 -0.271287 -0.692344 -0.091197 -0.734021 0.077847 -0.324806 -0.461954 -0.993551 0.625067 0.087802 -0.197149 -0.063710 0.147973 -0.025621 0.209243 -0.162708 0.056474 0.054849 -0.471755 -0.428345 -0.080761 0.160536 -0.372732 0.899012 -0.275015 0.004582 -0.542860 0.207875 0.496067 0.088624 0.063147 -0.012786 -1.001508 0.451697 0.363146 0.899170 -0.795113 -0.076842 -0.222675 -0.237405 0.167377 -0.312689 -0.083257 -0.601996 0.436034 0.304556 1.336370 0.060340 0.212997 -0.025824 -0.470806 0.570069 0.053996 -0.320704 -0.292966 0.288896 0.243122 -0.390774 -0.997175 0.451051 -0.137131 -0.319362 0.700451 0.139591 -0.460978 0.234786 0.119376 0.691536 0.257822 0.042140 -0.106430 0.031206 0.450920 0.262554 0.399707 -0.129266 -0.332155 -0.671909 0.017169 -0.040707 0.594438 -0.162408 0.321785 -0.544631 -0.757995 -0.164132 0.713876 -0.298812 0.411519 -0.281413 -0.293369 -0.211387 0.122078 0.025778 0.038797 0.329848 -0.310510 0.138925 0.018732 0.173577 0.056252 0.749525 -0.341697 -0.012784 -0.391086 -0.370919 0.684896 -0.484460 -0.338272 0.174971 -0.352266 0.060897 0.596554 0.087316 -0.187186 0.093830 -0.413212 -0.688176 -0.351277 0.330371 -0.604551 -0.531819 0.119822 -0.313473 0.043496 -0.491500 0.396847 0.126212 -0.462532 0.197325 -0.109223 0.013192 -0.087607 -0.535859 -0.105790 0.117367 0.617890 0.004934 0.682751 -0.217396 0.562521 0.169424 -0.750678 0.249702 0.254156 -0.293334 -0.369336 -0.164414 -0.875864 -0.933273 0.537382 0.243684 -0.288090 -0.397039 0.486626 -0.362406 0.064280 -0.519240 -0.115867 -0.016124 -0.163874 0.479068 -0.396264 -0.211449 0.482815 -0.437948 -0.235707 0.198162 -0.081079 0.026742 -0.221532 0.060086 -0.603209 0.009118 0.415739 0.658695 -0.520075 0.121606 0.188923
antithetical 0.359419 0.175814 0.395065 -0.138207 0.382563 -0.112730 0.141573 0.303697 0.202274 -0.076262 -0.208928 -0.197466 0.006264 -0.207541 0.008008 -0.496346 0.036737 0.016876 0.432113 -0.350863 0.267193 -0.237411 -0.203576 -0.303684 -0.385315 -0.224657 -0.027248 -0.219625 -0.269334 -0.194540 -0.176318 -0.004024 0.010107 0.228556 -0.191819 0.016331 0.242901 0.061037 -0.183876 -0.218956 -0.164464 -0.005888 0.148196 0.272991 0.480037 0.213431 -0.218805 -0.179756 0.214567 0.177337 -0.067255 -0.260304 -0.315471 -0.518578 -0.118144 0.021563 0.020999 -0.100637 -0.154939 -0.006689 0.223786 0.426197 -0.203885 -0.237884 -0.377593 0.005439 0.373107 0.627129 -0.402070 0.244516 -0.177618 -0.034750 0.415396 -0.369833 0.073869 0.044961 0.103172 -0.119548 -0.243430 -0.338873 0.102675 0.028536 0.094963 0.213379 -0.238793 -0.330576 -0.319068 0.201963 0.104777 -0.136239 -0.020909 0.146208 0.352237 0.235464 0.506139 0.427250 0.046036 -0.220884 0.017266 -0.418834 -0.354103 0.353998 0.171303 0.118403 -0.100007 -0.471510 0.330948 0.198687 -0.064794 -0.162586 -0.030267 -0.359255 -0.216113 0.093052 0.013816 -0.001582 -0.284517 -0.031063 0.027561 0.075957 -0.015203 0.315108 0.440247 -0.058807 0.178184 0.440987 0.175744 0.099058 -0.326503 0.069632 -0.144742 -0.073263 0.148255 0.187634 0.005774 0.261302 -0.112266 -0.069463 -0.345919 -0.202258 0.171397 -0.092750 -0.331429 -0.088301 -0.182895 0.105368 -0.168611 -0.062579 0.166648 -0.188448 -0.135809 -0.350724 -0.189735 0.165973 -0.242235 0.513567 0.050267 0.191943 -0.129847 0.067633 0.004418 0.121160 -0.058152 -0.403529 0.085303 -0.009378 -0.189940 -0.221021 -0.360292 -0.141372 -0.502971 0.289264 0.044178 -0.460006 0.019706 0.098317 -0.309202 0.205865 -0.230309 -0.115124 -0.241387 -0.094626 -0.253981 -0.036384 -0.091491 0.284777 -0.008217 -0.131080 0.275727 -0.029725 0.157690 -0.214603 -0.072448 -0.598769 -0.171968 -0.290478 0.049066 -0.282451 0.123029 0.084125
aphorisms 0.342920 0.386546 0.318507 -0.163505 0.305903 0.033238 0.169050 0.311089 0.046354 0.200019 0.011439 -0.026206 -0.129619 0.114990 -0.205703 -0.323016 -0.022292 -0.140499 0.232988 -0.420457 0.448081 -0.171319 -0.439109 -0.189940 -0.464094 -0.118297 0.025921 -0.435773 -0.740392 0.062395 0.131284 -0.158574 -0.156691 0.392080 -0.079492 0.109696 0.217983 0.054665 -0.153666 -0.334079 -0.071982 -0.194137 0.147551 0.126260 0.632362 0.180255 -0.403757 -0.312095 0.237596 0.139159 0.255379 -0.328136 -0.614467 -0.481710 0.199974 -0.147610 0.430967 -0.098407 -0.317133 -0.048319 -0.135053 0.374952 0.213376 -0.357315 -0.473287 0.187386 0.411494 0.874334 -0.350750 0.240706 -0.155781 0.178999 0.755943 -0.681552 -0.159908 0.310552 0.638212 -0.088719 -0.454874 -0.503603 -0.053382 -0.261632 -0.366459 0.449627 -0.124916 -0.335357 -0.420268 -0.024394 0.117213 -0.451552 -0.284192 0.213857 -0.154826 0.150053 0.400608 0.555954 0.009530 -0.111916 0.196344 -0.173954 -0.475376 0.562870 0.089259 -0.099369 0.070762 -0.312645 0.442359 0.715779 -0.138110 0.199953 -0.225097 -0.367130 -0.196523 0.143976 0.198229 0.005439 -0.259145 0.003755 0.088609 0.082404 0.119031 0.466218 0.211984 -0.446826 0.051130 0.449482 -0.099107 0.358568 -0.397046 0.130669 -0.315088 -0.174381 0.044201 0.200894 0.031307 0.227312 -0.313485 -0.113625 -0.385768 0.149454 0.031273 -0.423274 -0.388116 -0.403944 -0.419388 -0.057020 -0.029565 0.132482 0.552137 -0.170246 0.183374 -0.205199 -0.139216 0.438038 -0.323308 0.596359 0.063800 0.384939 -0.091225 0.227010 0.187158 0.091476 0.191322 -0.567279 0.106794 -0.530141 -0.209401 -0.062785 -0.071028 0.104469 -0.628110 0.557528 -0.103406 -0.342112 0.030673 0.015341 -0.680651 0.177415 0.054549 -0.185347 0.120388 -0.211306 -0.125847 -0.227270 -0.286459 0.499862 0.011767 -0.143143 0.459800 0.105167 0.149135 -0.150214 -0.032804 -0.361967 -0.338575 -0.266640 -0.057266 -0.008015 0.269629 0.310711
attractive 0.685921 0.050788 0.090559 0.173254 0.506986 0.077552 0.108094 0.544157 0.133842 0.040032 -0.807361 -0.150190 -0.225341 -0.191013 0.366121 -0.452792 0.451021 -0.337177 0.104256 -0.301746 0.714805 -0.379295 0.007628 -0.601491 -0.594003 -0.539055 0.121295 -0.391285 -0.801912 -0.291398 -0.379736 -0.104038 0.198867 0.432697 -0.129823 -0.008628 0.332203 -0.034660 -0.159410 -0.426321 -0.051918 -0.045797 0.070711 0.152718 0.301826 0.532486 0.053913 -0.638075 0.386027 0.312508 0.502728 -0.181913 0.024752 -0.892095 0.366015 0.091497 0.383465 -0.193019 0.377252 -0.650591 -0.337823 0.763324 -0.307895 -0.230983 -0.138434 -0.121549 0.084188 0.788189 -0.353620 0.224015 0.352935 0.052274 0.409421 -0.106770 0.245897 0.145137 -0.026102 -0.436669 -0.912614 -1.239590 -0.274676 -0.081105 -0.512231 0.240732 -0.093452 -0.494054 -0.176430 0.064784 0.162993 -0.245625 -0.030472 0.141209 0.489419 0.810202 1.091487 0.387067 -0.258277 0.141120 -0.067327 -0.117757 -0.552333 0.594344 0.067657 0.291805 0.083166 -1.138544 0.189848 0.565896 0.494699 0.166520 -0.148746 -0.606274 -0.402649 0.385599 0.299846 -0.277814 0.107394 -0.011289 -0.354758 0.292576 0.121722 0.070426 0.650804 -0.561374 0.049723 0.434194 0.204642 0.058037 -0.601044 0.464657 0.279300 -0.416348 0.048482 -0.142426 0.315051 -0.294886 0.586417 -0.268059 -0.594106 -0.332118 0.514238 -0.190636 -0.321265 -0.160228 -0.389774 0.147032 -0.003143 0.245364 0.220663 -0.068853 -0.448654 -0.713002 -0.122114 0.324026 -0.376526 0.978957 0.291601 0.378706 -0.605284 0.097465 0.239717 -0.071298 0.147701 0.005448 -0.225384 0.135110 0.090427 -0.354219 0.088596 -0.114726 -1.017669 0.813270 0.624935 -0.477498 0.216661 0.085951 -0.492084 -0.154159 -0.268188 0.191608 -0.348461 0.215359 0.092016 -0.072643 0.070979 0.540697 0.113150 -0.176802 0.321006 0.154830 0.167671 -0.432708 0.055235 -0.153441 -0.398080 0.003585 0.146041 -0.845799 0.195787 0.385832
author 0.535651 0.500619 0.057950 -0.263932 0.152949 0.514957 -0.172184 0.730918 0.942017 -0.050702 0.337189 0.636187 -0.582714 0.258209 -0.050140 -0.121972 -0.315091 -1.046003 0.416872 -0.543017 0.121946 -0.297619 -0.542174 -0.638334 -0.084122 -0.500979 0.038010 -0.186278 -0.963739 -0.349715 -0.326864 -0.103210 -0.579711 0.834332 0.405052 0.374518 0.143706 -0.002583 -0.613629 -0.619392 0.459804 0.371679 -0.159981 0.538729 0.533696 0.283620 0.073258 -0.670184 0.137544 0.328142 0.519905 -0.854592 -0.540628 -0.367407 0.232111 0.346212 0.195087 -0.056274 -0.694052 0.077506 -0.451777 0.242432 -0.008133 0.436341 -0.776136 0.172335 -0.093193 0.487446 -0.855524 0.449114 0.274164 0.139926 0.244100 0.091686 0.225578 0.690547 1.013235 0.315506 0.132948 -0.560973 -0.008784 -0.208380 -0.100121 0.342113 -0.350290 0.421036 -0.109555 -0.107249 0.260631 -0.213803 0.174759 -0.024741 -0.487725 -0.122607 0.350180 0.369238 0.766513 -0.518665 0.314929 -0.383806 -0.742225 0.624522 -0.107440 -0.010434 0.494766 -0.563673 -0.205274 0.354432 0.020891 0.148753 0.104837 0.009552 -0.075102 0.258158 0.193867 -0.025720 0.275831 -0.207429 -0.352451 -0.135244 0.259819 -0.114962 0.432171 -0.742952 -0.392991 0.370816 -0.768430 0.056103 -0.187176 0.171409 0.152405 -0.286068 0.321554 0.188896 -0.063758 0.416788 0.297893 -0.068593 0.058781 -0.333571 0.668992 -0.260381 -0.031905 -0.207262 0.412828 0.124045 0.151207 0.297465 0.125289 0.056940 0.318262 -0.033038 -0.290577 0.111352 -0.219210 0.610816 -0.165691 -0.292971 0.186612 0.639868 -0.236382 -0.210930 0.268981 -0.092188 0.475091 0.199800 -0.061997 -0.379144 -0.005082 -0.331311 -0.441476 1.133261 0.008515 -0.507180 -0.619171 0.025862 -0.747175 0.569620 -0.460262 0.211173 0.245224 -0.004743 -0.205340 -0.146486 0.030903 0.048602 0.265183 -0.041434 0.455389 -0.163568 0.641175 -0.216335 0.260321 -0.351754 -0.197744 0.132540 0.440287 -0.469546 0.209521 1.167280
authoress 0.514054 0.231395 0.717838 -0.163050 0.121101 -0.067947 -0.342187 0.414223 0.672970 -0.283203 -0.171292 0.337066 -0.535100 0.259518 0.364714 -0.558522 0.136661 -0.487798 0.181073 -0.681679 0.047667 -0.129069 0.048372 -0.377204 -0.030702 -0.228016 0.302691 -0.477734 -1.014001 0.041749 -0.558348 0.007540 0.032700 0.973492 -0.062954 -0.148511 0.427758 0.002057 -0.509112 -0.697330 0.056948 0.484440 0.021205 0.262125 0.556174 -0.101795 -0.218097 -1.045216 0.104592 0.154273 0.345948 -1.028954 -0.483583 -0.489354 -0.108585 0.333166 0.109250 -0.156976 -0.480472 -0.614526 0.101721 0.348837 -0.482704 0.150906 -0.731690 0.038993 0.530543 0.822700 -0.382731 0.594118 0.321247 0.440319 0.466131 -0.059296 -0.188366 0.395405 0.574165 -0.126801 -0.010273 -0.528742 0.118087 -0.615047 -0.089788 0.247760 -0.399382 0.087402 -0.177742 0.352655 0.255996 0.416252 -0.195216 0.182087 0.042155 -0.348787 0.893733 0.902542 0.200227 -0.479615 0.568642 -0.708749 -0.911271 0.922568 0.125326 0.362620 -0.088939 -0.765709 0.342948 0.636097 0.488895 -0.315654 -0.004477 -0.280351 -0.104064 0.174756 0.087215 0.025417 0.604923 -0.442107 -0.589627 -0.342674 0.451291 0.114157 0.467700 -1.152572 0.306087 0.504984 -0.427753 0.880083 -0.486799 -0.225037 0.325422 -0.264115 -0.214970 0.168164 0.012223 0.532308 -0.077684 0.075937 0.263312 -0.260163 0.324722 -0.033316 -0.293174 0.135962 0.133343 0.109870 0.176456 0.253423 -0.019021 -0.092564 -0.425219 -0.333231 -0.560965 0.346364 -0.313171 0.520249 -0.056242 0.516675 -0.092185 0.507969 -0.386426 -0.392898 0.113467 -0.066058 0.716866 0.331162 -0.180074 -0.209456 0.045300 -0.494454 -0.731920 0.324806 0.031745 -0.479544 -0.170295 0.148368 -0.681707 0.139334 -0.417375 0.384694 -0.409557 -0.132683 0.219130 -0.245358 -0.297104 0.125657 -0.286828 -0.039751 0.840966 0.399970 0.350104 -0.436774 0.415593 -0.680810 -0.295494 0.190217 0.422164 -0.492415 0.358647 0.369652
ballad 0.574897 0.224501 0.092250 -0.442449 0.336273 -0.474874 -0.181200 0.509651 0.287840 0.207344 0.172463 0.079105 -0.879498 0.220935 0.301420 -0.792147 -0.141217 0.275192 1.098913 -0.540332 0.166054 -0.165967 -0.065596 0.010910 0.135309 -0.014647 0.203740 -0.105924 -0.554393 0.166275 0.407786 -0.027114 0.557606 0.659689 0.101119 0.311751 0.155184 0.021875 -0.623199 -0.493627 -0.009666 -0.260726 0.302309 0.201083 0.661031 -0.006383 0.506776 -0.107071 0.624993 0.179815 0.121657 -0.099633 -0.729568 -0.460605 -0.119285 0.124283 0.200485 -0.214714 -0.020191 -0.379485 -0.230269 0.433392 0.237329 -0.317364 -0.748840 0.197673 0.383255 0.859145 0.088853 0.719768 0.463331 0.349984 0.675948 -0.407909 0.130787 0.393962 0.398497 -0.040611 -0.933819 -0.355289 -0.433266 -0.528046 -0.729126 0.885188 -0.835921 -0.272781 -0.597566 -0.025550 -0.247482 0.600883 -0.035726 -0.082070 0.139779 -0.200315 0.681981 1.159626 0.238017 -0.066416 -0.346110 -0.763726 -0.384725 0.577918 0.283495 0.407270 0.718337 -0.769199 -0.013938 0.196809 -0.411929 -0.884846 -0.277294 -0.317912 -0.580050 0.534836 -0.007037 -0.078894 0.534966 -0.498677 -0.328291 -0.495872 -0.354607 -0.151951 0.781299 -0.710559 0.597572 0.226844 -0.189668 0.118547 -0.442458 -0.130332 -0.090776 -0.189498 -0.105328 -0.119055 0.370184 0.338107 0.066954 -0.322181 -0.387086 0.308170 -0.149722 -0.474462 -0.209913 -0.179433 -0.187564 0.230806 -0.090113 0.013708 0.221658 -0.322527 0.238751 -0.372163 0.061592 0.459390 0.427382 0.455655 -0.068374 0.008698 -0.140345 0.141831 0.464023 -0.008737 0.247264 0.118089 -0.352949 0.234007 -0.129834 -0.141565 -0.052148 -0.251178 -0.371157 -0.114623 0.434570 -0.301907 0.285766 0.065695 -0.361802 0.171843 -0.380561 0.486896 -0.324433 -0.196780 0.008243 -0.124038 0.016991 0.029448 -0.196327 0.795434 0.786804 0.081635 -0.141290 0.515401 0.202673 -0.737973 -0.441609 0.192808 0.470863 -0.403010 0.300527 0.846134
ballads 0.918632 -0.039671 0.556769 -0.194411 0.473614 -0.129940 -0.513178 0.760228 0.272334 -0.091534 0.188965 0.124401 -0.578905 -0.224092 0.319087 -1.112251 0.366948 0.639362 0.844299 -0.470220 0.162187 0.219932 -0.340002 -0.202875 -0.650557 -0.318465 0.464712 -0.375034 -1.025740 0.368105 0.598896 0.147477 0.405297 0.929376 0.018657 0.298006 0.338659 0.249034 -0.468762 -0.425418 -0.004800 -0.118236 0.137731 0.395893 0.697493 0.192325 0.567944 -0.321118 0.469527 0.515444 0.053324 -0.011239 -0.447396 -0.968752 0.119327 0.172510 0.392407 -0.212789 -0.566504 -0.155818 -0.022887 -0.185643 0.562788 0.340973 -0.609817 -0.026760 0.465427 0.376786 -0.370108 0.221309 0.140757 -0.298550 0.597842 -0.535812 -0.094219 0.166656 0.048240 -0.381661 -0.327717 -0.866780 -0.185373 -0.224728 -0.628674 0.703182 -0.390493 -0.246464 -0.990623 0.000930 -0.035628 0.256583 -0.310149 -0.142895 -0.542490 -0.183449 0.989219 1.313898 0.475054 -0.437267 -0.246937 -0.852887 -0.524444 0.522964 0.314221 0.377184 0.789117 -0.927935 -0.477609 0.413875 -0.023011 -0.572246 -0.026054 -0.751241 -0.399885 -0.068795 0.684779 -0.097951 0.522944 0.324149 0.175993 -0.247913 -0.478555 0.489307 1.039504 -0.714705 0.597294 0.607698 0.242103 -0.130211 -0.166324 0.460335 -0.146619 -0.074468 0.140585 -0.155403 0.387462 0.574157 -0.129697 -0.375062 -0.690789 0.467342 0.166076 -0.350378 -0.566386 0.072759 -0.380411 0.306326 0.065850 -0.155852 0.786928 -0.228437 0.175330 -0.371957 0.454572 0.563096 -0.308443 0.291350 0.062244 0.364700 -0.052001 -0.317295 0.628975 -0.188018 0.250565 -0.209393 0.313540 0.491881 0.013476 -0.106887 -0.132715 -0.554557 -0.330121 0.036441 0.213956 -0.400214 0.345720 0.314196 -0.901511 0.719258 0.214680 0.275361 -0.469816 -0.154062 0.169895 0.188543 -0.293337 0.011640 -0.071004 0.236426 0.825486 -0.122844 0.208714 0.042502 0.125259 -0.889713 -0.338315 0.875002 0.446284 -0.417068 -0.080122 1.311578
biblical 0.834034 0.283016 0.187839 0.283275 0.330479 0.223900 -0.375334 0.023962 0.452901 -0.248099 -0.256329 0.135244 -0.784128 0.255137 -0.489049 -1.084530 -0.019806 -0.115295 -0.267213 -0.692985 0.455936 -0.092663 -0.465115 -0.319723 -0.752558 0.221059 0.398522 -0.168272 -1.194927 0.285948 0.259227 0.231989 -0.513116 0.608214 -0.011173 0.654724 0.819805 0.022899 0.032841 -0.782375 -0.157160 0.135527 0.183553 0.000416 0.554603 -0.256062 -0.439707 -0.096588 0.107820 0.456419 0.056243 0.273295 -0.308429 -0.524922 0.023421 0.117731 0.488789 -0.326817 0.088161 0.144493 0.064679 0.133498 -0.233655 0.012107 -0.593292 0.415412 0.168129 0.799390 -0.565126 0.310409 -0.246437 -0.130638 0.971267 -1.326234 -0.491170 0.487873 0.777565 -0.004501 -0.526542 -0.539631 0.453691 -0.015225 -0.355494 0.543187 0.097525 0.131919 -0.281785 0.408002 0.477078 -0.029608 0.226963 -0.028244 -0.096930 0.343124 -0.140390 0.447860 0.068276 -0.469842 -0.116411 -0.363119 -0.534625 0.809971 0.251636 0.423023 -0.049948 -0.552227 0.471855 0.605217 -0.284643 0.281829 -0.550947 0.168033 -0.247383 -0.099465 -0.015448 -0.199877 -0.101843 0.147617 0.093837 -0.700713 -0.715471 0.517991 0.875330 -0.624815 -0.189586 0.059338 -0.059630 0.553480 -0.540796 -0.108999 -0.474737 -0.423856 -0.055086 0.301761 0.381924 0.339334 -0.386764 -0.297459 -0.552972 0.020424 0.510906 -0.636841 -0.468162 -0.402880 -0.024859 -0.078397 -0.542409 -0.151581 -0.006944 0.409259 -0.017286 0.145870 -0.006878 0.066016 -0.336957 0.507591 0.257017 0.350993 -0.252739 0.298025 0.082065 0.343883 0.349258 -0.774077 -0.101856 0.221803 -0.077492 -0.212770 -0.297251 -0.515946 -0.532511 0.819481 0.084169 -0.852605 0.515195 0.531485 -0.287536 -0.179446 0.014059 0.025330 0.316547 -0.354168 -0.105082 -0.215540 -0.147334 0.587395 0.028091 0.024071 0.348863 -0.076564 -0.138461 -0.349285 0.091711 -0.950750 0.433659 -0.197693 0.443081 0.171643 -0.014585 0.821746
biographers 0.828379 0.444437 0.468165 -0.188514 0.276913 0.066729 0.022987 0.699058 0.597786 -0.423247 0.149484 -0.349040 -0.350868 0.102790 0.303713 -0.284811 -0.120729 -0.128228 0.725129 -0.781149 0.461194 -0.216087 -0.275270 -0.330720 -0.349378 -0.150327 0.103784 -0.822634 -1.150021 -0.154813 -0.180395 -0.091996 -0.056625 0.227759 0.125485 0.025067 0.422195 -0.048379 0.199587 -0.429331 -0.111121 -0.268709 0.156678 -0.082491 0.427900 0.288694 -0.231212 -0.204713 0.174776 0.352266 -0.188712 -0.379646 -0.746524 -0.517863 -0.065786 0.241442 0.452580 0.071886 0.097356 -0.029239 -0.256047 0.070382 0.064715 0.022087 -0.538921 0.187514 0.061832 1.003216 -0.196329 0.144249 0.219668 0.125533 0.189689 -0.092751 0.104777 0.215388 0.496678 -0.069321 -0.400410 -0.369000 0.174825 0.110375 -0.236626 0.082787 -0.504652 -0.245376 -0.336527 -0.009956 0.148278 -0.281903 -0.037625 0.222885 -0.106994 0.430910 0.643431 0.537422 -0.078218 -0.281520 0.206382 -0.575436 -0.422869 0.403412 -0.159142 0.269602 0.020994 -0.656761 0.195172 0.275951 0.109795 -0.125780 -0.224750 -0.171332 -0.159004 0.031787 0.276189 0.127182 -0.067003 -0.161604 -0.011718 -0.279870 0.272267 0.167326 0.364404 -0.819988 0.221663 0.321727 -0.094878 -0.125553 -0.061101 -0.012389 -0.105669 -0.174098 -0.120292 0.214843 -0.133611 0.469014 -0.379157 -0.267329 -0.114821 -0.081223 0.010048 0.039932 -0.180441 -0.421083 -0.303314 0.112923 -0.399177 0.220803 0.095025 -0.318473 0.215154 -0.463701 0.061602 0.270395 -0.396956 0.332129 0.063767 0.308999 -0.081320 0.322604 -0.118023 -0.229708 -0.057791 -0.437692 0.516674 -0.201369 0.266477 -0.401468 0.089957 -0.220073 -0.608075 0.573503 0.110370 -0.579615 0.096072 -0.043369 -0.398526 0.261619 0.200600 0.018203 -0.297551 0.170170 0.269031 -0.074532 0.000495 0.209762 -0.015063 0.128444 0.960835 0.248119 0.300764 -0.501394 -0.075372 -0.439549 -0.169110 0.089218 0.090777 -0.148962 0.553459 0.175802
biographies 0.784295 0.553400 0.422241 0.021083 0.473809 0.010055 0.063383 0.921613 0.006676 -0.485177 0.018675 -0.530616 -0.189154 -0.009339 -0.174947 -0.392661 0.239609 -0.238082 0.362753 -0.652767 0.020166 -0.147177 -0.301599 -0.142757 -0.725739 -0.089704 0.302932 -0.270170 -1.098080 0.030676 0.211472 -0.320178 -0.397040 0.581686 0.411117 -0.195178 0.604579 0.101655 0.118353 -0.110146 0.251048 -0.248920 0.052891 -0.289931 0.564776 0.070163 -0.057139 -0.253584 0.149748 0.607864 -0.140280 -0.520299 -0.373306 -0.556976 0.396246 0.060341 1.009609 -0.532790 0.027798 -0.044250 -0.360257 0.549427 0.460925 -0.141044 -0.630486 -0.167750 0.754835 0.836930 -0.307598 0.358845 0.253528 0.043436 0.387134 -0.402524 -0.240473 0.166254 0.669068 0.048638 -0.561566 -0.376110 0.104239 -0.430988 -0.046544 0.553964 -0.161246 -0.316997 -0.414925 0.273203 0.420309 0.000855 -0.188120 0.176901 -0.344618 0.002545 0.529056 0.521763 0.480732 -0.572693 -0.242645 -0.737919 -0.392432 0.923764 0.082615 0.308001 0.237167 -1.118364 0.280790 0.811618 -0.214970 0.249472 -0.246766 0.011606 -0.713102 -0.377731 0.232708 0.343537 -0.580778 -0.248181 -0.223193 -0.011834 -0.038064 0.281693 0.476124 -1.014959 0.292965 0.110154 0.310150 0.253458 -0.401746 -0.324459 -0.325126 -0.324844 -0.174974 0.208668 0.033079 0.770799 -0.242720 -0.004734 -0.220099 0.815931 -0.214726 -0.286305 -0.280695 -0.449853 -0.477141 0.132052 -0.778221 0.662392 0.045654 -0.138054 0.250372 -0.405164 -0.100564 0.190768 -0.218506 0.225018 0.115553 0.713380 -0.048491 -0.151599 -0.169713 0.156737 0.245620 -0.719970 0.486303 -0.190362 -0.015517 -0.348101 -0.066754 -0.162745 -0.481284 0.547502 0.399155 -0.137396 -0.170857 0.291987 -0.194390 -0.036610 0.078679 -0.600390 -0.336712 -0.058282 0.467571 -0.109301 -0.545048 0.425383 -0.013738 -0.157443 0.689617 0.174960 0.109515 -0.527033 0.311269 -0.612565 -0.534599 0.353065 0.023278 -0.115432 0.095548 0.857451
biography 0.750698 0.426204 0.663226 -0.174680 0.517808 -0.053466 -0.223212 0.474015 0.244227 -0.345777 0.111090 -0.240375 -0.005941 0.185721 0.169229 -0.635404 -0.163400 0.055425 -0.057075 -0.340373 0.439675 -0.455359 -0.503103 -0.812665 -0.305724 0.130529 0.348046 -0.605453 -1.412338 0.119623 0.121924 -0.046724 -0.321278 0.639554 -0.127992 -0.128379 0.527155 -0.160700 -0.197625 -0.371713 0.022078 -0.551757 -0.060664 -0.360285 0.364200 -0.508003 -0.277693 -0.598123 0.081009 0.549985 -0.001770 -0.383024 -0.376476 -0.771752 0.151099 -0.040364 0.657513 -0.039865 -0.738202 -0.193994 -0.100594 0.443638 0.372760 -0.156930 -0.703753 -0.192698 -0.184869 0.825942 -0.294309 0.494544 0.309362 0.095669 0.587537 -0.231330 -0.828718 0.234866 0.767874 0.131127 -0.201186 -0.344983 0.033722 -0.311103 -0.346931 0.581379 -0.143054 -0.167770 -0.319677 -0.214957 0.630958 0.021504 0.041320 -0.154360 -0.048010 -0.064153 0.406875 0.898842 -0.332913 -0.519561 -0.134755 -0.533759 -0.308247 1.062284 0.183005 0.089894 0.040572 -0.858136 0.185713 0.684406 -0.435557 0.251151 -0.026483 -0.416101 -0.634260 0.106899 0.835097 0.047866 0.105491 -0.277042 0.011082 -0.266362 0.143923 0.383103 0.421649 -0.774616 0.245977 0.006113 0.117665 0.301602 -0.166039 -0.278487 -0.236873 -0.233586 -0.531402 0.488360 -0.033697 0.443208 -0.193006 0.098447 -0.617116 0.764682 -0.032773 -0.370046 -0.738975 0.201450 -0.885017 0.121613 -0.234452 -0.008530 0.108179 0.032661 0.062568 -0.427956 -0.556262 0.351831 -0.123315 0.476636 0.178536 0.956751 -0.062017 0.095052 0.020590 -0.027196 -0.055151 -0.666310 0.227709 -0.015512 0.094328 -0.505099 -0.295497 -0.407510 -0.364935 0.523657 0.709994 -0.768950 0.032511 0.314613 -0.411067 -0.096361 -0.029676 -0.006877 -0.436210 -0.259089 0.369814 -0.277212 -0.378930 0.182843 -0.263597 0.191289 0.538547 0.026757 0.304009 -0.398131 0.299932 -0.310135 -0.308373 -0.130400 0.108991 -0.240466 0.098444 0.690256
boiler -0.552297 0.312679 0.074168 -0.077016 0.886243 -0.504674 -0.017775 -0.184750 -0.625194 -0.396974 0.073013 0.422709 -0.343338 -0.069004 -0.118423 -0.438112 -0.733289 0.371878 -0.096486 -0.768345 0.071257 -0.436346 0.191631 -0.166027 0.245413 -0.499510 0.104244 -0.320590 -0.725987 -0.025038 0.389957 0.647046 0.528159 -0.250240 0.503059 -0.201262 0.232191 0.398363 0.177954 0.261973 -0.051620 -0.585948 -0.201632 0.480227 0.278689 0.300045 -0.583368 0.612144 0.329013 0.992935 0.220210 -0.423540 -0.618098 -0.750203 -0.130727 1.011448 0.068734 0.119243 0.247977 0.804050 0.397552 0.250592 -0.270670 0.066184 -0.339832 0.842680 0.281006 0.891169 -0.074122 0.943147 -0.241171 0.321326 0.699277 0.093945 0.306690 0.548877 0.574645 0.302735 0.132233 -0.485488 0.664017 -0.046025 -0.504286 -0.065731 0.542278 0.087634 -0.156147 -0.134857 0.697179 0.076402 0.418516 0.138373 0.380509 1.251866 0.592557 -0.159749 -0.287187 0.265610 -0.018153 -0.543091 -0.395068 0.696188 0.440938 -0.364452 -1.039662 -0.485437 0.335259 0.231620 -0.491630 0.118610 -0.289704 -0.212959 -1.142547 -0.031453 0.310550 -0.082776 0.223598 -0.257882 -0.627412 0.036135 -0.293177 0.251695 -0.100161 0.287659 1.023646 -0.144737 -0.256790 -0.126776 -0.999325 -0.245120 0.340203 -0.101231 -0.036093 0.225760 0.514849 0.281715 -0.440264 -0.752749 0.343166 -0.009045 0.665876 0.132984 -0.593859 0.211908 -0.813541 0.380378 -0.072411 0.633965 -0.383752 0.039426 -0.339876 -0.049091 -0.316139 0.193500 -0.588063 0.546493 -0.215277 -0.031399 -0.127924 0.463977 -0.192555 -0.246503 -0.080768 -0.324601 0.274510 0.590327 -0.239402 0.004906 -0.222819 -0.125780 -0.598962 -0.129134 0.193631 -0.181735 0.381327 -0.062438 -0.154447 0.001208 0.066741 0.326374 -0.375717 -0.276104 0.070108 0.262600 0.575547 0.324110 -0.443704 -0.168391 0.334508 -0.058848 0.583681 0.080456 -0.407699 -0.016152 -0.063597 0.188753 0.633900 0.096005 -0.221941 -0.123926
boilers 0.065820 0.875584 0.020519 0.262883 0.581750 -0.289462 0.237156 0.084730 -1.063308 -0.650339 -0.198220 0.420679 -0.371591 -0.401950 0.014556 0.018001 -0.138052 0.905448 -0.269825 -0.988658 0.058343 -0.602133 0.171449 -0.443438 -0.772396 -0.457519 0.007681 0.314957 -0.741037 -0.546529 -0.174250 0.446455 0.287190 -0.267465 -0.204590 -0.299045 0.221757 0.444939 -0.139831 -0.092088 -0.215803 -0.166522 0.416828 0.578803 0.096781 0.078499 0.280075 0.990120 0.649761 0.864459 0.331902 -0.377477 -1.121493 -0.983283 -0.028556 0.777547 0.157424 0.099629 0.108094 0.491090 0.617647 0.028828 -0.273880 0.306033 -0.655707 0.829074 0.719215 0.963576 0.244234 0.645956 -0.365937 0.387707 0.841739 0.131548 0.559957 0.381374 0.614432 0.476541 -0.029654 -0.204797 0.148734 0.098603 -1.212913 -0.265741 0.463447 0.630261 0.240025 -0.841893 0.402040 -0.248862 0.380290 0.014798 0.352393 1.420043 0.622677 0.313032 -0.051773 0.562599 0.443668 -0.945723 -0.623422 0.646329 0.711381 0.059805 -1.017797 -0.567791 0.157495 0.110972 -0.696897 0.210889 -0.372227 0.124473 -0.834941 -0.169499 -0.157313 -0.270389 0.248979 0.369775 -0.193233 -0.176364 -0.219088 0.026209 -0.163323 0.171657 0.321042 0.093877 0.377492 -0.192727 -0.002608 -0.166702 0.632879 -0.433723 0.186182 0.089733 0.154975 0.282580 0.792080 -0.622257 0.442139 -0.090028 0.632017 -0.044808 -0.947886 0.435077 -0.532823 0.625734 -0.147624 0.867985 -0.389215 -0.044567 -0.089103 -0.704957 -0.371490 0.373972 -0.051181 0.596492 -0.232447 0.229941 -0.213169 0.002603 0.347990 -0.191481 -0.003240 0.019286 0.954257 0.596646 -0.438015 -0.713300 -0.064266 -0.118804 -0.044129 0.078333 -0.079179 0.110429 -0.022857 -0.058684 -0.516006 0.672057 0.571591 0.394805 -0.374067 0.111260 0.024995 0.289774 0.202606 0.741734 -0.606487 0.021577 0.623767 0.054094 0.873290 0.344742 -0.106127 -0.451103 -0.132016 0.481808 0.581786 -0.183727 -0.370108 -0.064544
boobies 0.179125 -0.155162 0.190697 0.060280 0.264585 0.080363 0.241561 0.237168 0.159437 -0.346803 -0.144739 -0.081996 -0.232327 -0.117477 0.006948 -0.370331 -0.010173 -0.053862 0.409299 -0.510731 0.320319 -0.365565 0.041739 0.054545 0.074722 -0.279742 0.106134 -0.366406 -0.296652 -0.003433 -0.011641 -0.136677 0.003326 0.218486 0.031291 0.003958 0.224405 0.170186 -0.157415 -0.258478 -0.296064 0.207721 0.220032 -0.176068 0.504478 0.206805 0.180431 0.015078 0.297351 0.055896 0.208507 -0.377694 -0.488721 -0.335360 -0.101797 0.301950 0.235953 -0.159526 -0.251918 -0.122569 -0.172570 -0.073285 -0.115126 -0.140240 -0.400837 0.370176 -0.074429 0.454826 -0.377831 0.666595 -0.138042 0.110916 0.587277 -0.027499 0.232694 0.090662 0.243571 -0.016570 -0.429473 -0.298448 -0.151518 -0.052577 -0.223025 0.064169 -0.126991 -0.052391 -0.034664 0.405628 -0.005628 -0.021398 0.097685 0.227939 0.135378 0.420603 0.402556 0.349777 0.280429 -0.099915 -0.071315 -0.172381 -0.339840 0.726707 -0.078991 -0.013398 -0.475997 -0.393912 0.133866 0.253758 -0.215738 -0.203037 -0.306319 -0.260570 -0.404016 0.015799 0.048606 0.208126 -0.090361 -0.252894 0.013825 -0.154690 -0.093368 0.289285 0.244967 -0.484945 0.115713 0.310452 -0.131163 -0.143650 0.009058 0.020953 -0.004183 0.048336 0.011463 -0.020259 0.116641 0.276095 -0.121938 -0.054939 -0.246455 -0.205488 0.120781 -0.168693 -0.275928 -0.067044 -0.358257 -0.060870 -0.403414 0.165344 -0.014752 -0.086419 -0.005925 -0.404871 0.038268 0.312653 -0.404396 0.487885 0.055616 0.260757 0.159817 0.156705 0.292175 -0.155519 0.144734 0.135936 0.163872 -0.195301 -0.052863 -0.303894 -0.179856 0.169289 -0.213639 0.222261 0.014964 -0.337792 0.033504 0.244676 -0.296452 0.099006 0.001498 0.019181 -0.177832 -0.078243 0.267909 0.026677 0.011065 0.219098 -0.149882 -0.055450 0.437479 0.252597 0.097673 -0.162441 -0.128555 -0.458720 -0.323622 0.036594 -0.077226 0.115453 0.106181 0.099659
campana 0.736128 0.050835 0.332873 0.181933 0.725911 -0.054729 -0.473199 0.050582 -0.112036 0.165655 -0.027606 -0.195453 0.056330 -0.626772 0.308534 -0.203057 -0.265163 -0.102669 0.333937 -0.455103 0.318088 -0.488113 -0.221613 -0.067758 -0.104099 -0.462169 0.130289 -0.021166 -0.574552 -0.235303 0.332175 0.359854 -0.247114 0.322513 0.135850 0.126710 0.002998 -0.156263 -0.138814 -0.446715 -0.117307 0.196316 0.034527 -0.033797 0.742093 -0.247837 0.099193 -0.163131 0.154202 0.225417 -0.268167 0.300383 -0.016812 -0.438415 -0.040381 -0.052278 0.185702 -0.382073 0.055820 -0.101214 -0.076913 0.357862 -0.196223 0.092583 -1.046212 0.162264 0.132199 0.292622 0.248575 0.371333 0.161235 -0.045995 0.454048 -0.040205 0.072119 0.080922 0.015860 -0.049226 -0.406575 -0.227676 -0.060786 -0.119816 -0.637999 0.307863 0.459831 -0.114809 0.018008 0.422935 0.346652 -0.365757 -0.025661 0.815199 -0.171281 0.456302 0.494433 0.804232 0.099704 -0.086885 -0.195506 -0.390515 -0.078811 0.604712 -0.089996 -0.101797 -0.223711 -0.698070 0.123527 -0.256031 0.040030 0.113695 -0.115307 -0.477555 -0.479713 0.137535 0.313591 -0.193604 0.627448 -0.429487 -0.036507 -0.545365 -0.623188 0.272721 0.679630 -0.100588 -0.190709 0.086255 -0.174752 0.441715 -0.233854 -0.473636 0.174446 -0.601543 0.031586 0.113054 0.006854 -0.040853 -0.067474 -0.333282 -0.698543 -0.342629 0.130130 -0.675571 -0.544583 -0.502542 0.161856 0.240826 -0.008958 -0.112742 0.562711 0.106607 0.288873 -0.477802 -0.436966 0.176413 -0.397131 0.557567 -0.185256 -0.062594 -0.081404 0.137944 0.206634 0.200925 -0.379328 -0.587285 0.365294 -0.006704 0.166342 -0.256688 -0.093449 -0.084515 -0.318158 0.496852 0.331581 -0.703772 -0.191277 0.090814 -0.691356 -0.169062 0.160709 0.388992 -0.060088 0.154010 0.409132 0.027271 0.010554 0.577503 -1.011397 0.209585 0.325769 -0.016809 -0.096296 0.133789 -0.147989 -0.279998 -0.333272 -0.118437 0.063180 -0.644264 0.037054 0.364329
cervantes 1.043239 -0.243774 0.697832 -0.085263 0.821891 -0.030747 0.098960 0.711679 0.483288 -0.011092 0.141494 -0.230467 -0.114361 0.231359 0.226701 -0.515159 0.315446 -0.094234 0.571165 -0.762804 0.459005 -0.283098 -0.315553 0.002506 0.332928 0.059590 0.190470 -0.386980 -0.679922 -0.439394 0.025083 -0.227986 -0.119121 0.285395 -0.308184 0.082380 0.129768 -0.344049 0.047650 -0.489894 -0.312330 -0.068534 0.052426 -0.328602 0.650028 0.207340 -0.161950 -0.084741 -0.108754 0.318225 -0.193710 -0.364327 -0.793306 -0.356528 0.317259 0.044699 0.667446 -0.487247 -0.315343 -0.218860 0.296550 0.290687 -0.260737 0.215617 -0.386625 0.032485 0.491439 0.528758 -0.328020 0.830306 -0.018112 -0.254863 0.487667 0.372248 0.149143 -0.006157 0.413535 -0.321617 -0.346725 -0.315341 0.295193 -0.087006 -0.471246 0.453853 -0.226732 0.002052 -0.409564 0.217228 0.003936 -0.033554 -0.149063 -0.294013 -0.460766 0.026135 0.075304 0.824210 0.237859 0.009336 0.229463 -0.322752 -0.150808 0.782173 -0.221324 0.206933 -0.195910 -1.151800 0.285122 0.357312 -0.046801 0.028223 -0.122271 -0.503020 -0.099599 0.384531 0.496059 -0.197364 -0.063483 -0.179432 0.288401 -0.318318 0.073853 0.211441 0.382200 -0.706311 -0.012925 0.427987 -0.277224 0.355093 -0.214028 -0.048867 0.267668 -0.161003 -0.551575 -0.075904 -0.179526 0.286112 -0.101367 -0.096458 -0.168493 -0.309202 0.323066 -0.251082 -0.143075 -1.013883 0.110923 -0.100996 -0.363321 -0.253632 0.005824 0.237645 0.228461 -0.740165 -0.400722 0.768880 -0.582487 1.052281 0.070076 0.618079 -0.219684 0.255541 -0.015364 -0.137591 -0.203592 -0.285457 0.647154 0.512686 0.278047 -0.913039 -0.061062 -0.102403 -0.537184 0.379619 0.264925 -0.780732 -0.167997 -0.514093 -0.463014 0.017566 0.259330 0.165306 0.030006 0.128360 0.196016 -0.529347 -0.065592 0.734557 0.175594 0.670285 0.711018 0.182339 -0.352188 -0.403980 0.306610 -0.284610 0.402388 0.097884 0.511761 0.135077 0.114114 0.693021
chronology 0.448438 -0.072775 0.084286 0.084756 0.621242 -0.469388 -0.335213 0.332639 0.089132 -0.169457 -0.220484 -0.143197 -0.234469 -0.451168 -0.032837 -0.448669 0.150383 -0.430887 0.238261 -0.784196 0.107025 -0.250754 -0.383478 0.010160 -0.275230 -0.164229 0.104227 -0.542927 -0.731874 -0.006999 -0.038146 0.415238 -0.504820 0.583729 0.339254 -0.131828 0.340516 -0.146208 -0.335695 -0.731175 -0.387423 -0.222297 -0.005838 -0.217678 -0.133582 -0.167616 0.008524 0.019117 0.057556 0.671056 -0.028595 -0.315347 -0.408357 -0.593063 -0.037651 0.195310 0.246811 -0.034558 -0.271091 -0.138882 0.044816 0.355301 -0.040829 -0.355638 -0.419430 0.121487 0.325703 1.048341 -0.461468 0.536726 -0.109609 -0.122123 0.731347 -0.676996 -0.209852 0.487211 0.522989 0.078041 -0.329734 -0.035210 -0.016446 -0.000695 -0.456103 0.274001 -0.532619 -0.523011 -0.063176 0.315853 0.266266 -0.142216 -0.249529 0.323821 -0.235149 0.726868 0.609819 0.764538 0.048743 -0.277490 -0.238324 0.004447 -0.427283 0.466172 -0.518206 0.240350 0.017068 -0.815866 0.738185 0.624092 0.230582 0.308820 -0.699709 -0.078906 -0.101957 -0.211885 -0.365308 0.130284 -0.436387 -0.184539 0.231770 -0.043622 -0.369489 0.608714 0.423945 -0.565889 0.098115 0.207709 0.030263 0.171790 -0.580660 0.075535 0.002344 -0.085892 0.441078 0.391102 0.223604 0.311698 -0.480153 -0.224447 -0.836344 -0.002309 0.197292 -0.371363 -0.732880 -0.646836 0.005455 0.081683 -0.259808 0.084987 -0.198686 -0.089382 -0.183289 -0.755361 0.014893 -0.018874 -0.297871 0.521163 -0.152854 0.481961 -0.271562 0.030118 0.187942 0.169246 -0.078840 -0.673522 0.060192 0.241933 -0.234405 -0.765163 -0.141092 -0.346349 -0.101010 0.652077 -0.134780 -0.199341 -0.471644 -0.060645 -0.161371 0.110620 -0.388689 -0.160679 -0.311367 0.138472 0.303776 -0.613752 -0.240035 0.572035 -0.459889 -0.288745 0.403032 -0.213080 0.300339 -0.503685 0.154984 -0.560894 -0.259043 0.075782 0.214766 -0.178407 -0.060914 0.031788
cistern -0.242030 0.415658 0.476032 0.252862 0.854743 0.088491 -0.315022 0.214276 -0.255926 -0.537140 0.021448 -0.108249 -0.378884 -0.161335 -0.290580 0.020768 -0.695204 -0.044576 0.281347 -0.661021 0.020425 -0.593398 0.605640 0.281376 0.007725 -0.531274 0.136473 -0.141447 -0.913296 -0.376213 -0.075672 0.129133 0.224724 -0.826671 0.350366 -0.184997 0.395358 0.411737 0.019319 -0.130194 0.060088 -0.194182 0.165018 0.880674 0.318730 -0.047750 -0.138319 0.370254 -0.127262 0.845812 0.164673 -0.167382 -0.470772 -0.473429 -0.074687 0.004972 0.003963 0.298250 0.196824 0.319104 0.352913 0.534503 -0.016477 0.053144 -0.747087 0.139013 0.239460 0.937167 0.015105 0.456862 -0.461092 -0.210077 0.408393 0.038604 0.759657 0.485650 0.232188 0.008489 -0.530780 -0.456801 0.063132 -0.260587 -0.490872 0.332014 0.071076 0.551743 0.205165 0.290077 0.083285 0.387066 -0.273996 0.041863 0.202672 0.996451 0.466791 0.109268 -0.207927 0.583520 -0.487537 -0.459336 -0.895650 0.725988 0.550681 -0.436191 -0.643712 -0.384003 0.428164 0.341377 -0.136523 0.118729 -0.094408 -0.226514 -0.519358 0.294067 -0.113803 -0.234787 0.344016 -0.254452 -0.131001 -0.139007 -0.530420 0.502022 0.029791 0.451458 0.604063 -0.146662 -0.343346 -0.190564 -0.623239 -0.432911 0.414383 0.301692 0.207242 0.612029 0.165066 0.675613 -0.159182 -0.009048 0.179568 0.050870 0.521001 0.040574 -0.909986 0.263741 -0.762896 0.167280 0.233593 0.619186 -0.033243 -0.283518 0.004197 -0.337233 -0.490550 0.258493 -1.373924 0.661313 0.086249 -0.104505 0.034863 0.178437 0.082747 0.230524 0.086779 -0.017636 0.374175 0.231597 -0.185669 0.885085 -0.449885 -0.246865 -0.338672 0.297524 0.379247 -0.286119 0.107711 -0.527272 -0.816586 0.207694 0.296231 0.543636 -0.359458 -0.037923 -0.149735 -0.033629 0.471546 0.672869 -0.757209 0.067813 0.307019 0.002173 0.601138 -0.001783 -0.743787 -0.080999 -0.272601 0.005769 0.028174 0.186141 -0.523786 -0.001908
classic 0.833796 0.274990 0.249775 0.059651 0.230186 0.003318 -0.376500 0.439861 0.400017 0.114514 -0.598885 0.246843 -0.432014 -0.244214 -0.441630 -0.558977 0.063824 0.468850 0.637976 -0.660019 0.118842 0.200744 -0.583036 -0.783606 -0.235143 -0.194299 0.255383 -0.578843 -0.727521 0.179870 0.015993 0.133980 -0.377274 0.297364 0.468991 0.248130 0.499333 0.106429 -0.493396 -1.315185 -0.255627 -0.127341 0.227875 0.001459 0.297824 0.297344 -0.297839 -0.018710 0.250520 0.075353 -0.432462 0.064849 -0.225004 -0.704933 0.311888 -0.030880 0.155478 -0.602092 0.018597 -0.546688 -0.066254 0.009581 0.267266 -0.223780 -0.762442 0.255722 0.266919 1.019383 0.000811 0.766628 -0.272312 -0.087349 0.483802 -0.780812 -0.311962 0.413713 0.452911 -0.251633 -0.802303 -0.140164 0.061331 0.038008 -0.413875 -0.011355 0.142114 -0.566138 -0.307321 0.642633 0.184258 0.315199 0.009006 0.032858 0.328461 0.598321 0.907964 0.734100 -0.117836 -0.398010 -0.159772 -0.086366 -0.611196 0.309572 -0.414916 0.399017 -0.241212 -0.439307 0.336781 0.409690 -0.016591 0.150074 -0.335395 -0.408204 -0.305057 0.258873 0.217619 -0.121703 0.247955 -0.486366 -0.376264 0.024955 -0.389459 0.024340 0.691900 -0.670496 0.602729 0.261240 0.280372 0.944671 -0.611551 0.397918 0.341708 -0.426885 0.021728 0.031219 0.149823 -0.037962 0.002507 -0.338591 -0.407001 0.135861 0.526161 -0.626902 -0.212344 -0.365413 -0.283028 -0.024879 -0.395054 -0.346418 -0.252567 -0.358502 0.122779 -0.894849 -0.031659 -0.236439 -0.261127 0.690545 0.799867 0.165223 -0.393421 0.544291 0.327423 -0.083965 -0.080774 0.082800 0.533678 0.008714 -0.126997 -0.372923 0.035859 -0.083433 -0.297752 0.379943 0.086388 -0.695612 0.069765 0.438560 -0.442012 -0.103708 -0.026776 0.061583 -0.040379 0.034995 -0.003403 -0.422524 0.326420 0.346078 -0.407805 0.202401 0.520252 -0.224591 -0.096649 0.124366 0.032851 -0.476544 -0.006394 -0.137233 0.454859 -0.534009 0.272897 0.882351
cleves 0.294946 -0.009872 0.065282 0.042027 0.288530 -0.112395 -0.039534 0.229781 -0.127836 0.069405 -0.094960 -0.210711 -0.121481 0.198917 0.175592 -0.041568 -0.171377 0.004620 0.212711 -0.483117 0.308903 -0.092526 -0.103623 0.021701 0.072881 -0.207269 0.227745 -0.280750 -0.436803 -0.137287 0.187046 0.018517 -0.089638 0.061912 0.180978 -0.081677 0.076063 -0.008158 -0.057143 -0.256142 0.003114 0.139806 0.189449 0.067179 0.515495 0.130894 -0.112525 -0.153199 -0.007377 0.218404 -0.110514 -0.160368 -0.352295 -0.221171 0.207907 0.035334 0.217846 -0.253022 -0.404371 -0.122037 -0.124991 0.323437 0.104545 0.155460 -0.535467 0.088105 -0.105435 0.248565 -0.051983 0.368540 0.067533 0.258902 0.485195 0.007748 0.132706 0.096148 -0.150535 0.068411 -0.338183 -0.200318 -0.168243 -0.008963 -0.388268 0.131989 -0.056025 0.020666 -0.040166 0.454586 -0.073554 0.102206 -0.129547 0.217237 -0.160943 0.148045 0.394528 0.408912 0.125460 -0.020108 0.032421 -0.306434 -0.175910 0.353669 -0.032310 -0.092159 -0.202675 -0.638828 -0.207393 0.105097 -0.162406 -0.328046 -0.152304 -0.351829 -0.195297 -0.015889 0.171652 -0.086441 -0.047595 -0.198645 -0.093200 -0.220169 -0.103925 0.234399 0.161511 -0.348060 0.270939 0.267466 -0.044589 0.172522 -0.174343 -0.172177 0.021485 -0.249438 -0.153462 0.001347 -0.096746 0.172351 0.150282 -0.057555 -0.109614 -0.236825 0.250898 -0.317782 -0.473330 -0.163735 -0.111319 -0.012738 -0.121736 0.107151 0.215512 0.115334 0.107659 -0.362962 -0.203227 0.185813 -0.176984 0.283683 -0.042147 0.132295 -0.215581 0.097386 0.210851 -0.039731 -0.157364 -0.064366 0.324860 0.058291 -0.013998 -0.120164 0.008237 0.126371 -0.068757 0.157915 0.208962 -0.087779 -0.022675 0.088444 -0.334357 -0.151370 0.041474 0.173033 -0.118848 -0.214865 0.267349 -0.025364 0.037996 0.235451 -0.157668 -0.045320 0.305567 0.054303 0.050039 -0.099285 0.140973 -0.123191 -0.139541 -0.122548 0.191870 -0.159584 0.031266 0.036912
colossians 0.168859 -0.060233 0.205746 0.025235 0.182702 -0.110008 -0.060214 0.121525 0.024931 0.241764 0.053269 0.034226 -0.049961 -0.083527 0.129640 -0.231540 -0.033310 -0.042526 0.199049 -0.359991 0.101041 -0.125010 -0.183914 -0.295896 -0.186647 -0.058161 0.278467 0.001621 -0.310994 -0.034654 0.122711 -0.052447 -0.123743 0.024912 0.042587 -0.083435 0.059523 0.220172 -0.362431 -0.137824 -0.248069 0.032845 -0.058451 0.102289 0.334582 -0.148030 -0.323479 -0.056122 -0.037439 0.207929 0.109660 -0.028660 -0.057163 -0.231828 -0.106876 -0.108333 0.253352 -0.132220 -0.093840 0.035106 -0.172670 -0.018950 0.072726 -0.059485 -0.369085 0.123177 0.067280 0.570887 -0.219201 0.337403 -0.103655 0.104849 0.243171 -0.292099 -0.365262 0.272343 0.333397 -0.157490 -0.299290 -0.207964 0.168099 -0.084557 -0.219865 0.311685 -0.280506 0.042612 0.019372 0.052591 0.110977 -0.340740 -0.110613 0.148779 0.093511 0.022878 0.301573 0.379894 -0.029755 -0.115705 -0.021172 -0.273881 -0.200757 0.402848 0.089017 -0.126629 -0.056875 -0.407517 0.167447 0.429123 -0.384492 -0.099882 0.008917 -0.137386 0.061842 -0.030332 -0.065642 -0.163930 0.194062 -0.045535 0.002713 -0.283369 -0.079202 0.395589 0.103963 -0.411891 0.259252 0.242365 -0.024253 0.017586 -0.035883 0.050252 0.159665 -0.284268 0.175804 -0.302939 0.051795 0.107869 -0.113951 -0.171312 -0.085159 -0.093101 0.105567 -0.174237 -0.090449 -0.314096 -0.335160 -0.183353 -0.146615 0.101388 -0.081415 0.094196 -0.004421 -0.001619 -0.280807 0.097923 -0.004057 0.454826 0.278669 0.309903 -0.057267 0.150955 0.130569 0.342889 0.273803 -0.201732 -0.205526 -0.145610 -0.203971 -0.055120 -0.064209 -0.030828 -0.211934 0.211106 -0.003586 -0.166930 -0.010342 -0.068963 -0.173375 0.044436 -0.071815 0.030307 -0.010516 -0.006071 -0.080157 0.099253 0.256584 0.120596 0.056524 0.008642 0.281855 0.076441 0.279639 -0.058829 -0.026442 -0.194190 0.248305 -0.041394 -0.150106 -0.015810 -0.240337 -0.012283
companies 0.134858 0.254620 0.108886 0.229623 0.584690 -0.331790 -0.077104 -0.004892 -0.183695 0.040994 -1.207718 -0.435862 0.114252 0.240149 0.237818 -0.555383 -0.142025 -0.331830 0.197373 -0.527787 0.043877 -0.401399 0.010892 0.000277 -0.382074 -0.338850 0.676117 -0.116891 -0.870061 -0.619239 0.449207 -0.117785 0.114212 -0.062908 0.545522 -0.125773 0.251230 0.155241 0.170366 -0.166878 -0.187037 0.149311 0.494507 0.362194 0.437862 0.562299 0.416923 -0.200137 0.483317 0.431053 -0.203468 -0.538265 -1.306725 -0.113977 0.526353 -0.446486 -0.528075 -0.875743 0.197747 -0.365272 0.127104 0.740007 -0.113143 0.037277 -0.365497 0.155409 0.101557 0.280612 0.210610 0.372364 0.091422 -0.317726 0.404655 -0.484628 -0.046832 0.483165 -0.421229 -0.111626 -0.311043 -0.531011 -0.022988 -0.185905 -0.144101 0.830584 0.453408 -0.028770 0.473047 0.208376 -0.146695 -0.393080 -0.048673 0.500976 -0.386476 0.475663 -0.015198 0.818493 0.174359 0.292389 0.103011 -0.584355 -0.068626 0.675578 0.367417 -0.288633 -0.556052 -0.457326 0.390067 0.393882 -0.372424 -0.017004 0.160382 0.092582 -0.314095 -0.232332 -0.115051 0.186528 -0.217887 -0.063026 0.276381 -0.368220 -0.011112 0.426642 0.181374 -0.683528 1.054984 0.410853 0.180875 -0.589875 0.243434 0.208545 -0.700832 -0.613304 -0.018902 -0.026286 0.090927 0.709468 0.150030 -0.233775 0.021181 -0.020490 0.322725 -0.237937 -0.560445 0.107034 -0.350872 -0.461464 0.229999 0.737729 -0.136805 -0.258079 -0.077532 -0.285525 0.166736 -0.110880 -1.011248 0.956697 0.146823 -0.337599 -0.317807 0.012878 0.328786 0.074303 0.384692 0.567975 0.200060 -0.021808 -0.530809 -0.413956 0.808882 -0.255036 -0.423315 -0.091591 0.110017 -0.551299 0.010507 0.262787 0.169604 0.469147 -0.315415 0.499061 0.158404 0.488235 -0.096166 0.276632 0.468002 -0.018187 -0.302421 -0.072885 0.019739 0.218591 0.706241 0.018309 -0.125584 0.250969 -0.624305 0.296637 -0.011648 -0.056479 0.151445 -0.238279
company 0.110013 -0.224779 -0.240997 0.159201 0.356486 -0.912176 -0.131989 0.079065 -0.356653 -0.238892 -1.211179 -0.434248 -0.275079 -0.264220 0.460606 -0.374807 -0.386613 0.332748 -0.187606 -0.660683 -0.307067 -0.383807 -0.096450 0.003695 -0.200733 -0.499874 0.777125 0.138798 -0.552264 -0.038412 1.119194 -0.139095 0.283848 -0.202925 0.543270 0.191559 0.289786 -0.203559 -0.426126 0.126868 0.224162 0.096066 0.311988 0.318074 0.661277 0.487148 -0.132802 0.325316 0.068396 0.188034 -0.049794 -0.208603 -1.064609 0.019601 0.260205 -0.001129 0.061209 -0.566792 -0.152473 -0.546007 0.266037 0.603736 -0.477992 0.060378 -0.191200 0.216382 -0.177685 -0.044914 0.038601 0.243356 0.308988 -0.232039 0.071002 0.073967 0.587888 0.272351 -0.163688 -0.513206 0.242432 -0.017053 -0.004996 -0.033388 -0.087307 0.554095 0.469655 0.052110 0.205565 0.263698 0.477047 -0.494999 0.106999 0.230486 -0.162345 0.318298 0.534134 0.905353 -0.100365 0.386311 -0.648990 -0.820087 -0.243263 0.866005 0.241310 -0.839767 -0.484710 -0.429103 0.480889 0.255798 -0.105070 -0.019984 -0.492951 0.480874 -0.162302 -0.036527 -0.210118 0.314728 0.379192 -0.499180 0.267579 -0.273404 -0.059060 0.315133 0.687097 -0.817623 1.100798 0.415706 -0.004126 -0.111831 -0.266872 0.120728 -0.601513 -0.303837 -0.025428 -0.429919 0.247582 0.668749 -0.103665 -0.095089 0.310043 -0.137391 0.362941 -0.521668 0.129743 -0.403165 -0.305007 -0.690018 0.217824 0.471987 0.074229 -0.429837 -0.558718 0.214170 0.200288 -0.279105 -0.460705 0.890281 -0.026823 -0.097116 -0.149669 0.491493 0.044765 0.325989 -0.112391 0.128826 -0.495096 0.180572 -0.308380 -0.392758 0.415635 -0.445646 -0.254895 0.341318 0.472069 -0.246394 -0.074321 0.049657 0.458209 0.462952 -0.006415 0.690602 -0.011817 0.115435 -0.273941 -0.170260 0.067157 0.458886 -0.546305 -0.119675 0.149601 0.205127 -0.293430 -0.042233 -0.232320 -0.305901 -0.284224 -0.002040 -0.061840 0.415213 0.242781 -0.278359
composer 0.875590 0.305074 0.378830 -0.198537 0.829831 0.284149 -0.361732 0.506415 0.387188 -0.021950 -0.225880 -0.044049 -0.150883 -0.340199 0.287263 -0.456142 -0.041410 -0.253422 0.209283 -0.243501 0.164422 -0.446087 -0.029798 -0.633776 0.165155 -0.266725 0.330551 -0.355831 -0.935744 0.131718 0.303157 -0.211461 0.134455 0.429498 -0.181638 0.494305 0.193406 -0.567775 -0.238974 -0.290241 0.204691 -0.087666 0.210006 0.366551 0.589122 0.068941 -0.100838 -0.566435 0.456064 0.154199 -0.053119 -0.758400 -0.743494 -0.120491 -0.070304 -0.386912 0.206797 -0.535529 0.004245 -0.161592 0.202970 0.509310 0.653136 0.335936 -0.692996 0.023049 0.530522 0.495652 -0.504076 0.715326 -0.085731 0.300608 0.559896 0.237258 0.345180 0.517961 0.375742 -0.183749 -0.899186 -0.853929 -0.378689 -0.651227 -0.358171 0.474629 -0.462065 -0.033366 0.058869 0.428273 -0.052175 0.045026 -0.055379 0.007864 -0.092431 0.389523 0.751275 1.258853 0.539527 -0.368281 -0.238546 -0.861647 -0.148133 1.128962 0.565667 0.071348 0.594959 -0.560305 -0.140377 -0.054560 -0.239606 -0.413207 -0.346347 -0.534039 -0.426419 0.322241 0.410705 -0.486174 0.411930 -0.393757 -0.383761 -0.481320 -0.087361 0.237698 1.216877 -0.415324 0.857144 -0.067932 -0.033569 0.565698 -0.881538 -0.394332 0.053924 -0.307327 0.140450 0.208992 0.130950 0.498701 -0.323559 -0.095193 -0.461976 -0.269515 0.093978 -0.387233 -0.873011 0.004827 0.095173 0.809048 0.147688 -0.100624 0.263580 0.537470 0.043467 -0.331071 -0.179304 -0.423024 0.635650 0.251191 0.073715 0.098900 0.235799 0.213714 0.573862 -0.195853 0.010652 -0.283878 0.329302 -0.095180 -0.001277 -0.390881 0.145263 -0.353519 -0.627485 0.155045 0.198389 -0.436937 -0.126884 0.100451 -0.284702 -0.075360 -0.096570 0.608563 -0.256656 0.188969 -0.072413 -0.183219 0.137332 0.359421 -0.089919 -0.123145 0.511530 0.107538 -0.105882 0.119848 -0.016255 -0.296009 0.039216 0.163208 0.506100 -0.324153 0.310722 0.722418
condenser 0.103074 0.341086 0.478636 0.341984 0.404470 -0.050281 0.197638 0.401164 -0.327010 -1.008411 -0.433166 0.263378 -0.335602 -0.200941 -0.095623 -0.316540 -0.566817 0.084989 0.013012 -0.339048 0.205680 -0.501044 0.133248 -0.444179 0.035888 -0.564115 -0.058754 -0.569709 -0.586589 -0.282057 0.029168 0.004972 -0.092561 -0.374769 0.423098 0.044802 0.614889 0.082988 0.065001 -0.753158 -0.027264 -0.141346 0.396468 0.539827 0.662050 0.365712 -0.133627 0.572706 0.369665 0.991753 0.329707 0.047153 -0.888321 -0.290972 -0.128403 0.067758 -0.149438 -0.046106 -0.184511 0.785053 0.677644 0.630842 -0.257035 0.151789 -0.751486 -0.324549 0.246144 1.198647 -0.124306 0.796759 -0.119804 0.263894 0.333453 0.067611 0.341644 0.150167 -0.030324 0.059701 -0.349093 -0.222965 0.441269 -0.046049 -0.689818 0.620124 0.479247 0.187821 -0.207930 0.143901 -0.095844 -0.263873 0.458717 0.149545 0.378455 0.764599 0.243022 0.259150 -0.248524 0.470188 0.090372 -0.591735 -0.550402 0.818969 0.378048 -0.750972 -0.545775 -0.324753 0.382479 0.318940 -0.513533 0.151063 -0.277215 -0.253954 -0.768596 -0.167323 -0.208476 0.234083 0.069775 -0.653631 0.183069 -0.412177 -0.142970 0.890497 0.360090 0.255005 0.568039 -0.062106 -0.476713 -0.250259 -0.658647 -0.424832 0.472086 -0.473272 0.024632 0.209849 0.541346 0.229965 -0.287607 -0.219868 -0.179999 0.006224 0.861750 -0.096441 -0.930431 -0.046451 -0.434976 0.543286 0.031582 1.000803 -0.586703 -0.150087 -0.136845 -0.218952 -0.349317 -0.003563 -0.357762 0.547537 -0.100822 -0.002209 -0.149741 0.238384 0.109413 -0.067329 -0.456100 -0.272997 0.070638 0.440411 -0.187347 -0.364151 0.006827 -0.018002 -0.440397 0.280876 0.376126 -0.372771 -0.061915 0.095764 -0.580194 -0.036046 0.190223 0.290121 0.129338 0.372903 0.080105 0.198288 -0.374364 1.074885 -0.269617 -0.212081 -0.099706 -0.069863 0.350195 -0.093380 -0.461495 0.215982 -0.338291 -0.031711 0.757427 0.435553 -0.362008 0.082779
contemporaneous 0.663074 0.299589 0.467056 0.213741 0.472837 -0.754301 -0.209033 -0.061809 0.534652 0.260856 -0.214059 -0.044855 0.019597 -0.329114 -0.021662 -0.357891 -0.156987 -0.243256 0.208572 -0.267395 0.214148 -0.479406 -0.439861 0.014960 -0.625470 -0.444177 -0.177608 -0.413127 -0.688897 -0.021263 0.358280 0.036258 -0.179802 0.710163 -0.319208 -0.169052 0.714065 0.060072 -0.033412 -0.442072 -0.470435 -0.243511 -0.268039 0.214239 0.457032 0.126632 0.125263 -0.314754 0.231550 0.273927 0.013432 -0.379630 -0.431743 -0.831690 0.473289 -0.325664 0.059251 -0.467061 0.003851 -0.178077 0.253148 0.889116 -0.103237 -0.090797 -0.469684 0.090212 0.201253 1.262780 -0.317860 0.480327 -0.409287 0.000928 0.343193 -0.492352 -0.536289 0.207163 0.391190 -0.177061 0.219339 -0.096610 0.214528 0.218207 -0.994695 0.059778 -0.303585 -0.324561 -0.156635 0.500021 0.219768 0.072389 0.375943 0.720211 0.700830 0.419352 0.660586 0.734563 0.221422 -0.614879 -0.200248 -0.217185 -0.162972 0.903288 0.006287 -0.220693 -0.128495 -0.315350 0.235279 0.801363 -0.190631 0.219138 -0.438899 -0.377509 0.043669 -0.203983 0.203289 -0.018811 0.249884 -0.272380 0.031034 -0.634634 -0.312855 0.657104 0.462675 -0.513430 0.210223 0.152349 0.073652 -0.307319 -0.208711 0.263903 -0.384948 -0.465700 -0.021686 -0.084229 0.220991 0.226934 -0.408124 0.152123 -0.200884 -0.495379 0.581406 -0.266891 -0.952617 -0.358731 -0.479302 0.077662 -0.295055 0.222878 -0.050273 -0.422048 -0.195475 -0.532836 -0.439165 0.232612 -0.295830 0.506849 0.282500 0.380689 0.006452 0.323074 0.566785 -0.028657 -0.626245 -0.895219 0.218315 0.038399 -0.073154 -0.083865 -0.277403 -0.293707 -0.514240 0.752135 0.142519 -0.261690 -0.439969 0.068658 -0.428080 0.430394 0.072340 0.384602 -0.126634 -0.381729 0.207275 -0.192839 -0.030226 0.208468 -0.466365 -0.149177 0.357400 -0.143815 0.328173 -0.633840 0.164683 -0.806938 -0.207457 0.206703 0.098409 -0.228359 -0.004385 0.559031
corinthians 0.602026 0.069901 0.503632 0.158159 0.332755 -0.161889 0.209615 0.510135 -0.043271 0.409520 -0.165591 0.235075 0.101707 -0.258316 0.354334 -0.240082 0.040867 0.213369 0.265055 -0.226281 0.373958 0.085382 -0.378349 -0.356239 -0.045139 0.140052 0.489187 -0.097497 -0.966345 -0.359669 0.353431 -0.168849 0.070207 0.058206 -0.057747 0.099510 0.602236 0.084256 -0.473932 0.067897 -0.544818 -0.229584 0.481612 0.386954 0.722019 -0.473885 -0.397225 -0.259525 -0.045340 0.269550 -0.091038 0.152287 -0.114586 -0.309664 0.294718 -0.282452 0.638550 -0.379482 0.172016 0.429826 -0.118513 -0.113632 0.376871 -0.195271 -0.959153 0.376930 0.035832 1.273823 -0.541076 0.488230 -0.474224 0.658244 0.450408 -0.907905 -0.858818 0.608428 0.449651 -0.720828 -1.078980 -0.546331 0.766022 -0.307402 -0.343515 0.257026 -0.303303 -0.095232 -0.032441 0.504303 0.127794 -0.573452 -0.038680 0.294402 -0.119723 0.057093 0.835723 0.749811 -0.074459 -0.457944 0.558776 -0.543975 -0.582474 0.654451 0.079763 -0.164055 -0.181055 -0.233312 0.536961 0.782368 -0.397710 0.120611 -0.128999 -0.205106 0.516762 0.229273 -0.202666 -0.180890 0.226390 -0.468320 0.120301 -0.292751 -0.482680 0.817592 0.004849 -0.716374 0.272128 0.540196 -0.310282 0.080971 -0.270753 0.157423 0.166881 -0.595016 0.220653 -0.433812 0.185136 0.240878 -0.128917 -0.606899 0.068996 0.045206 0.347235 -0.232913 -0.276193 -0.601708 -0.774368 -0.151431 -0.120693 0.263047 -0.250086 0.231381 0.086318 -0.081001 -0.422221 0.464390 -0.100483 0.793172 0.670011 0.287425 0.012339 0.646699 0.470236 -0.040883 0.368598 -0.202731 -0.107390 -0.033285 -0.111327 -0.265902 -0.274088 -0.052131 0.019575 0.451079 -0.386294 -0.400162 0.068919 0.134916 -0.770517 -0.129293 -0.079816 -0.037920 -0.137228 0.160465 -0.161230 0.116546 0.826583 0.479372 0.594999 -0.274529 0.308063 -0.102028 0.763291 -0.102373 -0.415026 -0.777435 0.370813 -0.034781 -0.290771 0.268565 -0.131849 0.401598
cylinder 0.196452 0.009505 0.698592 -0.208154 1.193063 -0.317825 0.307704 0.268575 -0.598457 -0.409650 -0.445578 -0.036341 -0.253879 -0.236905 -0.424933 -0.246427 -0.532172 0.183384 0.357730 -0.427998 0.587524 -0.586245 -0.022705 -0.230352 -0.508591 -0.437310 0.328595 -0.072516 -0.778375 0.256604 0.289617 -0.141603 0.114362 -0.301059 0.455672 -0.062530 0.161273 -0.023900 -0.199293 -0.636843 0.051031 -0.763512 0.427113 0.899203 0.493993 0.775876 -0.409063 0.773200 0.226206 0.909053 0.132528 0.186379 -0.662570 0.145213 0.107884 -0.110270 -0.530436 0.155528 0.048009 0.848972 0.627594 0.526167 0.213448 -0.331495 -0.181161 0.192375 0.405448 0.993309 -0.442615 0.730720 -0.637273 0.188744 0.468767 0.006871 0.570853 0.376086 0.479724 0.193257 -0.220112 -0.524857 0.239214 0.059672 -0.427077 0.615122 0.629125 0.326965 0.140790 -0.366008 -0.058337 -0.462339 0.329381 0.163785 0.378544 1.009567 0.331634 0.370601 -0.400897 0.138417 0.416536 -0.314759 -0.883969 0.509489 0.245935 -0.413203 -0.607570 0.057997 0.441411 -0.093495 -0.457869 0.471625 -0.648643 -0.306660 -0.848039 0.261244 -0.059214 -0.379039 0.165195 -0.452695 0.034091 -0.135717 -0.197851 0.751408 0.221342 0.244471 0.826989 -0.167870 -0.562556 -0.110104 -0.586011 -0.527924 0.852727 -0.247633 0.118119 0.544676 0.585479 0.320138 0.039568 -1.026996 -0.199886 0.091132 0.826623 -0.172907 -0.357804 -0.062931 -0.614504 0.493851 0.461077 0.924660 -0.678407 -0.099953 0.070551 -0.304564 0.239003 0.207711 -0.421243 0.883641 0.016513 0.167513 0.242130 -0.061661 0.609351 -0.648537 -0.303848 -0.713981 -0.119502 0.522901 -0.050142 -0.126223 -0.284428 -0.018474 -0.896620 0.650504 -0.086171 -0.072410 0.061274 0.330600 -0.282325 0.176480 0.386207 0.363520 0.072310 0.363426 0.116605 0.166127 -0.022515 1.096223 -0.628388 -0.011298 0.459783 -0.050634 0.379874 0.237578 -0.326086 0.060664 -0.422088 -0.404759 0.353058 0.458163 0.352330 -0.340637
delineates 0.507529 0.027738 0.248472 0.068798 0.397725 -0.077204 0.095417 0.498185 0.174761 -0.021244 -0.118507 -0.058258 -0.010081 -0.012178 0.084516 -0.346290 -0.014480 -0.407487 0.379831 -0.483998 0.358273 -0.253716 -0.474659 -0.233344 -0.178726 -0.175393 0.274533 -0.493981 -0.693171 -0.167231 -0.200833 0.082445 0.043993 0.289587 0.071006 -0.131105 0.006904 -0.093402 -0.281387 -0.368688 0.011426 -0.322427 -0.086042 0.196356 0.520616 0.310569 0.110944 -0.417771 0.038628 0.126759 0.025430 -0.213044 -0.271095 -0.414233 -0.011707 -0.021053 0.530956 -0.357028 -0.175112 -0.056771 -0.083521 0.089211 -0.191892 -0.138907 -0.353825 0.062277 0.356880 0.816995 -0.564851 0.541092 -0.036885 -0.010478 0.458666 -0.227275 0.024138 0.416893 0.193283 0.035627 -0.362642 -0.382769 0.098458 -0.093766 -0.036642 0.180604 -0.038484 -0.442322 -0.033675 0.108007 0.176971 -0.329969 0.041219 0.132690 0.257900 0.147514 0.486614 0.506944 -0.052664 -0.331284 -0.012785 -0.340802 -0.670778 0.536227 0.317774 0.182092 -0.000096 -0.562287 0.230246 0.801228 -0.216015 -0.099519 -0.182215 -0.243109 -0.211184 0.247559 0.130896 -0.214819 0.075171 -0.285868 0.024372 0.118521 -0.074361 0.357768 0.198003 -0.292372 0.215301 0.288646 0.157708 0.348582 -0.566160 0.092211 0.012629 0.067162 -0.041728 -0.067431 0.355245 0.155750 -0.292140 -0.029856 -0.295538 -0.042150 0.453355 -0.395978 -0.546970 -0.231214 -0.117763 0.070512 0.018913 0.033223 -0.014298 -0.124040 -0.042697 -0.373060 -0.538246 0.177603 -0.503256 0.421620 0.126837 0.537331 0.015235 0.459316 -0.032878 -0.120617 0.080969 -0.261981 0.113584 0.029020 -0.111218 -0.343979 -0.049637 0.073951 -0.176900 0.190313 0.355721 -0.445345 -0.071837 0.033468 -0.112878 -0.092230 0.003795 -0.208519 -0.049785 -0.332170 -0.028107 -0.170815 -0.159816 0.395150 -0.500601 0.053760 0.445963 0.118577 -0.141959 -0.405396 -0.036117 -0.348628 -0.323600 0.158264 0.005603 -0.310452 0.270338 0.225891
delle 0.736250 -0.115878 0.272628 0.423899 0.553887 -0.233501 0.130764 -0.022655 -0.001242 -0.128903 0.423919 -0.187543 -0.115498 -0.295532 0.338501 -0.389970 -0.234180 0.205835 0.058916 -0.356728 0.655936 -0.166743 -0.072331 -0.427170 0.426457 -0.741862 0.676926 0.147131 -0.474255 -0.462734 0.430123 0.052894 -0.051639 0.442553 -0.086882 0.050843 0.313458 -0.438544 -0.241113 -0.396552 -0.085751 0.085426 0.559141 0.182004 0.170745 0.279899 0.152570 -0.244021 0.078437 0.386446 -0.110665 0.078203 -0.092439 0.437435 -0.045380 -0.072245 0.536183 -0.314300 0.243077 0.016762 -0.135969 0.502611 0.288554 -0.011834 -0.661213 -0.131593 0.113550 0.124448 -0.585534 0.143510 -0.033233 0.501299 -0.008405 -0.342473 0.296624 -0.026067 0.179340 -0.216457 -0.428174 -0.457245 0.167204 -0.058177 -0.508815 0.395483 -0.145962 0.203785 -0.027091 0.213300 0.292120 -0.135179 -0.273918 0.677666 -0.194810 0.164055 0.283252 0.499743 0.269737 -0.193364 0.324964 -0.124716 0.011878 0.362401 -0.133837 0.079621 -0.068875 -0.670437 0.301835 -0.088957 0.060413 -0.668220 -0.449949 0.036267 -0.423712 0.238004 0.166192 -0.270305 0.273658 -0.636421 -0.141202 -0.344702 -0.939218 0.458851 0.872535 -0.457777 0.589044 0.436504 -0.184583 0.145263 -0.026140 -0.505053 0.478826 -0.047854 -0.251273 -0.172679 -0.061507 -0.364925 -0.192599 -0.035858 -0.660743 -0.665424 0.441682 -0.400292 -0.250003 -0.483063 -0.029552 0.144434 -0.294415 -0.301355 0.571779 0.292695 0.117296 -0.378437 -0.457090 -0.069023 -0.335739 0.199198 -0.093253 -0.236263 -0.122041 0.333689 0.074995 -0.077842 -0.397279 -0.324227 0.177216 -0.396040 0.117915 -0.425307 0.075645 -0.134713 -0.439263 0.093392 0.219269 -0.032535 -0.098960 -0.074554 -0.406069 -0.193008 -0.227468 0.156208 0.097563 0.539752 0.336297 0.062507 -0.264523 -0.112914 -0.689872 0.309774 0.156729 0.155645 0.051796 0.121855 -0.047512 -0.422097 -0.133099 -0.131220 0.028455 -0.191451 0.167534 0.074626
derivations 0.440248 0.153732 0.044234 0.044301 0.246274 0.023294 -0.180512 0.326588 0.176898 -0.082858 -0.137133 -0.168047 0.049708 0.138129 -0.055209 -0.356594 -0.132701 -0.157395 0.308350 -0.199750 0.107119 -0.293555 -0.348372 -0.131564 -0.165077 -0.225182 -0.060915 -0.261260 -0.413982 0.078551 0.009848 0.098291 -0.027689 0.121351 0.039891 -0.059023 0.245954 0.128847 -0.241183 -0.269803 -0.231261 -0.158538 0.066108 0.181007 0.120925 0.136696 -0.116547 0.036477 0.012200 0.268742 -0.082097 -0.263443 -0.264144 -0.218563 0.078890 -0.039518 0.170678 0.075620 0.048623 0.123050 -0.074856 0.264229 0.147493 -0.159260 -0.316701 0.238906 -0.072935 0.581107 -0.231576 0.002524 -0.145139 -0.236789 0.365185 -0.296068 0.048700 0.330841 0.230347 0.008333 -0.256908 -0.182319 0.041637 -0.087804 -0.386726 0.198601 0.060130 -0.202062 -0.150152 0.186159 0.147912 -0.074423 0.005204 -0.005043 -0.090916 0.248675 0.151141 0.501169 0.154106 -0.041282 0.004185 -0.300836 -0.238777 0.350947 0.016154 0.027972 -0.128240 -0.526971 0.294846 0.307223 -0.171608 0.076919 -0.096163 -0.128042 -0.053066 -0.066029 -0.093463 0.116360 -0.064633 -0.144029 -0.022578 -0.016137 0.013985 0.371766 0.338559 -0.260676 0.032147 0.276137 0.024346 0.027277 -0.266775 0.096038 -0.082492 -0.184457 0.207832 0.126621 -0.043489 0.247912 0.020923 -0.183168 -0.256266 0.017426 0.257500 -0.204660 -0.255684 -0.073571 0.080434 0.169915 -0.251027 0.144395 0.026682 -0.065454 -0.062040 -0.276966 -0.290948 0.067761 -0.174234 0.237492 0.118039 0.240905 -0.094998 0.181395 -0.073408 0.170156 -0.001131 -0.321009 0.068449 0.040269 -0.267414 -0.147691 -0.071036 -0.027423 -0.377441 0.256579 0.149478 -0.255485 -0.092390 0.135828 -0.204195 0.202198 -0.076430 -0.035735 -0.028713 0.002067 0.058996 -0.192062 -0.081496 0.186495 -0.167105 -0.093660 0.331097 -0.002394 0.100849 -0.277313 -0.140126 -0.276917 0.099217 -0.140015 0.218110 -0.213278 -0.002235 0.146940
devourers 0.416698 0.203394 0.318493 -0.039608 0.273820 0.058838 -0.075125 0.383512 0.284272 -0.283608 -0.294007 -0.193825 0.001338 -0.207303 -0.013923 -0.427214 0.025848 -0.005063 0.343361 -0.348176 0.033263 -0.194891 -0.152569 0.034829 -0.185966 -0.135206 0.042419 -0.281196 -0.287730 -0.328217 0.168942 0.045085 0.231590 0.032394 -0.145841 0.001394 0.112541 -0.083272 0.012349 -0.275249 -0.085435 0.090782 0.246186 -0.158826 0.482287 0.084748 -0.110534 -0.126449 0.294234 0.164104 0.189080 -0.256944 -0.309161 -0.404039 0.242913 0.102598 0.291584 -0.213801 -0.216779 -0.138395 -0.006207 0.547930 -0.018945 -0.213161 -0.308347 0.029401 0.185367 0.673572 -0.096616 0.265371 -0.048496 -0.151636 0.278727 -0.164573 0.286540 0.122436 0.006058 -0.207565 -0.476378 -0.387833 -0.101808 -0.161065 -0.206688 0.093546 -0.086135 -0.150123 -0.168276 0.354556 -0.018793 -0.207391 0.091060 0.048032 0.127255 0.374271 0.347583 0.363144 0.016444 -0.121879 -0.127096 -0.081717 -0.341273 0.412806 0.163773 -0.129206 -0.251111 -0.356848 0.288221 0.381581 0.078273 0.140447 -0.165948 -0.496001 -0.262431 -0.031461 -0.005460 -0.203409 -0.169076 0.045701 0.061860 0.149197 0.016209 0.116128 0.353378 -0.096797 0.080449 0.311373 0.003032 0.032176 -0.235455 0.201432 -0.235276 0.052749 0.083864 0.240069 -0.006319 -0.037182 -0.062570 -0.160071 -0.288588 -0.139185 0.379580 -0.203635 -0.318632 -0.286422 -0.382716 0.322977 -0.308121 0.187832 0.016878 -0.279552 -0.309592 -0.270484 -0.136141 0.114015 -0.420565 0.359115 -0.065109 0.373475 -0.136731 0.073269 0.155593 0.227263 0.007301 -0.045608 0.096060 0.038592 -0.106586 -0.195553 -0.037501 0.216765 -0.221227 0.299692 0.018764 -0.602385 -0.131496 -0.016560 -0.149228 0.089208 0.031709 -0.131762 -0.109685 0.087575 -0.074796 -0.202269 -0.062076 0.373821 -0.121967 0.112973 0.341888 -0.105832 0.078156 -0.233410 -0.105139 -0.482639 -0.231674 -0.051429 0.064091 -0.179589 0.146305 0.297651
dialogue 0.689397 0.147193 0.748017 0.237897 0.261039 -0.151649 -0.527488 0.449739 0.390401 -0.558159 0.166536 0.262674 -0.364558 0.135203 0.433858 -0.667628 -0.203693 -0.027765 0.674547 -0.241020 0.004973 -0.194368 0.072027 -0.433601 -0.252806 -0.490839 0.531258 -0.519780 -1.022722 -0.271001 -0.281341 0.328112 0.226318 0.586947 -0.076291 -0.116665 0.248033 0.176570 -0.322332 -0.285721 -0.008058 -0.335814 0.307517 0.563629 0.444399 0.480327 -0.222512 -0.471802 0.116484 0.099439 -0.164602 -0.277364 -0.134934 -0.168409 -0.030573 -0.380488 0.298708 -0.417714 -0.225983 -0.066032 0.333811 0.582217 0.449465 0.094297 -0.965886 0.610445 0.927930 0.828123 -0.311343 0.207197 0.167230 0.183267 0.951433 -0.147192 -0.018012 0.560505 0.441707 -0.277517 -0.984235 -0.495059 0.456257 -0.222113 0.252393 0.865988 -0.382383 -0.597548 -0.457148 -0.201726 0.172621 0.099415 -0.242193 0.455710 0.256515 0.611078 0.895715 0.233316 0.042381 -0.372377 -0.326800 -0.827321 -0.536909 0.324362 0.440703 0.174932 0.320468 -0.863438 -0.162954 0.372434 -0.242542 0.045269 -0.147586 -0.661018 -0.131708 0.086565 0.254096 0.350242 0.101665 -0.276538 0.001561 0.012791 -0.262471 0.423302 0.519763 -0.182082 0.555145 0.277609 -0.523097 0.276855 -0.692322 0.204677 -0.294706 0.165703 0.336288 0.053664 -0.066901 0.469690 0.336463 -0.303683 -0.431998 -0.024965 0.019535 -0.332071 -0.314012 -0.059985 -0.549568 0.462035 0.016822 -0.034526 0.121007 0.013891 -0.213565 -0.856918 -0.400251 0.179181 -0.039306 0.366007 0.134120 0.478725 -0.259924 0.351856 -0.171029 0.174121 0.338826 -0.475875 -0.252387 0.689984 -0.231247 -0.141795 -0.024550 0.461660 -0.685185 0.570131 0.287580 -0.213346 0.119972 0.102874 -0.190998 -0.353467 0.133859 0.280167 0.263530 -0.068220 0.080709 0.161709 -0.274466 0.220082 0.029317 0.398472 0.434905 -0.135169 0.227521 -0.620039 -0.028042 -0.893341 0.129705 0.193651 0.583564 -0.341138 0.127182 0.080930
doggerel 0.333472 0.346635 0.206644 -0.072443 0.477131 0.047063 0.089995 0.153515 0.194368 -0.148459 -0.187626 -0.180200 -0.341878 -0.003181 0.217362 -0.476693 -0.036139 -0.094011 0.532794 -0.274467 0.091953 -0.272112 -0.188396 -0.337701 -0.243450 -0.207989 0.129048 -0.353357 -0.621415 -0.262705 -0.117273 0.004006 0.089548 0.264682 0.001817 -0.236672 0.502467 0.460708 -0.260780 -0.187082 -0.440726 -0.146142 0.393563 0.251791 0.597492 0.287121 -0.359428 0.016129 0.444608 0.239677 0.157918 -0.279518 -0.525286 -0.393658 -0.044324 -0.304837 0.479552 -0.149856 -0.196451 0.187585 -0.137558 -0.099464 0.088359 0.125414 -0.567220 0.177544 0.125729 1.033889 -0.202646 0.268898 -0.213820 -0.072840 0.578925 -0.083131 0.143543 0.156732 0.491976 -0.450875 -0.696665 -0.195449 0.162989 -0.063334 -0.174027 0.321441 -0.272379 -0.449853 -0.589378 0.165043 0.101136 -0.066784 -0.210952 0.171153 0.168391 0.145837 0.474802 0.500140 0.198296 0.001532 -0.263316 -0.575390 -0.364613 0.608602 0.094160 -0.033082 -0.130014 -0.519031 0.389215 0.470392 -0.028890 -0.308270 -0.134398 -0.123525 -0.328572 0.034571 -0.012753 -0.193586 -0.301287 -0.073773 -0.233873 -0.120439 -0.110084 0.464099 0.309443 -0.098948 0.223362 0.074973 -0.115852 -0.054231 -0.170918 0.162212 -0.445210 0.037632 -0.031247 -0.022309 -0.011773 0.185872 -0.094413 0.010087 -0.210144 -0.007461 0.389518 -0.258324 -0.302168 -0.252747 -0.355581 0.108154 -0.120302 0.096769 0.359042 -0.116848 -0.140812 -0.269265 -0.044727 0.314967 -0.341323 0.577473 0.274023 0.304258 -0.024261 0.193616 -0.084906 0.050103 0.190999 -0.272618 0.072069 -0.100524 -0.263730 -0.190343 0.131136 0.012944 -0.501076 0.446152 0.191278 -0.433383 0.434014 0.226648 -0.441088 0.047504 -0.052241 -0.015590 -0.139266 0.055821 -0.064271 -0.008054 -0.122915 0.116469 -0.229324 0.067067 0.515244 -0.047554 0.160510 -0.094376 -0.180041 -0.437308 -0.193651 -0.170077 0.144990 0.150966 0.108163 0.141420
dory 0.034578 -0.096490 -0.123577 0.503727 0.186258 -0.264001 0.209572 0.262489 0.215024 0.020895 0.282551 0.082805 -0.224720 0.022498 0.215087 -0.264481 0.168159 0.052942 0.031574 -0.302742 0.112295 -0.706827 -0.301068 0.128878 0.046233 -0.228300 0.290345 -0.509975 -0.318484 -0.333512 0.147541 0.167523 0.334319 0.517659 -0.050660 -0.075441 -0.121092 -0.004028 0.024932 -0.166908 -0.111652 0.235744 0.070456 -0.082333 0.391740 0.085590 0.067017 0.087027 0.242730 0.271900 0.206394 -0.174973 -0.425747 -0.125474 0.218473 -0.006988 0.454601 -0.273349 -0.313245 -0.009284 0.112360 -0.215991 0.027560 -0.317620 -0.388116 0.560578 -0.122673 0.644327 -0.461555 0.039712 -0.016538 -0.092530 0.214590 -0.134066 -0.125351 0.027707 0.399466 0.055732 -0.311758 -0.305272 0.130092 -0.136778 -0.379603 0.384559 -0.505459 -0.202769 0.445485 -0.237432 0.054035 0.320104 0.292402 0.181117 -0.009824 0.479706 0.215955 0.107988 0.499858 -0.296859 0.263938 -0.205807 -0.195935 0.296758 0.097236 -0.214979 -0.305262 -0.579848 -0.120595 0.274777 -0.117209 0.117621 0.025295 -0.242661 -0.278890 0.005057 0.267088 -0.037830 -0.026584 -0.350367 -0.119483 -0.370868 -0.100817 0.283919 0.425132 -0.102388 0.035089 0.305715 -0.352692 0.149452 -0.276947 -0.071536 0.061387 -0.457925 -0.118865 -0.217336 -0.131935 0.196792 -0.211455 -0.183138 -0.413987 -0.293537 0.360405 -0.153928 -0.058828 -0.051563 -0.225676 -0.120486 -0.062161 -0.143599 -0.133989 -0.144163 -0.226444 -0.036368 -0.252639 0.369180 -0.174285 0.285188 0.220534 0.153725 -0.188157 -0.065426 -0.253833 0.013649 -0.179946 0.112464 -0.221132 0.213568 0.168815 0.033811 -0.141019 -0.104049 -0.463839 0.349970 0.082803 -0.111291 0.127612 -0.079076 -0.359292 -0.017158 0.079816 0.203847 -0.143942 0.108475 0.210389 -0.048368 0.053778 -0.365481 -0.546172 0.020585 0.683308 -0.036142 0.354755 -0.131642 -0.194308 -0.374560 0.391819 -0.039546 0.292914 0.144483 -0.486845 0.178129
dramas 0.704533 -0.178961 -0.097605 -0.346953 0.684653 0.546475 0.314544 0.883202 0.346177 -0.408286 0.112704 0.103188 -0.618233 0.053711 0.027020 -0.715722 0.340580 0.313661 0.815602 -0.709235 0.346423 -0.154049 -0.273060 -0.448226 -0.222607 -0.559351 0.791936 -0.458952 -0.825602 -0.522632 -0.191363 0.137548 0.370524 0.378380 -0.002093 0.429822 0.425505 0.210613 -0.096558 -0.500371 -0.266469 -0.386724 0.582459 -0.012033 0.235472 0.385910 0.313586 -0.648941 0.424767 0.614981 0.336860 -0.418135 -0.519531 -0.524122 0.376035 0.134230 0.403219 -1.029654 0.224158 -0.121126 -0.278481 0.296190 0.164849 -0.349774 -0.129801 -0.150608 0.166326 0.674025 -0.219564 0.476061 -0.135006 -0.181979 0.557985 0.359411 0.341238 0.424255 0.744739 0.024853 -0.269593 -0.450116 -0.117802 0.072469 -0.155996 0.452081 -0.171413 0.021467 -0.274288 -0.305043 -0.028953 -0.253973 -0.137616 0.366372 -0.009163 0.110559 0.732506 0.528845 0.336434 -0.526581 0.036259 -0.448150 -0.322604 0.368403 0.382680 -0.309204 0.410641 -0.616583 -0.608407 0.463100 -0.540719 -0.367466 0.173276 -0.717514 -0.460090 0.341975 0.140877 0.077285 -0.288148 0.256578 0.040090 -0.346906 -0.222934 -0.032238 0.512355 -0.582862 0.335873 0.513629 0.276210 -0.035584 -0.732303 0.307822 0.055710 -0.065774 0.223928 0.317300 0.323683 0.316469 -0.521990 -0.013357 -0.346161 0.276730 -0.186533 -0.626551 -0.562635 -0.678304 -0.408309 0.421940 0.334475 -0.047148 -0.205774 0.293129 -0.027603 -0.402880 -0.304284 -0.220620 -0.001041 0.674534 -0.156689 0.180455 -0.673790 0.063578 -0.043078 -0.181944 -0.013151 -0.312690 0.505024 0.449531 -0.697807 -0.041067 0.236630 -0.011962 -0.480916 0.545824 0.530523 -1.002620 0.056758 -0.156052 -0.806094 -0.099269 0.269729 0.184916 0.266824 0.228727 0.059016 0.200647 0.039838 -0.060442 -0.195889 0.032560 0.606974 -0.373673 0.320921 -0.327822 -0.322993 -0.652662 -0.080529 -0.008361 0.307286 -0.388299 0.093123 0.728257
dramatised 0.844404 0.378856 0.812027 0.110091 0.580913 -0.215801 -0.269483 0.422212 0.648798 -0.176850 -0.044147 -0.501868 -0.433209 -0.016089 0.379799 -0.485569 -0.279572 -0.009394 0.822368 -0.346048 -0.298261 -0.317237 -0.293321 -0.201250 -0.418380 -0.727484 0.400356 -0.557481 -0.577492 -0.245326 0.045422 0.373208 0.325794 0.853423 -0.072745 0.110878 0.314746 -0.116241 -0.237916 -0.667850 -0.357135 -0.150689 0.004102 -0.235719 0.203356 0.354594 0.089292 -0.453749 0.149673 0.684338 -0.051060 -0.416042 -0.248071 -0.608864 -0.240267 -0.191728 0.345369 -0.962956 -0.366371 -0.276253 0.126184 -0.004525 0.106507 0.184897 -0.178558 0.050807 0.062789 0.593399 -0.629502 0.421790 0.378068 -0.037034 0.590667 0.080541 -0.153873 0.644167 0.710782 0.206852 -0.517837 -0.220504 -0.152475 -0.260373 0.004433 0.375325 -0.082633 -0.376220 -0.106220 -0.205762 0.334391 -0.222498 -0.019728 0.326181 0.222503 -0.136418 0.583272 0.842773 0.292008 -0.258383 0.182101 -0.452717 -0.276743 0.514464 0.198679 0.445827 0.220624 -0.690463 -0.176874 0.042403 -0.271246 -0.197702 0.188905 -0.383383 0.141451 0.148108 0.392036 -0.048556 0.510690 -0.009051 -0.002289 -0.353506 -0.000566 0.174220 0.540873 -0.555823 0.122605 0.462457 -0.267132 -0.134006 -0.144375 -0.145792 0.171231 -0.126485 -0.119822 0.102389 0.010798 0.497826 0.445762 -0.445126 -0.331337 -0.470384 0.444679 -0.602417 -0.445576 -0.297557 -0.048780 0.264724 0.337063 0.316361 0.136927 0.062588 -0.168529 -0.252330 -0.752453 -0.086870 -0.250648 1.045085 0.464684 0.045883 -0.642620 0.244416 -0.152807 -0.416426 -0.494255 -0.092939 0.389955 0.329975 -0.299042 0.045274 0.226174 -0.223844 -0.462881 0.640624 0.267278 -0.560588 -0.186237 -0.420040 -0.537557 0.022841 0.355735 0.299180 -0.240042 0.392922 0.124998 -0.064426 0.245748 0.303433 -0.010782 0.184600 0.834087 0.096272 0.109549 -0.526990 -0.594070 -0.376259 -0.311799 0.062498 0.231128 -0.579518 0.248910 0.497143
dramatized 0.394132 0.049199 0.292767 0.061582 0.403088 -0.047280 0.039340 0.198768 0.254530 -0.074529 0.135752 -0.152622 -0.198398 0.179670 0.240123 -0.262369 -0.028399 -0.034514 0.410296 -0.367179 0.182345 -0.308150 -0.083719 -0.049426 -0.038828 -0.394354 0.102496 -0.381569 -0.287487 -0.187491 0.078673 0.007452 0.027772 0.186948 -0.024930 -0.123393 0.210232 -0.018172 -0.101665 -0.362934 -0.227252 -0.093187 0.055032 0.170497 0.260243 0.209700 0.013926 -0.214217 0.090966 0.077423 0.015546 -0.277037 -0.131031 -0.111761 0.012288 0.099166 0.186633 -0.182641 -0.190205 -0.225845 0.038848 0.000623 0.137494 -0.134277 -0.239319 0.069860 0.136962 0.393411 -0.385425 0.276690 -0.012305 0.139130 0.328089 -0.056219 0.077365 0.244073 0.194082 -0.107766 -0.308454 -0.362242 0.047531 -0.170395 -0.042923 0.225833 -0.142472 -0.274780 -0.199914 0.176877 0.145464 -0.068185 -0.204051 0.178079 0.157526 0.032072 0.251177 0.346026 0.289674 0.016292 0.012123 -0.449761 -0.286946 0.420669 0.093860 0.195578 -0.017237 -0.405278 0.050138 0.233183 -0.002632 -0.253108 0.056248 -0.212345 -0.074252 -0.074073 0.125002 -0.037831 -0.068171 -0.207165 -0.256996 -0.272710 -0.012684 0.142532 0.267315 -0.181733 0.070911 0.237916 -0.039737 0.073503 -0.149339 0.055715 -0.108175 -0.089833 0.079695 -0.092144 0.073216 0.171112 0.036590 -0.075161 -0.226896 -0.136107 0.074932 -0.286845 -0.384138 -0.115168 -0.027835 0.312235 0.177064 0.061043 0.005374 -0.020127 0.055182 -0.260426 -0.323578 0.242290 -0.181813 0.436871 0.157672 0.075880 -0.112662 0.128856 -0.208283 -0.086474 0.040584 -0.210993 0.293341 0.114288 -0.259506 -0.096696 -0.114225 -0.062358 -0.328772 0.289815 0.150643 -0.270451 0.016492 -0.149118 -0.232460 -0.037877 0.134674 0.219862 -0.011637 -0.011287 -0.051449 -0.160465 -0.048993 0.095371 -0.144154 -0.100617 0.345098 0.080154 0.029462 -0.139598 -0.138138 -0.212821 0.032171 -0.100095 0.129579 -0.176576 0.139017 0.365773
duda 0.114083 -0.026167 -0.132093 0.091945 0.268908 -0.195811 0.352527 0.399606 -0.212011 0.302186 0.041535 0.018355 0.126759 0.093655 0.125374 -0.131437 0.085219 0.285563 0.215378 -0.689531 0.179519 -0.450031 -0.221706 0.251228 0.039278 -0.095420 0.347508 -0.056324 -0.300125 -0.125969 0.379021 -0.108911 0.167046 -0.139901 -0.197971 0.004761 0.014358 -0.015669 -0.167410 -0.370854 0.093026 -0.425350 -0.036775 0.220515 0.334414 -0.412249 -0.253793 0.024719 0.104572 0.471900 0.489448 -0.009032 -0.023663 -0.118091 0.270778 0.048927 0.319035 -0.152522 -0.553082 -0.019279 -0.121190 -0.055590 0.043923 -0.185691 -0.665147 0.133233 0.025296 0.295394 -0.271401 0.612932 -0.053829 0.442601 -0.149235 -0.147081 0.138583 -0.140953 0.261995 -0.108695 -0.428119 -0.278650 -0.234145 0.047611 -0.351639 0.216564 -0.579742 -0.095205 0.375554 -0.135831 -0.173377 -0.238533 -0.006667 0.140690 -0.305974 0.456133 -0.019721 0.429029 0.178071 0.055308 -0.212068 -0.211525 -0.534425 0.282854 0.338313 -0.052885 -0.325257 -0.444845 -0.020311 -0.003574 -0.296781 -0.310251 -0.219407 -0.296667 -0.406140 -0.028106 0.043070 -0.149621 0.356130 -0.602241 0.110485 -0.114290 0.035721 0.143868 0.081394 -0.295190 0.349634 0.153607 0.156015 0.327212 0.222384 -0.075278 0.518292 -0.212770 -0.109488 -0.256099 0.095616 0.256925 -0.421718 -0.009767 -0.065442 -0.574045 0.230946 -0.020091 -0.270365 -0.193638 -0.269170 0.002198 -0.002493 0.128548 -0.341475 0.103842 0.059381 -0.233973 -0.095842 0.405459 0.095294 0.534972 0.072489 0.008825 -0.274935 0.128646 0.122370 0.019122 -0.072835 -0.179431 -0.002991 -0.069132 0.230167 -0.514400 -0.035782 0.199221 -0.286113 0.117765 0.078428 -0.165631 0.034263 0.013186 -0.525597 0.266277 0.209587 0.281370 -0.440487 0.008723 0.267936 0.050283 -0.055538 0.066596 -0.320389 0.079831 0.225669 -0.156524 -0.005975 0.101808 0.001869 -0.212568 -0.156052 -0.159548 -0.038877 0.047101 -0.185892 0.102585
duet 0.372438 -0.150341 0.101284 0.142667 0.277684 -0.617722 -0.032579 0.355408 -0.497308 -0.033797 0.135813 0.219775 -0.253075 -0.341222 0.252625 -1.012729 -0.140507 0.816706 0.622798 -0.190802 0.468608 0.022611 0.043239 -0.375228 0.290724 0.098508 0.534303 -0.369238 -0.435859 -0.436858 0.427487 -0.065554 0.114154 0.401995 0.189770 0.140687 0.302757 -0.398166 -0.319967 -0.393487 0.112839 0.106575 0.053473 0.409038 0.964063 0.162600 0.299004 -0.243417 0.305134 0.135400 0.224113 -0.306273 -0.251415 -0.111685 -0.277432 0.146782 0.004540 0.001761 -0.176359 -0.151084 -0.032589 0.068631 0.638016 -0.218525 -0.934625 0.339845 0.571199 0.370729 -0.085129 0.517999 0.304118 0.234362 0.428567 -0.117060 0.836170 0.097940 0.163293 -0.147756 -0.991827 -0.587202 -0.156797 -0.311024 -0.037109 0.399710 -0.370760 -0.320430 0.220999 0.222730 -0.185994 0.147256 -0.019073 0.621470 -0.278270 0.079057 0.914632 0.628094 -0.170749 -0.384830 -0.051385 -0.264356 -0.505284 0.416385 0.286658 0.062461 0.091412 -0.729083 -0.387840 0.180027 -0.459797 -0.784739 0.056528 -0.303667 -0.107518 0.526326 0.088634 -0.421621 0.563225 -0.324207 -0.118945 -0.395701 -0.491011 0.095966 0.569881 -0.525723 0.234259 0.385619 -0.300174 0.150325 -0.170129 -0.295381 0.302801 0.044120 -0.107402 0.031995 0.400314 0.043157 -0.157708 -0.237866 -0.617441 -0.168122 0.004999 -0.316956 -0.337274 0.054269 -0.325427 0.248004 -0.078062 0.071859 0.425685 -0.100335 0.576193 -0.376718 0.015950 0.259431 -0.338879 0.467985 -0.354601 0.267960 -0.138469 0.003050 0.523128 -0.145969 -0.183433 0.185940 -0.318330 0.032666 0.278404 -0.122173 0.134808 0.041049 -0.304326 -0.012617 0.253589 -0.381073 -0.124187 0.034151 -0.598719 -0.049577 -0.281320 0.024581 0.321513 0.290259 0.113339 0.482412 0.100823 -0.136296 -0.011628 0.218430 0.414728 -0.072139 0.507101 -0.049699 -0.329697 -0.144519 0.059958 0.459661 -0.154889 -0.172315 0.173670 0.055410
eaglets 0.023572 0.122123 0.197358 0.029505 0.247102 0.184628 0.138417 0.238857 -0.053955 -0.114003 -0.199878 0.255103 -0.204729 -0.044852 0.117830 -0.174160 0.000899 0.128530 0.069311 -0.463676 0.076043 -0.317440 -0.088380 -0.053907 -0.182398 -0.400256 0.170079 -0.302754 -0.211331 -0.130532 -0.028867 0.137674 0.097344 0.130224 0.072743 -0.161651 0.156021 -0.080363 -0.044981 -0.207349 -0.239161 0.102064 -0.117326 0.090225 0.151726 0.059670 -0.152720 0.083009 0.130409 0.145372 0.301082 0.157095 -0.484721 -0.297402 0.039849 -0.011437 -0.002638 -0.204224 -0.394175 -0.123671 0.025682 0.223824 0.022877 0.043683 -0.319098 0.246155 0.045027 0.321570 -0.188215 0.467981 -0.084511 0.095181 0.357546 -0.009187 0.126179 0.000767 0.121164 -0.173764 -0.186598 -0.298656 -0.074828 -0.093341 -0.319777 0.265366 -0.382315 -0.124205 0.055310 0.393727 0.083330 -0.201339 0.008934 0.050092 0.258560 0.447473 0.172133 0.119235 0.126873 0.069964 -0.103831 -0.329974 -0.370208 0.221511 -0.098023 -0.201549 -0.156098 -0.350760 0.165540 0.052820 -0.132215 -0.173834 -0.020584 -0.332485 -0.404682 -0.199468 0.010444 -0.041150 0.187062 -0.327022 -0.000929 -0.228430 -0.186416 0.401898 0.274957 -0.064170 0.225864 0.125299 0.180876 -0.042238 0.073965 -0.049864 0.003167 0.224589 0.077199 -0.038845 0.099027 0.164033 0.029456 -0.136355 -0.136430 -0.320205 0.099502 -0.287164 -0.424181 -0.101019 -0.214154 0.015293 -0.305721 0.369849 -0.125599 -0.022870 0.120192 -0.221222 0.069300 0.082828 -0.399322 0.650977 0.152208 0.046033 -0.083983 0.170871 -0.049504 0.197714 -0.027655 0.057565 0.121856 0.151974 0.126084 -0.335803 -0.068592 0.022189 -0.388898 0.196726 0.193654 -0.376181 -0.273998 0.037651 -0.557379 0.263884 0.139708 0.087335 -0.204495 0.120670 0.001456 0.027972 -0.022536 0.162879 -0.073057 -0.028408 0.216851 -0.066673 0.387376 0.053479 -0.189708 -0.202556 -0.013408 -0.047555 0.127634 0.002009 -0.121599 0.036019
ecclesiastes 0.477638 0.007918 0.190128 0.023369 0.548806 -0.228834 -0.047491 0.126685 0.101948 -0.025394 -0.091054 -0.033921 -0.132577 -0.006049 0.356352 -0.254153 -0.100433 0.009979 0.327528 -0.404317 0.080805 0.065732 -0.331115 -0.347976 0.018461 -0.103765 0.112078 -0.241206 -0.704974 0.007994 0.182300 -0.068050 -0.233231 0.169293 -0.076942 0.116715 0.323526 0.061511 -0.329270 -0.187445 -0.469902 -0.162618 -0.100183 0.166620 0.249520 -0.046843 -0.576017 -0.031635 0.065370 0.194577 0.085074 -0.150001 -0.196364 -0.437905 -0.149762 -0.071393 0.282004 -0.049939 -0.154019 -0.089795 -0.227348 0.063958 0.195226 -0.030559 -0.422057 0.230431 0.096968 0.892568 -0.495404 0.369153 -0.203005 -0.017870 0.596444 -0.370380 -0.176026 0.490627 0.414589 -0.348078 -0.545845 -0.460105 0.493569 -0.419301 -0.437445 0.559010 -0.438226 0.043726 -0.215761 0.262033 0.193985 -0.302602 -0.072322 0.268356 0.259854 -0.006434 0.479943 0.616459 0.180235 -0.156540 -0.111340 -0.436519 -0.144512 0.392398 0.133513 0.093037 -0.006500 -0.450950 0.190828 0.609928 -0.091097 -0.060006 -0.151651 -0.234297 0.011698 -0.108078 -0.167448 -0.039665 0.116675 -0.067203 -0.007814 -0.306818 -0.082027 0.414548 0.141162 -0.478236 0.394310 0.309787 -0.162335 -0.280205 -0.049604 0.092475 -0.107849 -0.020146 0.213549 -0.226195 0.208192 0.160013 -0.114793 -0.310721 -0.066778 -0.013464 0.164986 -0.235378 -0.143271 -0.365967 -0.483875 0.026140 -0.102010 0.099588 0.048912 0.069658 -0.287147 -0.407803 -0.163161 0.431166 0.046760 0.596950 0.241969 0.404883 -0.073114 0.204077 -0.033317 0.270693 0.329784 -0.261372 -0.207163 0.012976 0.109121 -0.220058 -0.067013 -0.054316 -0.002581 0.514708 -0.052661 -0.363695 0.051150 -0.104807 -0.319464 -0.016305 -0.016426 -0.184461 -0.018705 0.136501 0.160373 0.122850 0.385876 0.272111 0.060938 -0.134291 0.431640 0.025490 0.180413 -0.041476 -0.070930 -0.118809 0.162920 -0.054796 -0.301572 -0.052352 -0.100538 0.187853
elegy 0.391590 0.106051 0.090417 0.339048 0.582987 0.192885 0.240560 0.115588 0.268519 0.294279 0.267738 -0.099295 -0.399773 0.051270 -0.298752 -0.464018 0.183405 -0.590266 0.471963 -0.403681 -0.310804 -0.242892 -0.202537 -0.116719 -0.166950 -0.348893 0.316711 -0.310403 -0.818412 -0.248700 -0.083279 0.177623 0.210718 0.434914 0.076658 0.145090 0.368198 -0.029181 -0.169484 -0.459374 -0.249897 0.158838 0.292257 0.350059 0.230137 -0.270323 0.003090 -0.459446 0.301559 -0.026743 0.121797 -0.108325 -0.297448 -0.288757 0.162205 -0.076279 0.362251 0.037488 -0.144092 -0.043349 -0.149484 -0.130413 0.176739 0.015189 -0.519625 0.350034 0.207526 0.793811 -0.119379 0.352084 -0.119894 0.232535 0.285690 -0.153725 0.213150 0.626324 0.716228 -0.409610 -0.727757 -0.529769 0.243055 0.078096 -0.279951 0.467109 -0.429263 0.160639 -0.148000 -0.158060 -0.389637 -0.053073 -0.147064 0.437162 -0.092940 0.139461 0.411322 0.292852 0.586521 -0.002724 0.262066 -0.741740 -0.354581 0.474284 -0.013053 0.290830 -0.129160 -0.381024 0.141187 0.483661 -0.221737 -0.488197 -0.132196 -0.416577 -0.086449 -0.101173 -0.067152 0.018761 0.403430 -0.546542 -0.444031 -0.413043 0.088010 -0.080021 0.414867 -0.793892 0.101548 0.106025 -0.009886 -0.105234 -0.198986 0.177170 0.126957 -0.116094 0.205095 -0.326130 0.338997 0.158486 0.216542 0.052783 -0.168243 -0.056355 -0.018989 -0.038363 -0.303424 -0.446903 -0.401477 0.487207 -0.530603 0.098316 -0.001238 0.105698 0.243328 -0.437618 0.126790 0.295584 0.150977 0.636410 0.100185 0.104995 0.145962 -0.084611 0.050890 0.372954 -0.093060 -0.060406 0.107320 0.357145 -0.146936 0.041752 -0.209081 -0.197137 -0.585252 0.362356 0.401344 -0.907045 0.185248 0.249388 -0.872643 0.128951 -0.052485 0.159401 -0.241880 -0.005647 -0.051275 -0.054671 0.052208 0.178983 -0.470849 0.081052 0.526791 -0.057002 0.117928 0.064927 0.013537 -0.774101 -0.240486 0.243436 0.104761 -0.344973 -0.212313 0.074027
encyclopaedia 0.386698 0.288029 0.600241 -0.119162 0.379644 -0.191908 -0.200029 0.259875 0.310072 -0.047044 0.029237 -0.210017 -0.464948 0.073381 -0.160719 -0.375464 0.077861 0.097839 0.362802 -0.615817 0.076943 -0.266199 -0.356647 -0.134716 -0.469306 -0.233976 0.119057 -0.646323 -1.040807 0.088104 -0.019917 -0.195224 -0.023919 0.488804 0.150578 0.288940 0.258054 -0.086565 0.038653 -0.611042 0.073368 -0.025181 -0.229005 0.008875 0.533993 0.451605 -0.175535 -0.355197 0.210707 0.380271 0.148632 -0.349728 -0.441765 -0.597280 0.097372 -0.154239 0.320513 -0.168949 -0.108855 0.105263 -0.018433 0.442721 -0.149307 -0.089878 -0.373135 -0.003550 0.088550 0.599426 -0.382916 0.168831 -0.102785 -0.221591 0.404911 -0.404958 -0.171641 0.583469 0.611862 0.125942 0.028174 -0.177233 -0.127006 -0.207897 -0.234670 0.372687 -0.248170 -0.342722 -0.047823 0.378362 0.493984 -0.345364 -0.122888 -0.133361 0.065035 -0.020948 0.300215 0.542501 -0.059037 -0.165008 -0.291601 -0.321722 -0.318625 0.373702 0.076730 0.044557 -0.075255 -0.696991 0.514483 0.231994 -0.367255 0.149542 -0.382534 -0.100745 -0.478159 0.094324 0.117671 -0.001209 0.004707 0.207151 -0.003107 -0.341944 0.019484 0.405494 0.309579 -0.545354 0.158611 0.111560 -0.061880 0.147126 -0.281561 -0.092005 -0.035336 -0.130335 -0.021148 0.254530 0.111071 0.032206 -0.024272 0.098711 -0.744458 0.219578 -0.034576 -0.192183 -0.370863 -0.457522 -0.348087 0.310518 -0.050805 0.281710 0.017511 -0.016727 -0.072312 -0.177394 -0.274617 0.089540 -0.049888 0.610699 0.313050 0.264948 -0.153896 -0.008513 0.108860 0.075081 0.130172 -0.389510 0.121673 0.258585 0.192663 -0.294932 0.120996 -0.203399 -0.312073 0.402075 -0.068691 -0.222764 0.235480 0.033112 -0.147404 0.185525 -0.235627 0.065475 -0.025656 0.063403 0.088575 -0.249600 -0.279363 0.256792 -0.071383 0.155990 0.561976 -0.010050 0.070455 -0.272646 0.087428 -0.539052 -0.246278 -0.133064 0.137758 -0.175519 0.081059 0.671833
engine 0.228825 0.421622 0.267393 -0.125396 0.462564 -0.518387 0.047090 -0.074722 -0.099008 -0.527915 -0.323241 0.361750 -0.532818 -0.164401 -0.267724 -0.657705 -0.569269 0.106323 0.095777 -0.574871 -0.069015 -0.436803 0.087805 0.336950 0.006562 -0.303886 0.071081 -0.495344 -0.848339 -0.152009 0.031584 0.120316 0.014591 -0.052292 0.289231 0.011988 0.548535 0.016845 -0.245764 -0.010298 0.029623 -0.337512 -0.000262 0.500551 0.447762 0.213922 -0.417843 0.243984 0.377918 0.707221 0.139259 0.032732 -0.584196 -0.562717 -0.266600 0.359004 -0.037884 0.066878 0.242163 -0.085532 0.715466 0.050541 -0.013290 0.555409 -0.917378 0.497499 -0.066979 0.609400 -0.167653 0.733243 -0.162475 0.127678 0.374010 0.076006 -0.044773 0.823271 0.566887 0.052503 -0.007346 -0.831136 -0.005940 -0.245868 -0.819194 0.306418 0.624176 0.388596 -0.160877 0.470247 0.315646 -0.223527 0.498472 0.191955 0.665721 0.890367 0.579839 -0.280375 -0.317693 0.448199 0.423782 -0.245588 -0.708420 0.418557 0.585082 0.018404 -1.112741 -0.368016 0.232882 0.421560 -0.595383 -0.107916 0.038905 -0.192285 -0.837743 0.045194 0.534970 0.358609 0.318154 -0.549091 -0.521023 -0.359002 0.009490 0.877106 0.237290 0.688547 0.734832 -0.173427 -0.197755 -0.255141 -0.564893 -0.894490 -0.051694 0.055644 0.090040 -0.099329 0.371842 0.655246 -0.234773 -0.588341 0.403018 -0.165995 0.281352 0.037711 -0.545188 -0.293427 -0.397261 0.179889 -0.003884 0.733069 -0.042547 -0.300905 -0.148455 -0.490576 -0.574786 -0.225571 -0.090345 0.423389 -0.014229 -0.167020 -0.274315 0.472706 0.373970 -0.321805 -0.125204 -0.079512 0.385027 0.282508 0.038170 -0.203858 0.341157 0.219008 -0.691213 0.007891 0.129087 -0.020472 0.255396 0.406980 -0.286049 -0.051543 -0.019336 0.229040 -0.127900 -0.013232 -0.191952 0.316504 0.288449 0.663754 -0.357622 -0.377515 0.292843 -0.270057 0.484076 0.071372 -0.244461 -0.156843 -0.446262 0.178297 0.091336 0.161537 -0.304796 -0.133663
engines 0.075041 0.182073 0.452122 0.011804 0.573349 -0.290712 0.143122 0.249595 -0.390462 -0.381031 -0.399105 -0.094077 -0.564432 -0.262639 -0.206213 -0.247861 -0.180408 0.167476 -0.268627 -0.764540 -0.073089 -0.439448 0.005979 -0.035572 -0.427095 -0.444906 -0.235221 -0.614021 -0.767662 -0.370484 0.202500 0.347579 0.321183 0.091387 0.175447 -0.045445 0.403432 -0.054768 -0.070206 0.398331 -0.128111 0.235153 0.134247 0.154863 0.443209 0.310224 -0.252308 0.335587 0.332487 0.683838 0.167177 0.389997 -0.860671 -0.670211 -0.092678 0.660965 -0.111807 -0.356300 0.250513 0.000888 0.284367 0.294608 -0.037071 0.745867 -0.866876 0.300711 0.727732 0.702992 -0.183978 0.698793 -0.218535 0.332894 0.489387 -0.315979 0.240285 0.629551 0.388155 0.120807 -0.417791 -0.742828 0.061949 -0.467300 -0.653728 0.218705 0.981909 0.367216 -0.547912 0.259197 0.466699 -0.473825 0.272662 0.395858 0.645773 0.677949 0.564784 -0.102345 0.018328 0.651566 0.666073 -0.355562 -0.547140 0.516512 1.012961 -0.214917 -0.936555 -0.320015 -0.044641 0.392550 -0.757661 -0.307964 -0.166916 -0.183001 -0.650094 -0.507051 0.296739 0.001103 -0.075003 -0.422741 0.075829 -0.183231 -0.362903 0.753259 -0.111151 0.280960 0.520214 -0.360820 0.188369 -0.188081 -0.371541 -0.586074 0.025465 -0.492350 0.197897 -0.391628 0.698744 0.834886 0.015066 -0.450255 0.189977 -0.222092 0.282570 -0.259234 -0.608022 -0.481246 -0.254639 0.899965 0.006169 0.884034 -0.391675 -0.117015 -0.406840 -0.633095 -0.028040 0.219446 -0.251717 0.623881 -0.393949 -0.315556 -0.296449 -0.132912 0.390365 -0.502474 -0.557647 -0.053287 0.441379 0.202288 -0.117904 -0.839969 0.264818 0.298449 -0.506245 0.252314 0.114174 -0.139234 -0.218303 0.429348 -0.571185 0.518381 0.240406 0.344390 -0.171416 0.313600 0.011224 0.511042 0.134138 0.809853 -0.030976 -0.036739 -0.016972 -0.136058 1.016799 -0.231310 0.146970 0.022898 -0.710274 0.114214 0.576112 0.120611 -0.262611 -0.024398
entomology 0.323349 0.349027 0.129498 0.186399 0.394317 -0.197634 -0.370959 0.320262 0.157922 0.157015 -0.201517 -0.245509 -0.411110 0.100759 0.018492 -0.322241 0.020147 0.082629 0.093288 -0.476047 -0.049201 -0.478387 -0.215253 0.032805 -0.523786 -0.067606 -0.018707 -0.394384 -0.679798 0.089386 -0.190480 -0.114954 -0.178870 0.254713 0.344780 0.272185 0.509329 -0.168657 -0.414452 -0.578834 -0.111899 -0.262059 -0.030019 0.086507 0.442232 0.121406 -0.160022 0.117824 0.398591 0.496617 0.343505 -0.138250 -0.242040 -0.489363 0.212710 0.126984 0.555711 -0.273368 -0.259992 0.007563 -0.237657 0.342384 -0.248806 -0.332417 -0.449534 0.070433 0.321052 0.817150 -0.068597 0.229956 0.107442 -0.125494 0.733392 -0.319187 0.033654 0.151140 0.396498 0.004025 -0.426075 -0.319451 0.116417 -0.172511 -0.302053 0.172697 -0.123280 -0.342918 -0.270147 0.232262 0.359944 0.047645 0.007608 -0.130167 0.102672 0.463168 0.107655 0.380156 -0.079464 -0.201611 -0.176435 -0.149849 -0.152474 0.402471 0.117802 -0.042091 -0.271770 -0.414726 0.423914 0.425269 -0.155942 0.285474 -0.534564 -0.144183 -0.058212 0.217106 0.183308 -0.201448 -0.056796 -0.226034 -0.012908 -0.085059 -0.002148 0.482259 0.296131 -0.257810 0.045395 0.147411 0.119972 -0.163439 -0.154243 -0.088020 -0.328932 0.144896 0.141572 0.083625 0.018484 -0.085135 -0.196354 0.027350 -0.175220 0.085145 -0.199075 -0.467769 -0.601588 -0.245146 -0.098725 0.315971 -0.305995 0.129699 0.093555 -0.125445 0.316053 -0.242316 -0.442487 0.019168 -0.232113 0.349896 0.151827 0.326864 0.064046 0.196629 0.116684 0.236433 0.351619 -0.486323 -0.181879 -0.028397 0.012638 -0.391582 -0.048076 -0.125904 -0.381101 0.447690 -0.035356 -0.461906 0.116071 0.383561 -0.409693 -0.087177 -0.024430 -0.052545 -0.171292 -0.122936 0.076105 -0.391760 0.026416 0.551771 -0.090941 -0.027450 0.612304 -0.001817 0.050042 -0.444916 -0.142511 -0.345995 -0.270672 -0.011796 0.035334 -0.116254 -0.311296 0.248331
ephesians 0.406641 -0.189770 0.184225 0.309551 0.147327 0.138120 0.120985 0.155298 0.036988 0.397445 -0.011757 -0.200143 0.059960 -0.065234 0.241010 -0.238091 0.015625 0.078367 0.149404 -0.222479 0.036341 0.297234 -0.135568 -0.346893 0.138585 -0.123507 0.259062 0.020313 -0.563111 -0.166891 0.236113 -0.027196 -0.130869 0.074328 0.167727 -0.012376 0.577407 0.368472 -0.475837 -0.166107 -0.301554 0.018387 -0.052343 0.257083 0.518335 -0.161818 -0.371202 -0.277368 -0.016757 0.338918 0.018713 0.079796 -0.175147 -0.249920 -0.070409 -0.081239 0.390431 -0.362038 -0.137883 -0.127307 -0.357716 -0.029667 0.068980 0.052405 -0.650046 0.181575 0.026910 1.231158 -0.430788 0.485090 -0.400427 0.028036 0.488216 -0.364538 -0.626913 0.558713 0.471604 -0.344440 -0.779198 -0.408128 0.477952 -0.405545 -0.289189 0.493984 -0.384360 0.283360 -0.299004 0.342604 0.051412 -0.444308 0.003339 0.236402 0.113380 -0.061752 0.224580 0.912195 0.008330 -0.227329 -0.069654 -0.571704 -0.391044 0.472599 0.174787 -0.181687 -0.041995 -0.589200 0.212822 0.372937 -0.505177 -0.162374 0.187942 -0.077331 0.020904 0.249291 -0.081189 -0.650131 0.167715 -0.270403 0.017219 -0.429587 -0.201920 0.414681 0.116131 -0.549920 0.623848 0.395156 -0.324073 -0.126808 -0.317823 -0.281702 0.364286 -0.300633 0.251784 -0.576806 -0.094522 0.431586 -0.126125 -0.381019 0.080319 -0.388980 0.161493 -0.186901 0.149274 -0.729970 -0.588873 -0.315679 -0.326094 0.141126 -0.046487 0.277218 0.028176 -0.310694 -0.185348 0.375593 -0.031550 0.460916 0.337938 0.251445 -0.156101 0.238296 0.266946 0.628808 0.121769 -0.522031 0.077917 0.056285 0.023354 -0.209466 -0.115825 0.115035 0.191025 0.298604 -0.144431 -0.305838 0.008007 -0.027724 -0.201296 0.055807 -0.039725 0.024792 -0.063419 -0.103282 0.001941 0.004091 0.361589 0.297643 -0.028472 -0.063836 0.448108 0.216448 0.382585 -0.418336 -0.115482 -0.508382 0.117666 0.006553 -0.197670 -0.120962 -0.428237 0.104262
epic 0.440365 0.122258 0.252690 0.001984 0.338705 -0.097080 -0.078837 0.547782 0.085256 -0.158362 -0.004572 -0.072765 -0.373711 0.044280 -0.020809 -0.319310 0.302917 -0.037657 0.466567 -0.222707 0.010511 -0.400951 -0.482700 -0.339048 -0.267292 -0.026174 0.154219 -0.497558 -0.982629 -0.153954 -0.175933 0.028598 0.190587 0.646495 -0.373726 0.228334 0.083342 -0.102855 -0.427109 -0.427853 -0.353566 0.222968 0.031204 0.234294 0.124654 0.083393 -0.557688 -0.086771 0.360172 0.602009 0.164709 -0.065051 -0.534541 -0.598771 0.313401 -0.195998 0.331893 -0.324573 -0.088982 -0.336724 0.183675 0.233701 0.378788 -0.243526 -0.636347 -0.112732 -0.091409 0.405337 -0.339196 0.594063 -0.279704 -0.192696 0.240659 0.057631 -0.009927 0.142569 0.832853 -0.319733 -0.272437 -0.419791 0.224914 -0.349468 -0.054655 0.739473 -0.368217 -0.217690 0.327232 -0.249822 0.202304 0.026566 -0.037766 -0.223103 0.028296 0.239548 0.591704 0.525044 0.157016 -0.529756 -0.148635 -0.448938 -0.346206 0.566303 0.266881 -0.184802 0.157848 -0.652766 -0.149972 0.087092 -0.356116 -0.017954 -0.468996 -0.043148 -0.119572 -0.220080 0.228445 -0.143002 -0.484301 0.284743 0.128404 -0.485255 -0.347606 0.179644 0.174726 -0.530171 0.374291 0.207741 0.031736 -0.100442 -0.362188 0.491197 0.059584 -0.017411 0.038316 -0.255124 0.015764 0.558384 -0.438412 -0.077893 -0.230860 -0.047790 0.448693 -0.454624 -0.424336 -0.378031 -0.343522 0.022699 -0.500219 -0.003503 0.137389 0.271828 0.099069 -0.773363 -0.316609 0.326582 -0.183605 0.690260 0.212044 0.230568 0.042094 0.182723 0.253565 -0.066944 0.100149 -0.273357 0.129159 -0.014231 0.153722 -0.404149 -0.286269 -0.001250 -0.507980 0.543957 0.161035 -0.526562 0.207235 0.055060 -0.228219 0.283033 0.044305 0.091140 -0.598038 0.162682 0.203970 -0.122780 0.313598 0.070681 -0.363032 0.463500 0.459707 -0.005069 0.345345 -0.249820 -0.169942 -0.241747 0.015602 0.131665 0.251700 -0.290266 -0.028317 0.409117
episode 0.441459 0.161741 0.128514 -0.278761 0.608989 -0.742366 -0.482211 0.319296 0.105296 0.598710 -0.083731 0.215035 0.132912 0.371713 0.696743 -0.585549 0.059613 -0.124417 0.991524 -0.350944 0.240404 -0.376437 -0.245542 0.361293 0.097360 -0.399379 0.491100 -0.011742 -1.018597 -0.745604 -0.183643 0.314741 -0.011406 0.427274 -0.498895 -0.093903 -0.096918 0.012072 -0.373129 -0.760800 -0.539584 -0.602748 -0.286429 0.422833 0.395778 0.407139 -0.011336 -0.244673 0.013424 0.621088 -0.101762 -0.175809 -0.514668 -0.853003 0.361235 -0.317782 0.453563 -0.749180 0.112346 -0.397074 0.149047 0.232886 -0.551981 -0.380584 -0.395889 -0.127764 0.538722 1.179673 -0.650134 0.624233 0.053748 0.266308 0.551997 -0.252300 -0.372726 0.258688 0.540656 0.081333 -0.436150 -0.412494 0.056015 -0.103225 -0.134110 0.709005 -0.751273 -0.192055 -0.112825 0.000429 0.010519 0.255349 0.216752 0.695456 0.304732 0.231519 1.420872 0.882443 0.128485 -0.616686 -0.221034 -0.294481 0.065455 0.587536 -0.175098 -0.117916 0.025472 -0.983447 -0.318090 0.514286 -0.453397 0.079837 -0.436256 -0.369987 0.186129 -0.092695 0.268536 0.139886 -0.097804 -0.211679 -0.177457 -0.143677 -0.278154 0.415170 0.242965 -0.470678 0.225489 0.248899 0.044872 -0.106598 -0.281149 0.048573 0.157627 -0.318771 -0.352366 0.153709 0.080322 0.036285 0.162240 -0.177925 0.054315 -0.012078 -0.032524 -0.077575 -0.313478 -0.235188 -0.420814 0.253371 -0.293449 0.528960 0.104272 -0.190132 -0.122926 -0.735310 -0.529780 -0.004120 -0.031093 0.490821 -0.038270 0.478755 -0.199096 0.360276 -0.344965 0.075308 -0.241957 -0.738142 -0.147494 0.104437 0.218620 -0.512383 -0.299727 0.148794 -0.201852 0.060466 -0.099649 -0.816613 0.151163 -0.418383 -0.387224 0.217555 -0.354899 0.221140 -0.389704 -0.857772 0.293276 0.025319 -0.171746 0.265286 -0.303220 0.011205 0.672044 -0.112654 0.452487 -0.795671 0.169332 -0.175901 -0.510771 0.184011 -0.003236 -0.592824 0.042284 0.324768
epoch 0.790815 0.270206 0.233687 0.075054 0.534687 -0.238593 -0.148544 0.383550 0.425525 0.403022 0.174019 0.330078 0.460680 -0.120014 -0.283402 -0.165829 0.277539 0.078159 0.286983 -0.659628 0.325960 -0.364275 -0.591723 0.067082 -0.225248 -0.082342 0.227028 -0.207021 -1.066058 -0.052756 0.079126 -0.082880 -0.591489 0.858414 -0.424857 0.039844 0.311044 -0.217252 -0.122327 -0.775201 -0.360230 -0.470645 0.115101 0.213264 0.465821 0.319884 0.110368 0.133470 0.470620 0.726730 0.081117 -0.614997 -0.598602 -0.855819 0.473033 -0.235831 -0.033371 -0.536996 -0.069527 -0.041114 0.165002 0.556932 -0.057345 0.058790 -0.314343 -0.142135 -0.105903 0.745191 -0.781070 0.453776 -0.354242 -0.172454 0.458685 -0.134564 -0.198793 0.441375 0.442053 -0.202849 -0.517534 -0.667296 0.040450 -0.132257 -0.758851 0.352587 0.034429 -0.110649 -0.007142 0.533356 0.106881 -0.534749 0.208915 0.137941 0.438173 0.262934 0.454961 0.406429 -0.047602 -0.314505 -0.154432 -0.823276 -0.375122 0.588838 -0.433744 -0.293793 0.032873 -0.284535 0.394206 0.744782 -0.249070 0.077237 -0.487529 -0.377294 -0.391900 -0.052436 0.064161 0.108819 -0.001407 -0.207818 0.097005 -0.145219 -0.161309 0.246668 0.294320 -0.662943 0.587760 0.507227 0.035676 -0.087201 -0.248160 0.074022 -0.132424 0.070114 0.297175 0.245596 0.144560 0.473986 -0.092615 0.081192 -0.140565 0.440050 0.429473 -0.592441 -0.702880 -0.148749 -0.305268 0.186532 -0.568916 0.434078 -0.088139 0.048417 0.571288 -0.494336 -0.573326 0.156223 -0.168108 0.713545 -0.475734 0.491944 -0.412395 0.238974 0.312566 -0.111988 0.219538 -0.434519 -0.020360 -0.259753 0.183120 -0.337960 -0.265564 -0.140483 -0.250969 0.232518 0.131225 -0.387294 -0.002155 -0.174068 -0.452520 0.198951 -0.540264 -0.015233 -0.759525 -0.451289 0.120206 -0.594886 0.258307 0.190023 -0.578930 -0.013566 0.257092 -0.361420 0.296762 -0.753704 0.203335 -0.631095 -0.622859 -0.189731 -0.085138 -0.308338 0.347998 0.063551
essays 0.762687 0.863520 0.504373 -0.013528 0.374025 0.243511 -0.103308 0.607909 0.377274 0.297986 -0.034040 0.034463 -0.331361 0.083565 -0.305933 -0.319468 0.348094 -0.376014 -0.007739 -0.602767 0.453907 -0.263323 -0.193081 -0.516174 -0.269969 -0.248789 0.628463 -0.842427 -1.243161 -0.030886 0.032353 -0.295628 -0.644469 0.610730 -0.019583 0.203484 0.315605 0.303401 -0.203298 -0.513710 -0.610779 -0.028908 0.751329 0.099764 0.796472 0.237423 -0.135038 -0.472738 0.094662 0.696124 0.394983 -0.376865 -0.360954 -0.940891 0.477191 0.045539 0.865786 -0.355915 -0.053293 -0.280592 -0.208316 0.297379 0.375447 -0.476320 -0.543202 0.395704 0.530974 0.536754 -0.252767 0.419186 0.041898 0.010884 0.610096 -0.740802 -0.428026 0.491976 0.691547 0.128999 -0.290988 -0.683047 0.012527 0.160689 -0.021801 0.776533 -0.090858 -0.165386 -0.532281 -0.359791 0.562023 -0.459833 -0.347804 -0.516676 -0.137384 -0.071082 0.397547 0.936543 0.069240 -0.421570 -0.120363 -0.769489 -0.297216 1.054353 0.455919 0.497480 0.149216 -0.839816 0.328567 0.556701 -0.233550 -0.083337 -0.603856 -0.184777 -0.288414 0.052807 0.344865 -0.279719 0.441560 0.076244 0.214463 -0.028978 -0.304573 0.668104 -0.053396 -0.430764 -0.253958 0.183938 -0.385182 0.140249 -0.179842 0.349005 -0.444734 -0.547985 0.752819 0.035929 -0.042925 0.438896 -0.341838 0.066904 -0.276204 0.363675 0.253466 0.144664 -0.162571 -0.288936 -0.454694 -0.045048 -0.436728 0.511910 -0.029669 0.145433 0.155804 0.111932 -0.565435 0.226179 -0.202933 0.727562 0.429801 0.954771 -0.056883 -0.155546 -0.034599 -0.289070 0.329321 -0.734673 -0.256421 -0.017379 0.051168 -0.236417 -0.428645 -0.159676 -0.256239 1.066149 -0.289986 -0.047987 0.396026 0.508872 -0.790564 -0.073217 0.190378 0.004273 0.127744 -0.054457 -0.065204 -0.113612 0.205376 0.286796 0.002457 0.200378 0.559413 -0.003845 0.527212 -0.198479 0.384026 -0.336854 0.147616 0.453553 0.349600 0.137648 -0.072767 0.878378
euripides 0.626528 0.082227 0.427495 -0.040063 0.344060 0.190316 0.235285 0.445227 0.524338 0.254827 0.123170 0.179983 -0.115498 0.234777 -0.066711 -0.323748 0.071394 -0.022191 0.407335 -0.382903 0.123862 0.072990 -0.563371 -0.363979 -0.060739 0.041643 0.037510 -0.637453 -0.241356 -0.279913 0.003312 -0.103130 -0.108011 0.292919 -0.011662 -0.070641 0.316082 0.050534 -0.108588 -0.558896 -0.193120 0.051666 0.339390 0.156306 0.666530 0.106105 -0.274228 -0.530878 0.272499 0.279661 -0.099419 -0.260041 -0.271787 -0.188373 -0.141656 -0.072566 0.224485 -0.209570 -0.122756 0.019323 0.042783 0.150088 0.160429 -0.257135 -0.446409 0.037469 0.161675 0.834016 -0.293074 0.234762 -0.242013 -0.236321 0.442360 -0.243378 -0.225220 0.288615 0.457903 -0.318518 -0.495409 -0.267128 0.151318 -0.062252 0.070715 0.450952 -0.464576 0.164681 -0.288207 0.268886 0.047573 0.051922 -0.133360 0.172298 0.053562 -0.055626 0.225141 0.756367 0.195221 -0.045462 -0.181422 -0.645964 -0.435148 0.450926 0.216949 0.209197 0.162513 -0.416736 0.335708 0.384002 -0.164872 -0.031828 -0.189351 -0.226126 0.024883 0.167265 0.022642 -0.135701 -0.113699 -0.230712 0.043585 -0.299033 -0.128983 0.499316 0.569552 -0.564800 0.082100 0.194551 0.262389 0.421113 -0.345383 0.392497 0.149435 -0.319533 -0.000313 0.034213 0.045691 0.237014 0.042347 -0.138727 -0.382482 -0.069233 0.217224 -0.456395 -0.292620 -0.402068 -0.223806 0.132078 -0.192617 -0.194551 0.222297 -0.054845 0.120725 -0.487536 -0.259813 -0.013202 -0.200280 0.332399 0.098674 0.428441 0.071177 0.232954 0.313442 0.063980 -0.029355 -0.339987 0.317574 -0.144893 0.112109 -0.116391 -0.262340 0.159637 -0.615615 0.133386 0.099377 -0.613493 0.207603 0.145194 -0.397894 0.156390 0.163316 0.127350 -0.188299 -0.074830 0.019863 -0.058963 0.125864 0.258570 0.067892 0.107169 0.439086 0.008148 -0.024722 0.023066 -0.087937 -0.351942 0.102089 -0.173904 0.007771 -0.017961 0.151378 0.404821
eventful 0.679276 0.077455 0.349316 0.057606 0.430970 -0.191314 -0.161770 0.670402 0.200351 0.271138 -0.139212 0.708500 0.092560 -0.168217 0.602608 -0.384867 0.154851 -0.129150 1.005016 -0.858285 0.418759 -0.463918 0.124828 -0.178478 -0.382889 -0.290779 0.437973 -0.266005 -0.783483 0.037758 -0.205327 -0.288577 0.005648 0.736119 -0.536695 0.068749 -0.018792 -0.166930 -0.040382 -0.583468 -0.193067 -0.061077 0.123719 0.448080 0.288979 0.087506 0.048115 0.065510 -0.033954 0.592253 0.160428 -0.192054 -0.130524 -1.075615 0.328976 -0.306362 0.107905 -0.887752 -0.079089 -0.441494 0.005062 0.379833 -0.352315 0.151958 -0.191156 -0.025247 0.484053 0.930527 -0.929133 0.508091 -0.130833 -0.322259 0.840478 -0.453120 -0.860982 0.171073 -0.026510 -0.087255 -0.333421 -0.478758 -0.098236 -0.494071 -0.601309 0.360561 -0.538501 -0.195693 0.391032 0.096096 0.367111 -0.469565 0.217228 0.552669 0.398820 0.069292 0.951707 0.680649 0.090034 -1.082323 -0.260836 -0.390773 -0.468558 0.614839 0.305871 -0.200550 -0.497473 -0.536138 0.124087 0.733509 -0.076267 -0.167308 -0.272489 -0.333188 -0.375158 -0.098615 0.321397 0.283169 0.062776 -0.462647 0.312259 -0.320249 -0.170144 0.521181 0.685087 -0.351307 0.271124 0.515871 0.638699 -0.388306 -0.106100 0.186761 -0.144236 -0.090928 -0.168970 -0.023634 0.465138 0.725599 0.001223 0.041003 -0.438619 -0.266263 0.300094 0.213572 -0.520681 -0.207440 -0.592737 0.143509 -0.398542 0.536283 -0.156582 -0.296060 -0.027209 -0.929411 -0.312258 -0.028379 -0.235518 1.030363 0.101441 0.794187 -0.126212 0.608332 0.014785 0.275349 -0.175475 -0.160950 -0.235234 0.043383 0.230855 -0.469153 -0.276170 -0.481547 -0.588425 0.469893 0.309327 -0.314780 -0.079199 -0.407014 -0.472530 -0.086559 -0.277641 -0.250829 -0.516415 -0.279438 0.034012 0.006839 0.356003 0.200692 -0.039777 -0.068031 0.721684 0.038408 0.967654 -0.495821 0.378529 -0.151754 -0.523283 0.138146 -0.496450 -0.441123 0.407597 0.102299
exemplars 0.682137 0.558138 0.298927 0.294603 0.610672 -0.008098 0.135478 0.461253 0.163171 0.049365 -0.324456 -0.333000 -0.356081 0.026843 -0.173703 -0.423625 -0.138803 -0.395350 0.506558 -0.429014 0.043547 -0.273752 -0.289696 -0.111189 -0.693136 -0.332057 -0.101757 -0.601609 -0.654924 -0.437102 -0.040241 -0.316609 -0.312616 0.507080 -0.035043 -0.129301 0.347275 0.215431 0.184923 -0.064366 -0.170449 -0.178328 0.095182 0.223429 0.598636 0.377915 -0.042605 -0.412138 0.832167 0.180575 -0.012668 -0.256821 -0.546320 -0.277177 0.223446 -0.020498 0.483551 -0.345891 -0.365687 -0.037703 0.037873 0.194328 0.334321 0.083118 -0.209454 0.234224 0.683705 0.635199 0.019871 0.364837 -0.172072 0.079441 0.533154 -0.166026 0.183837 -0.037427 0.421659 -0.328667 -0.558623 -0.518728 0.002005 -0.045655 0.052589 0.224180 -0.346789 0.021949 -0.150469 0.234927 0.050193 -0.150625 -0.291824 0.031635 0.172543 0.204433 0.672040 0.665040 0.070866 -0.559400 -0.004835 -0.335783 -0.531982 0.723305 0.277205 0.377959 -0.024053 -0.552518 0.213704 0.433899 0.089147 -0.001500 -0.163761 -0.744700 -0.433497 0.296546 0.265104 -0.079698 -0.219928 -0.173730 -0.333187 -0.034827 -0.106359 0.533813 0.526303 -0.558268 0.233189 0.580413 -0.207177 0.293446 -0.378994 0.049093 -0.223421 -0.069936 -0.112725 0.290220 0.145767 0.147054 -0.321834 -0.138150 -0.467643 -0.055941 0.325381 -0.875129 -0.623117 0.150016 -0.184346 0.105633 -0.246549 -0.149873 0.145097 -0.277911 -0.001441 -0.410923 0.064772 0.266126 -0.465406 0.631482 -0.025236 0.100176 -0.114158 -0.246830 0.217280 -0.406541 0.273922 -0.296576 0.124612 -0.016838 -0.093595 -0.342702 0.134998 0.032444 -0.311277 0.379024 0.260119 -0.556525 0.012622 0.227520 -0.575035 0.087851 -0.255083 0.015196 -0.198454 -0.047250 0.077334 -0.135159 -0.286819 0.448977 0.128767 0.119609 0.728849 0.049020 0.219273 -0.489985 0.131256 -0.236622 -0.473400 -0.054520 0.330925 -0.135678 -0.013734 0.352913
experiences 0.316302 0.551869 0.485205 -0.069905 0.599050 -0.081314 -0.552757 0.404557 0.227949 0.051492 -0.265936 0.106163 0.007114 0.319093 -0.038616 -0.809413 -0.058420 -0.533474 0.504397 -0.877338 0.112330 -0.291176 -0.216972 -0.033490 0.029656 0.125473 0.529243 -0.211718 -1.080270 -0.184309 0.074219 0.004240 -0.082221 0.602809 -0.048724 -0.328607 0.171501 0.030754 -0.093251 -0.315978 -0.402748 0.158426 -0.012189 0.001876 0.397680 -0.016697 0.194353 -0.473300 0.487309 0.125843 0.118291 -0.569660 -0.624560 -0.668947 0.190950 -0.088124 0.416558 -0.753489 -0.519195 0.145243 0.062566 0.397446 -0.262348 0.027627 -0.322282 0.066295 -0.101956 1.267321 -0.632276 0.094329 0.046092 0.040367 0.778012 -0.191583 -0.298262 0.565238 0.053030 0.032651 -0.360908 -0.154440 -0.207518 -0.169648 -0.200158 0.276327 -0.558959 -0.077695 0.184700 0.399575 0.331741 0.389284 0.304781 0.470419 0.159096 0.134939 1.168668 0.323130 -0.207218 -0.024688 -0.138008 -0.592679 0.074299 0.547393 -0.133676 0.039135 -0.141417 -0.949736 -0.044849 0.488987 -0.485121 0.210315 -0.458740 -0.415947 0.055598 0.169625 0.367348 0.503289 0.259934 -0.327905 -0.102389 -0.195060 -0.139001 0.692726 0.326931 -0.662360 -0.099737 0.150978 -0.076539 0.127774 0.158034 0.242391 -0.174735 -0.181107 -0.200632 0.007871 0.643151 0.432848 -0.336328 -0.396387 -0.204237 0.034204 0.669354 -0.115964 -0.573529 -0.191906 -0.297045 -0.091130 -0.353219 0.560850 0.198206 -0.075454 0.069829 -0.448775 -0.350437 0.235487 -0.593949 0.414423 -0.049790 1.030406 -0.485771 0.949995 -0.194261 -0.078072 -0.256300 -0.455755 -0.415958 -0.078553 -0.082260 -0.295619 0.091905 -0.032371 -0.400047 0.311680 0.543748 -0.597817 -0.353652 0.082043 0.101868 0.332062 0.159432 -0.287634 -0.182766 0.043557 0.055738 -0.483018 -0.477637 -0.005558 0.151578 -0.276893 0.612321 0.125779 0.640877 -0.363725 0.497318 -0.078008 -0.341225 0.198276 0.033663 -0.003909 0.003968 0.160115
explosion 0.119091 0.416533 0.289475 0.075765 0.615695 -0.114164 -0.512395 -0.340265 -0.403611 -0.471056 -0.123961 0.130585 -0.368856 0.000622 0.444592 -0.492686 -0.442500 0.168529 -0.005005 -0.387643 0.255980 -0.083370 0.140245 0.375627 0.663574 -0.448768 0.034906 0.058411 -0.823262 0.165540 0.097809 0.726949 0.250137 0.350061 0.445049 -0.339949 0.245436 0.144641 0.080979 -0.551488 -0.024549 -0.655639 0.403288 -0.059534 0.811848 0.256745 -0.573290 0.651977 0.164956 0.412308 -0.203814 -0.638775 -0.305323 -0.775270 -0.661386 0.159114 0.001929 0.109418 0.440609 0.635245 -0.382635 0.036143 -0.174446 0.315194 -0.202100 0.345534 -0.103477 0.647506 -0.255213 0.856413 0.019388 0.258400 0.780929 -0.207796 0.335097 0.578739 0.165094 0.523710 -0.123885 -0.350201 0.412919 -0.248816 -0.302594 -0.045843 -0.109821 -0.011824 0.369341 0.087287 0.329082 -0.278735 0.658975 0.094934 0.407353 1.125489 0.560684 0.612185 0.245651 -0.026473 -0.004790 -0.886738 -0.093845 0.517677 0.014178 -0.063551 -1.154533 -0.909128 -0.381507 0.852788 -0.619851 -0.132180 -0.447352 -0.174158 -0.669539 -0.125721 -0.020160 0.014482 0.078864 -0.221015 -0.397012 0.389771 -0.692213 0.280751 0.354564 0.026398 0.807223 -0.264773 -0.572556 -0.638357 -0.563590 -0.446739 -0.148286 -0.266116 -0.190216 0.192259 0.466579 0.045765 -0.502904 -0.697653 0.465760 0.032985 0.565309 0.300000 -0.373163 -0.783503 -0.439517 0.288980 -0.290154 0.470497 0.182189 0.110759 -0.110127 -0.574914 -0.910963 0.113092 -0.593089 0.640619 -0.070553 -0.025458 -0.627594 0.361417 -0.275024 -0.000760 -0.231919 0.277824 0.253051 0.002696 -0.115718 -0.030636 -0.233208 -0.123268 -0.717593 0.280885 0.355807 -0.180158 0.301706 -0.016998 -0.394815 0.426824 -0.414396 0.151156 0.379245 -0.169955 0.125581 0.622032 0.855247 -0.059869 0.156744 -0.441394 0.645485 -0.004551 0.198339 -0.701232 -0.376351 0.049847 -0.097167 0.014627 0.626747 -0.217445 -0.033428 -0.351430
extensions 0.384089 0.122806 -0.311133 0.267821 0.349629 -0.114089 -0.178627 0.331500 0.086056 -0.649070 -1.343009 -0.197918 -0.505556 0.763665 -0.310525 -0.363856 0.106859 0.035240 0.092248 -0.410733 -0.132247 -0.703066 -0.391310 0.358560 -1.063859 0.086584 -0.006303 -0.333581 -0.799529 -0.394647 0.823367 0.432301 -0.299747 -0.119031 0.439317 -0.298670 0.094474 0.031739 0.372285 -0.496936 -0.557184 0.167016 0.043578 0.155398 0.453325 0.358226 0.095456 -0.470980 0.404780 0.087856 -0.427566 -0.114172 -0.395162 -0.439018 -0.041276 -0.490692 -0.288198 -0.759439 -0.252534 -0.006428 0.055545 0.526348 -0.379357 0.131746 -0.779961 0.179371 0.053098 1.165974 0.624179 0.663912 0.049919 -0.446066 0.004173 0.245973 0.077440 0.663219 -0.057584 0.038160 -0.282505 -0.231348 0.012348 -0.781959 -0.166635 0.542366 0.450442 -0.027640 0.617019 -0.249090 0.876410 -0.665649 0.502714 0.163481 -0.022725 0.462280 0.786165 0.722521 -0.138502 0.269512 -0.021483 -0.937609 -0.264685 0.806169 0.000289 0.052702 -0.749832 -0.437333 0.510962 -0.163582 -0.680379 -0.001894 -0.057696 -0.390330 -0.094770 -0.599431 -0.221948 -0.148982 -0.345578 0.140882 0.140769 -0.604433 -0.126816 0.905715 0.536294 -0.147815 0.664450 0.686757 0.089865 -0.111893 0.012658 0.094836 -0.775878 0.470610 0.237652 0.135158 0.417504 0.025292 -0.089443 -0.190113 0.263980 -0.322781 -0.154649 -0.314743 -0.344126 0.148148 -0.350744 -0.390777 0.411072 0.492079 0.093636 -0.060473 -0.242736 0.397843 -0.181893 -0.022438 -1.116157 1.013641 0.145801 -0.006703 -0.436951 -0.475116 0.515530 0.365932 0.302495 0.765345 0.112292 0.014974 -0.376113 -0.197994 0.233040 -0.384258 -1.077900 -0.506979 -0.088753 -0.088808 -0.064560 0.329271 -0.458547 0.237091 0.295486 0.998221 -0.250694 -0.205145 -0.138629 -0.264181 0.738065 0.621998 -0.158617 -0.070273 0.160787 -0.216051 0.749642 -0.605144 0.214463 -0.205783 -0.262959 0.085977 0.501523 -0.605112 0.305746 -0.191445
eyewitness 0.423598 -0.004594 0.632516 0.111204 0.554979 0.107262 -0.463020 -0.011671 0.317987 -0.136661 -0.116522 -0.278262 -0.065126 -0.220672 0.327616 -0.538943 -0.369761 -0.102871 0.557358 -0.410769 0.519199 -0.258149 -0.317739 -0.149831 -0.236464 -0.288965 0.334490 -0.092100 -1.056534 -0.131174 -0.037408 0.092636 0.113719 0.227007 0.102804 -0.196716 0.224865 0.007964 0.082785 0.093573 -0.391503 -0.131280 -0.383017 0.448508 0.326090 0.480885 -0.249147 -0.073548 -0.044466 0.102648 -0.032679 -0.109223 -0.456250 -0.284139 -0.369446 -0.119285 0.427284 0.002454 0.132737 -0.181120 0.095492 0.267064 -0.079900 0.122173 -0.066861 0.468312 0.097095 1.208608 -0.743238 0.413156 -0.217098 -0.085132 0.918508 -0.128758 -0.586278 0.613647 0.375222 0.101140 -0.433704 -0.867142 0.212958 -0.393776 -0.427025 0.307282 -0.234631 -0.153642 0.017024 -0.005626 0.578202 -0.345922 0.076071 0.581541 0.409557 0.364804 0.633538 0.666833 0.070549 -0.251538 0.257397 -0.300658 -0.230355 0.915043 0.115522 -0.061861 -0.167530 -1.085987 0.126956 0.168421 0.029084 -0.046418 -0.434379 -0.005082 -0.066756 -0.057829 0.136918 -0.193668 -0.173891 -0.597476 -0.008790 0.296995 -0.142351 0.842661 0.258210 -0.426403 0.089120 0.183905 -0.516250 -0.380591 0.056002 -0.046708 0.079215 -0.026780 -0.467869 0.530996 0.298482 0.607168 -0.198922 -0.304047 -0.284532 -0.348353 0.534225 0.481104 -0.309219 -0.039812 -0.037817 0.164835 -0.361583 0.350190 -0.305903 0.089176 -0.114766 -0.717108 -0.655472 0.032853 -0.359512 0.616710 0.104541 0.498695 0.163385 0.729507 -0.266986 -0.011203 0.134632 -0.125255 -0.188867 -0.187621 0.179142 -0.410089 0.166390 0.008017 -0.780008 0.222646 0.613705 -0.508516 -0.246315 -0.159018 -0.034652 0.166967 -0.344673 -0.299661 -0.028512 -0.174927 0.253192 -0.181501 -0.371126 -0.063206 -0.656551 0.039590 0.504341 -0.004235 0.528045 -0.382442 -0.155084 -0.206984 -0.247554 -0.353809 0.243246 -0.163042 0.186073 -0.505865
fables 0.728145 0.162573 0.390649 -0.014760 0.396485 -0.106514 0.426610 0.628569 0.452411 -0.528341 0.249083 -0.035534 -0.299990 -0.385441 -0.374991 -0.323101 0.038701 0.263847 -0.144735 -0.394488 0.622340 -0.124992 -0.825738 0.030186 -0.424380 -0.146078 0.486348 0.051597 -0.298768 -0.313135 -0.104795 0.256652 -0.107302 -0.022985 0.193749 -0.531275 0.468922 0.437431 -0.090747 -0.570961 -0.708841 0.253058 0.328613 0.156402 0.204535 0.355055 -0.600841 -0.326195 0.148225 0.827125 -0.145626 0.018240 -0.876247 -0.870130 0.116763 -0.093222 0.540252 -0.176698 -0.284644 -0.213557 -0.319243 -0.253757 0.019044 -0.195636 -0.053927 -0.242231 0.208514 1.010320 -0.149991 -0.119373 -0.477862 -0.322921 0.908896 -0.241909 0.317602 0.749843 0.711399 0.143531 -0.773738 -0.523983 0.294711 -0.366986 -0.272153 0.421777 -0.435044 -0.531226 -0.413556 0.170220 0.064092 -0.596229 -0.280216 0.128433 -0.203549 -0.042086 0.524164 0.616539 0.141715 0.057898 0.117805 -0.709221 -0.341400 0.299700 -0.071653 0.053575 0.007095 -0.608553 0.623707 0.484290 -0.343600 0.335507 -0.377394 -0.519625 -0.037908 0.517450 -0.126609 0.606185 -0.011243 -0.082530 -0.384758 -0.254959 0.126050 0.513455 0.548716 -0.759207 0.374356 0.209683 -0.349955 0.521336 0.025194 -0.001828 0.127811 0.314553 0.190002 0.067462 -0.415562 0.586052 -0.288112 -0.006173 -0.623538 0.311985 0.290420 -0.398745 -0.686761 -0.293519 -0.146778 -0.120645 -0.063199 0.065713 0.276784 0.198079 -0.418514 -0.376624 -0.070276 0.449630 -0.703466 0.509052 0.366933 0.341466 -0.358837 0.574692 -0.030712 -0.377956 -0.326147 -0.443408 0.523099 0.124761 -0.118628 -0.392255 -0.311778 -0.547473 -0.270205 0.340575 0.288605 -0.422608 0.187063 -0.147170 -0.469440 0.155174 0.346453 -0.310120 -0.738056 -0.006312 0.422990 0.011526 -0.208722 0.189400 0.003924 -0.052220 0.742187 0.690537 0.047800 -0.040165 -0.318486 -0.587471 -0.616515 0.552386 0.130804 -0.097515 -0.151296 0.483037
familiars 0.378835 0.167509 0.116914 -0.067244 0.367372 -0.076821 0.093320 0.413049 0.169678 -0.262899 -0.246903 -0.091755 -0.285178 -0.125306 0.160879 -0.374699 -0.154948 0.014508 0.374551 -0.563009 0.438436 -0.187809 -0.149238 -0.056562 -0.295810 -0.167816 0.172446 -0.140769 -0.330949 -0.200644 0.200282 -0.201164 0.125705 0.088319 0.078426 -0.083365 0.143159 -0.147905 0.068994 0.001823 -0.188575 -0.109584 0.229456 -0.151427 0.521609 0.153750 0.099490 -0.074519 0.140331 0.317463 0.017967 -0.279606 -0.326542 -0.305330 0.074881 -0.176763 0.185143 -0.258312 0.049721 -0.042106 -0.227697 -0.121324 0.110597 0.096384 -0.356903 0.172180 0.111904 0.561023 0.002176 0.044132 -0.368453 -0.070707 0.488975 -0.179157 -0.087905 0.265290 0.016128 -0.022233 -0.393842 -0.337571 -0.122395 -0.224713 -0.155794 0.137736 -0.138810 0.097348 -0.006079 0.116693 0.084650 -0.288390 -0.001695 0.278285 -0.004370 0.385939 0.529011 0.361258 0.162268 0.067802 0.089262 -0.430202 -0.198046 0.161756 0.166338 0.073907 -0.040739 -0.507111 0.255139 0.264327 -0.008998 0.006553 -0.192663 -0.288250 -0.215106 -0.089402 -0.015228 0.246352 -0.111011 -0.167139 0.011652 -0.204973 -0.135484 0.241815 0.324078 -0.037230 0.155190 0.125535 -0.038025 0.204511 -0.041493 -0.019312 -0.342094 -0.072572 0.222614 0.104679 -0.019497 0.341625 0.012327 -0.375312 -0.086498 -0.013723 0.418159 -0.494541 -0.267465 0.167379 -0.196037 0.195147 -0.185477 0.181959 0.025551 -0.282531 -0.124814 -0.282326 -0.082440 0.234118 -0.256279 0.287649 -0.109210 0.379189 0.173855 0.027290 0.185893 0.307995 0.077284 -0.034151 0.360191 -0.024383 -0.174805 0.018876 -0.237832 0.125308 -0.232592 0.249028 0.148372 -0.284423 0.040179 0.189466 -0.386093 -0.109418 -0.051766 -0.131182 -0.180240 -0.146499 0.030665 -0.076132 -0.037702 0.156535 -0.227463 0.165549 0.468190 -0.125226 0.165704 0.151942 -0.064515 -0.264079 -0.376111 0.020251 0.226367 0.161720 0.115245 0.144723
fantasia 0.964136 -0.486534 -0.371285 -0.257501 0.363670 -0.438814 0.585028 0.106022 -0.449786 0.588258 0.085239 0.485492 -0.099174 0.157393 0.088006 -0.886563 1.054466 0.724296 0.567829 -0.574445 0.352982 -0.286822 -0.160967 -0.280559 -0.036542 0.111495 0.684722 -0.126062 -0.157623 0.034568 -0.035369 -0.122664 0.253402 0.521430 -0.102471 0.116144 0.172537 -0.654071 -0.479023 -0.014904 -0.122755 -0.460869 0.370863 0.567515 0.934226 0.590754 0.515306 0.169532 0.694061 0.628877 -0.008191 -0.469779 -0.082571 -0.586336 -0.263118 -0.178804 -0.016802 -0.779532 -0.340183 -0.050892 0.039309 0.495145 0.151376 -0.063848 -1.051021 0.030685 0.833397 1.076419 -0.524602 0.462769 -0.060442 0.226703 0.659847 -0.246684 0.402063 0.388987 0.125351 0.377477 -0.949980 -0.827474 -0.309557 -0.630631 -0.865303 0.642919 -0.612217 -0.507289 0.279366 0.551969 0.570194 -0.215030 -0.431277 0.719191 -0.301581 0.278527 1.011971 1.148492 0.000152 -0.511166 0.148024 -1.294560 -0.628760 0.542407 0.393152 1.049008 0.467380 -0.762408 -0.390127 -0.144684 -0.858574 -1.331137 -0.350352 -0.256798 -0.107135 0.779817 -0.094832 0.493191 0.690721 -0.508450 -0.107209 -0.313643 0.114927 0.227210 0.547871 -0.582905 0.668759 0.320219 0.445469 0.784852 -0.730179 -0.872397 0.186186 -0.357835 -0.365471 0.135081 0.362464 0.028246 0.120110 -0.547935 -0.898793 0.048040 -0.219473 -0.275493 -0.451218 0.144065 -0.267594 0.651204 0.389637 -0.218796 0.755769 0.159044 0.065403 0.200534 -0.030827 0.319288 0.616432 0.471957 -0.193761 -0.256822 0.094361 0.438363 0.364729 -0.267975 -0.284238 -0.165239 0.185191 -0.052159 -0.571842 -0.713773 -0.254167 -0.128151 -0.109770 -0.027160 0.587441 -0.510303 -0.006679 -0.107045 -0.065995 -0.224631 0.201240 0.678701 0.123038 0.016843 -0.084367 0.745112 -0.058971 0.419086 -0.036829 0.521113 0.381741 -0.160497 0.103331 0.479798 -0.454395 -0.448725 -0.425850 -0.113606 0.541215 -0.380732 0.081167 0.967688
fantasy 0.459722 0.108557 0.345150 0.203088 0.508542 -0.237194 0.049801 0.208512 0.139017 -0.030849 -0.390070 -0.223980 -0.032289 0.184864 -0.126679 -0.574783 -0.061538 0.152175 0.306340 -0.308619 0.122955 -0.029702 -0.264939 -0.045726 -0.250862 -0.274598 -0.065978 -0.112828 -0.261612 -0.307867 -0.068960 -0.285931 -0.104105 0.151200 0.170690 0.151675 0.401284 -0.065320 -0.258796 -0.271484 -0.297383 -0.166660 0.194615 0.005770 0.499103 0.169381 -0.216857 -0.414946 0.383305 0.241350 0.061817 -0.325914 -0.456995 -0.519684 -0.010368 0.165621 -0.023907 -0.237285 -0.248613 -0.048455 -0.058377 0.349412 -0.016810 -0.013967 -0.282620 0.320794 0.064946 0.611496 -0.251855 0.256305 -0.215980 -0.125819 0.333999 0.045983 0.142047 0.064029 0.070590 -0.234439 -0.399802 -0.594018 0.045172 -0.154211 -0.182125 0.438333 -0.144148 -0.169938 -0.157726 0.325251 -0.017537 -0.105148 0.146108 0.162763 0.343447 0.111663 0.436690 0.698092 -0.036342 -0.368804 -0.127373 -0.259806 -0.360934 0.193851 0.294655 0.098177 -0.064182 -0.452033 0.026040 0.343452 -0.079087 -0.088486 -0.143194 -0.193731 0.131153 -0.041035 0.185166 -0.123212 -0.185204 -0.260243 -0.079627 -0.055671 -0.104935 0.333124 0.128248 -0.339169 0.069219 0.400603 0.105156 0.293559 -0.425240 -0.107440 -0.268470 0.041649 -0.068309 0.000047 0.020685 0.370086 0.073860 -0.284723 -0.217712 -0.156190 0.391363 -0.303025 -0.320228 -0.060959 0.113762 0.172819 -0.063282 0.124450 0.015827 -0.238502 0.015731 -0.231259 -0.215632 0.341837 -0.173389 0.310869 -0.047483 0.230932 -0.077503 0.328141 0.028867 0.059247 -0.076959 -0.415075 0.147770 -0.085517 -0.204935 -0.171871 -0.179300 -0.077471 -0.394084 0.402866 -0.015168 -0.568920 0.001866 0.187692 -0.183568 0.049030 0.052811 0.142244 -0.302517 -0.194294 0.010564 0.103169 -0.380422 0.053081 -0.192459 0.001254 0.331666 -0.077033 0.203175 -0.242152 -0.268056 -0.310110 -0.074442 0.141583 0.052783 -0.197637 0.095836 0.003197
fascinating 0.369769 -0.253937 0.644007 0.235964 0.776373 -0.571132 0.368569 0.872697 0.298599 0.081461 -0.652859 -0.028879 -0.436280 0.446788 0.442326 -0.798488 -0.017763 0.186673 0.122580 -0.639720 0.618149 -0.405248 0.103612 -0.003257 -0.138270 -0.498888 -0.068278 -0.589760 -0.969297 -0.072100 -0.285551 -0.400465 0.323145 0.741078 -0.382164 0.182141 0.169034 -0.238581 -0.423736 -0.571673 -0.088975 0.030981 0.197139 0.207724 0.571756 0.236040 0.123887 -0.592783 0.369492 0.183773 0.090811 0.113195 -0.260444 -0.535881 0.756333 0.417309 0.090347 -0.432006 0.189047 -0.194095 -0.144728 0.091970 0.284852 0.303924 -0.185662 0.041914 0.184100 0.990611 -0.229380 0.478378 0.340579 0.372970 0.593202 -0.265198 0.185495 -0.256639 0.236947 -0.339817 -0.839222 -0.897933 -0.567819 -0.016623 -0.172313 0.991397 -0.207091 -0.368189 -0.560154 0.535429 0.589163 0.341235 -0.071725 0.067345 0.337515 0.324403 0.642089 0.236820 0.403911 -0.416299 0.248927 -0.451222 -0.570865 0.922369 0.063922 0.340862 -0.053490 -1.220222 0.037287 0.038152 -0.059994 -0.460403 0.276139 -0.566358 -0.403318 0.458759 0.453507 0.032309 0.135407 -0.237374 -0.062388 -0.000010 0.114664 0.525841 0.419758 -0.812694 -0.006990 0.560724 0.149625 0.248055 -0.524005 0.183569 0.035030 0.058205 0.157343 -0.067571 0.090464 0.540771 0.120848 -0.010643 -0.695709 0.160985 0.492834 -0.099413 -0.450578 -0.281170 -0.072445 0.346130 -0.380526 -0.085392 0.212546 -0.200042 -0.583385 -0.408375 -0.055278 0.254448 -0.377229 0.710697 -0.047509 0.343009 -0.463569 0.520029 -0.345159 -0.043101 0.024219 -0.202793 0.473004 -0.106316 0.040031 0.241761 0.153071 0.347747 -0.563959 0.246416 0.241057 -0.087463 0.055061 -0.133377 -0.273506 -0.012830 -0.190720 0.204622 -0.726367 -0.172796 0.102975 -0.042112 -0.623318 0.158558 -0.213132 0.168831 0.354025 -0.079642 0.187982 -0.442806 0.110604 -0.211631 -0.477632 -0.314549 0.008577 -0.619642 0.396566 0.420015
fiction 0.651295 0.301246 0.557376 0.373707 0.187143 -0.243047 -0.102643 0.519041 0.690850 -0.328118 -0.041442 -0.297938 -0.442898 -0.052790 -0.109162 -0.918894 0.277137 0.158281 0.584726 -0.487742 0.427393 -0.502749 -0.328464 -0.412228 -0.475484 -0.382581 0.351347 -0.446263 -0.919062 -0.322620 0.023450 -0.046006 -0.009416 0.339548 0.253500 0.181891 0.516113 -0.200917 0.052133 -0.511875 -0.015280 -0.099666 0.217253 0.001983 0.690523 0.026709 -0.291586 -0.449302 0.173036 0.611337 0.330106 -0.115770 -0.558204 -0.709140 0.227132 0.190874 0.120306 -0.386348 -0.244440 -0.681055 -0.176189 0.637746 0.104069 -0.097330 -0.530945 0.414347 -0.015939 1.245826 -0.487570 0.357359 -0.222168 -0.189655 0.488127 -0.135630 0.059865 0.266822 0.694594 -0.033750 -0.286702 -0.844401 0.106648 -0.365127 -0.203473 0.621957 -0.109558 -0.226620 -0.174191 0.273889 -0.174874 -0.212654 0.176030 0.008622 0.343140 -0.045889 0.495010 0.490778 -0.169918 -0.372486 0.075221 -0.528998 -0.543888 0.775245 0.241825 -0.169533 -0.170524 -0.576445 0.315593 0.611776 0.062716 0.094785 -0.326249 -0.245349 -0.008696 -0.295831 0.035163 -0.084625 -0.178248 -0.170442 -0.026886 -0.241782 -0.134907 0.596015 0.336189 -0.279249 0.210767 0.357519 -0.505380 0.170635 -0.695904 -0.018081 -0.126934 -0.164891 -0.332889 0.431699 0.073648 0.251979 0.172804 -0.463888 -0.484472 0.277904 0.259966 -0.402378 -0.206081 -0.543139 -0.063924 0.035865 0.054820 -0.252804 0.393390 -0.088104 -0.008919 -0.332775 -0.436510 0.266861 -0.326662 0.572396 -0.133687 0.847721 -0.586408 0.100695 -0.578073 -0.190805 -0.058801 -0.285192 -0.030451 0.388875 -0.043974 -0.356098 -0.293726 -0.090462 -0.481296 0.425968 0.225481 -0.825393 0.262117 -0.021108 -0.488371 -0.210812 -0.065052 -0.050447 -0.427324 0.033338 0.194755 -0.260134 0.104710 0.365347 0.194052 -0.128125 0.393482 0.277604 0.266685 0.039862 0.068956 -0.605009 -0.193116 0.235032 0.443364 -0.593874 0.200986 0.643979
fictions 0.639384 0.490997 0.474277 0.073155 0.378292 -0.132629 -0.312350 1.123273 0.593423 -0.642320 -0.205352 -0.261107 -0.343432 -0.064964 0.525382 -1.063008 0.364652 -0.015952 0.568612 -0.768073 -0.101550 -0.311757 -0.391792 -0.184982 -0.245526 -0.113860 0.270052 -0.604282 -0.820002 -0.158661 -0.586721 0.002749 -0.044243 0.431570 0.078864 -0.012923 0.124032 0.023627 0.102965 -0.212560 0.115512 0.156370 0.280961 0.061110 0.284942 0.095169 -0.009095 -0.489689 0.659503 0.625493 -0.310824 -0.759605 -0.697641 -0.855372 0.135269 0.034681 0.065051 -0.226730 0.029580 -0.546282 -0.349248 0.618893 0.455329 -0.078526 -0.407030 0.019280 -0.227691 0.951695 -0.706026 0.545886 0.002496 -0.356033 0.594700 -0.076003 -0.145310 0.413552 0.431740 -0.037749 -0.513163 -0.448711 -0.147987 0.176785 -0.189213 0.356170 -0.439745 -0.334315 -0.441940 -0.042008 -0.084489 0.110404 -0.025787 0.236876 -0.209782 0.210816 0.790206 0.343147 0.026370 0.016536 0.112514 -0.867866 -0.561264 0.633282 0.145048 0.068896 0.112569 -0.708084 0.685619 0.489747 0.133946 0.167655 -0.145704 -0.510570 -0.423415 -0.198525 0.119117 -0.091268 -0.622094 -0.244170 -0.104079 -0.558207 -0.088306 0.609127 0.104596 -0.832720 0.384530 0.483698 -0.384985 -0.028195 -0.237335 -0.071859 -0.271935 -0.238228 0.334604 0.111812 0.322564 0.548942 -0.328290 -0.232084 -0.076731 0.182006 0.172840 -0.193918 -0.087372 -0.599661 -0.468257 0.238106 -0.414224 0.509228 0.159858 -0.170802 0.168680 -0.459267 -0.261588 0.236159 -0.555545 1.035185 -0.263654 0.487352 -0.449693 0.064573 -0.020307 0.067959 -0.771857 -0.325964 0.181127 0.187076 -0.242771 0.013095 -0.040160 -0.207349 -0.380623 0.676345 -0.040338 -0.512307 0.279003 -0.032909 -0.500443 -0.069334 0.129777 -0.260813 -0.276528 -0.174279 0.211365 -0.419303 -0.234061 0.131218 0.046545 -0.045727 1.257204 0.055517 0.289152 0.093366 0.314905 -0.616152 -0.504467 0.398284 0.144057 -0.288480 -0.022635 0.547898
figment 0.327261 -0.090639 0.460827 0.396551 0.442886 0.016475 -0.083832 0.556706 0.243977 -0.246075 -0.113864 -0.300196 -0.215845 0.031314 -0.078381 -0.665891 0.091841 0.014998 0.498300 -0.671813 0.021818 -0.234134 -0.275266 -0.254341 -0.192780 -0.254530 0.298664 -0.398858 -0.768631 -0.115871 0.137895 0.056077 0.131428 0.106501 0.194964 0.129077 0.476509 0.262973 0.066232 -0.331031 -0.456116 -0.147890 0.071738 0.232419 0.440305 0.333277 -0.131666 -0.143206 0.286743 0.367724 -0.047475 -0.056308 -0.384236 -0.596775 -0.349474 -0.063624 -0.070063 -0.158786 -0.643012 -0.329613 0.046098 0.287783 0.114775 -0.139636 -0.498701 0.087527 -0.136459 0.712682 -0.200852 0.351834 -0.363879 -0.058246 0.346845 -0.128811 0.129646 0.233711 0.206469 -0.176782 -0.271059 -0.334904 0.188661 0.010367 0.031209 0.681697 -0.165170 -0.110918 -0.191030 0.307231 -0.081934 -0.146761 0.079101 0.184236 0.286292 0.420288 0.456471 0.425446 0.020533 -0.097323 0.059725 -0.459050 -0.739106 0.655670 -0.028475 0.044212 -0.240914 -0.303959 0.424152 0.105792 -0.162208 0.446787 -0.218884 -0.175261 0.103048 0.061104 -0.034736 0.180798 -0.363324 -0.427321 -0.064716 -0.099559 0.035256 0.644515 0.340731 -0.312048 0.248593 0.314368 -0.209031 -0.027930 -0.146491 -0.073304 -0.342538 0.109151 0.001391 0.186798 -0.161390 0.371805 0.162813 0.015619 -0.181044 -0.004373 0.326937 0.056339 -0.285774 -0.229454 -0.095697 0.197235 -0.483651 0.168434 0.110732 -0.222533 0.222076 -0.468028 -0.108468 0.473663 -0.159903 0.504879 -0.172293 0.096676 0.132332 0.327680 -0.047505 0.172479 0.032638 -0.294755 -0.143775 -0.214707 0.129886 -0.143556 -0.326496 0.367765 -0.608165 0.409001 0.191361 -0.588158 0.150459 -0.229999 -0.291479 -0.011754 0.021604 -0.065811 -0.275253 -0.306203 0.184320 -0.291985 -0.105405 0.284695 -0.315358 0.084522 0.256709 0.312571 0.093110 -0.440019 0.210558 -0.345738 0.129636 -0.128232 -0.033920 -0.256364 0.082236 0.207941
francesca 0.411658 -0.372318 -0.064702 0.163514 0.475106 0.099866 -0.170346 0.016582 -0.273017 0.155751 -0.151913 -0.565196 0.011877 0.343158 0.122898 -0.220097 -0.395381 0.234377 0.249255 -0.729418 0.462770 -0.270903 -0.216725 -0.192131 0.471605 -0.124451 0.544441 -0.116773 -0.416588 -0.236124 0.376005 -0.086313 0.298436 0.006218 0.325806 0.038023 0.002569 -0.182587 -0.293421 -0.387484 -0.134905 0.135777 -0.088813 0.379236 0.223541 0.086601 0.056986 -0.186013 -0.182239 0.513022 -0.022671 -0.326169 -0.181233 -0.358179 0.028800 0.026234 0.402028 -0.330371 -0.325169 -0.263909 -0.216036 0.012040 0.136750 0.047215 -0.561004 0.294162 0.327532 0.356366 -0.306911 0.524725 0.106609 0.067385 0.696422 -0.269208 -0.192298 0.213835 0.317643 -0.523961 -0.635311 -0.454779 0.064882 -0.290018 -0.493670 0.452558 -0.341424 -0.246653 0.036454 0.606581 0.243957 0.160495 -0.373603 0.398090 -0.304275 -0.187193 0.188429 0.881303 0.241582 -0.001045 0.478939 -0.583907 -0.242997 0.559632 -0.210478 -0.227992 -0.125576 -0.765074 0.350997 0.258381 -0.303762 -0.370927 -0.227455 -0.198887 -0.139488 0.087516 0.228322 -0.325766 0.002741 -0.795311 -0.050794 -0.463897 -0.428762 0.180104 0.256592 -0.451182 0.163875 0.290093 -0.212920 0.055480 -0.204970 -0.380300 0.495051 -0.036591 -0.465468 0.212161 0.264934 0.548447 -0.185472 -0.156759 -0.550561 -0.200477 0.198439 -0.715861 -0.076038 -0.459604 -0.295434 -0.127369 -0.020642 -0.131897 0.109982 0.174712 0.158068 -0.406635 -0.214402 0.172698 -0.161556 0.666019 -0.023464 0.225417 -0.307283 0.487040 -0.062617 -0.147109 -0.205532 -0.125250 0.139277 -0.253021 -0.160480 -0.497843 -0.273420 -0.053913 -0.114857 0.282880 0.201415 -0.216981 -0.260964 -0.286556 -0.313937 -0.036270 0.341337 0.794804 0.251656 0.228234 0.491552 -0.085079 0.165444 -0.084694 -0.357459 0.227179 0.545140 0.201194 -0.174364 -0.409288 0.018271 -0.220291 0.200592 0.047495 0.281664 -0.062450 0.219039 0.419733
frolics 0.167279 -0.095938 0.056336 0.176520 0.534577 -0.147953 0.297236 0.606138 0.468264 -0.453767 -0.323345 0.017008 -0.322945 0.172172 0.115888 -0.643306 -0.211867 0.120644 0.654180 -0.316379 0.042163 0.026830 0.179160 0.106139 0.180640 -0.519567 0.216859 -0.499020 -0.233125 -0.792288 0.041597 0.172885 0.440288 0.353243 -0.001014 0.194344 0.155316 -0.163519 0.162771 -0.169567 -0.206019 0.042790 0.338687 0.079803 0.737150 0.310342 -0.175983 -0.243384 0.550118 0.400217 0.097987 -0.117268 -0.301852 -0.362011 0.079185 -0.036371 0.382962 -0.570515 -0.246777 -0.242980 -0.113241 0.363024 0.193457 -0.357473 -0.240064 -0.042162 -0.028413 1.079701 -0.143463 0.136318 0.123494 -0.222527 0.694937 0.000784 0.424684 0.078554 0.436243 -0.172963 -1.160332 -0.403327 0.045176 0.139157 0.083307 0.333326 -0.260868 -0.026665 0.010131 0.294785 -0.217041 0.130291 -0.386266 0.357218 0.558965 0.184743 0.610456 0.982856 0.556304 -0.109414 -0.285342 -0.406298 -0.637168 0.363959 0.160941 0.317878 0.245063 -0.763496 0.175416 0.599119 -0.338992 -0.152194 -0.065767 -0.427880 -0.295624 0.117849 0.205616 0.221260 -0.423527 -0.434266 -0.259691 -0.030463 -0.071708 0.203822 0.352583 -0.062861 0.334815 0.111766 -0.188347 0.467174 -0.274535 0.229492 -0.068308 0.133938 0.067259 0.167847 0.047664 0.139554 0.221230 0.116169 -0.282663 0.303789 0.332548 -0.393045 -0.271390 -0.256985 -0.349324 -0.022575 0.098038 0.051397 0.022662 -0.371222 -0.018359 -0.839308 -0.253676 0.241481 -0.299656 0.250913 0.151536 0.260044 -0.174990 0.508804 0.154849 -0.107537 -0.076944 -0.560938 0.399250 -0.363864 0.169970 -0.650458 -0.202992 0.290990 -0.228715 0.686235 0.318784 -0.538830 -0.065571 -0.129087 -0.425404 0.064158 0.099911 0.199352 -0.310190 0.125840 0.259685 0.191064 -0.298412 -0.186403 -0.022966 0.015705 0.657703 0.393151 0.116203 -0.234015 0.003012 -0.343949 -0.525690 -0.088792 0.246356 -0.137524 0.135246 0.764539
fugues 0.386941 0.169367 0.092296 0.099998 0.377289 0.225271 -0.039314 0.172549 0.013077 0.066015 0.011285 -0.001662 -0.152936 -0.222846 0.210713 -0.079275 -0.039033 0.171498 0.294607 -0.526273 0.244417 -0.082032 -0.171471 -0.392609 -0.248868 -0.030858 0.145022 -0.229135 -0.446862 0.142764 0.291491 -0.065360 -0.149491 0.314655 0.124938 -0.153103 0.274285 0.084593 -0.212542 -0.121959 -0.066498 -0.048302 0.380915 0.293130 0.419631 0.124124 -0.127730 -0.103847 -0.033621 0.332182 -0.045839 -0.086311 -0.152082 -0.138642 -0.085605 -0.080887 0.264890 -0.208360 0.177245 -0.127349 -0.198053 0.184254 0.121376 0.012134 -0.406661 0.007892 0.133150 0.452327 -0.130068 0.338360 -0.178481 0.190598 0.466724 -0.247449 -0.051430 0.148176 0.141433 -0.092464 -0.414776 -0.439423 -0.023129 -0.169838 -0.179843 0.217289 -0.212662 -0.115154 -0.051942 0.083397 0.081025 -0.198525 -0.056279 0.129705 0.054510 0.172581 0.640000 0.214929 0.177985 -0.125284 0.071526 -0.274306 -0.244722 0.681110 0.074822 -0.092061 -0.033131 -0.419374 0.176771 0.352824 -0.208103 -0.185338 -0.084754 -0.279979 -0.309098 0.328765 0.292804 -0.207363 0.051950 -0.249562 -0.141228 -0.137268 -0.411308 0.367831 0.592024 -0.338585 0.070669 0.099589 -0.205939 0.154941 -0.400198 -0.189426 0.093598 -0.173049 0.128585 0.319069 0.020433 0.161632 -0.102506 -0.298204 -0.355925 -0.111749 0.349178 -0.281097 -0.292784 -0.063879 -0.202428 0.116980 -0.054701 0.180335 0.397879 -0.048281 -0.110990 -0.433658 -0.032907 0.189347 -0.048014 0.293024 0.033074 0.080328 -0.082241 0.027319 0.239938 0.035796 -0.230939 -0.275952 0.044409 -0.069110 -0.009835 -0.265008 -0.086183 -0.076567 -0.328606 0.062747 -0.034955 -0.426964 0.103484 -0.000891 -0.188767 -0.106079 0.153791 0.113469 -0.147426 0.158837 0.069022 0.122119 0.132241 0.193062 -0.184879 0.003287 0.265912 -0.008661 0.149638 0.096491 -0.086831 -0.254494 -0.058297 0.175235 0.106069 -0.059840 -0.159055 0.236170
furnace -0.021887 0.707996 0.174631 -0.076911 1.447268 -0.197896 0.244011 -0.046019 -0.338510 -0.397696 0.152829 0.565403 -0.675363 -0.362615 0.240196 -0.296419 -0.260108 0.267212 0.066278 -0.561034 0.304749 -0.607112 -0.054277 -0.101151 0.355004 -0.288969 -0.008105 -0.449694 -0.556143 -0.155930 0.405737 0.276534 0.162622 -0.222530 0.513827 0.453884 0.255121 0.204664 0.036437 -0.293698 0.058614 -0.333349 0.123167 0.641203 0.618270 0.231836 -0.278020 0.405875 0.690324 1.090159 0.087242 -0.239602 -0.563880 -0.622071 -0.446351 0.013284 0.086335 0.206851 0.256041 0.478690 0.261927 0.039081 0.012894 0.026864 -0.448423 0.370884 0.097406 1.051396 -0.118228 1.184940 -0.281879 -0.098048 0.589124 0.171041 0.448060 0.374547 0.237376 -0.210826 -0.397695 -0.462241 0.467473 -0.205649 -0.385961 0.295461 0.501698 0.246459 -0.216216 0.130595 -0.077267 -0.012980 0.382295 0.458695 0.566889 0.706041 0.523360 0.215087 -0.013235 0.303887 -0.185150 -0.592642 -0.642742 0.930421 0.679560 -0.300022 -0.543821 -0.196489 0.395523 0.341367 -0.096005 -0.048523 0.209463 -0.514079 -0.690653 0.120456 -0.042181 -0.018867 0.154242 -0.779416 -0.069275 -0.307176 -0.228263 0.551410 0.319000 0.191230 0.731058 -0.240782 0.012953 -0.550351 -0.869714 -0.647446 -0.034303 -0.187614 -0.011064 0.345935 0.504686 0.555424 0.023926 -0.542790 0.152566 -0.119767 0.667727 -0.088298 -0.847209 -0.184959 -0.610593 0.257699 -0.454138 0.696623 -0.160005 0.011364 -0.524242 -0.402658 -0.545364 0.244503 -0.603409 0.412416 -0.312640 0.358105 -0.285473 0.099097 -0.332187 -0.405904 -0.073053 0.158277 0.147540 0.535070 0.287363 0.210327 -0.542300 -0.118130 -0.629748 0.311652 0.268980 0.056505 0.198600 0.161475 -0.488568 -0.118927 0.127727 -0.126372 -0.286810 0.199536 -0.163434 -0.039817 0.271674 0.623825 -0.600477 0.139189 0.315478 0.010429 0.191252 -0.228688 -0.427877 -0.167616 -0.472513 0.334367 0.189654 0.114738 -0.540533 0.119819
furnaces -0.044474 0.550228 0.209774 0.074173 1.354756 -0.299566 0.185450 0.014482 -0.570506 -0.643517 -0.268227 0.348573 -0.479556 -0.220723 0.166048 -0.300562 -0.012130 0.292292 0.156735 -0.400906 0.150724 -0.957795 -0.054483 0.081377 0.200787 -0.165539 0.187014 -0.720447 -0.304277 -0.297008 0.490171 0.145769 0.723916 -0.122713 0.460020 0.048341 0.499723 0.574785 0.087546 0.190359 0.429840 -0.010405 0.139892 0.479876 0.705177 0.182801 -0.208556 0.634622 0.262237 1.136970 -0.422211 0.004989 -0.346890 -0.519191 -0.699533 0.701784 0.090235 -0.124018 0.315420 0.184630 0.237480 -0.096731 0.082289 0.436278 -0.506554 0.141278 0.399874 0.853514 -0.011530 0.982941 -0.068670 -0.106990 0.793152 0.355839 0.626746 0.410092 0.233950 0.020082 -0.071891 -0.350726 -0.086578 -0.310652 -0.602470 0.227673 0.689300 0.113177 -0.290608 0.312314 0.241218 -0.366076 0.500106 0.331784 0.816528 1.042102 0.688596 0.294142 -0.036409 0.282113 -0.038002 -0.516628 -0.324650 0.893063 0.383804 -0.501832 -0.660180 -0.030507 0.355314 0.247968 -0.023041 0.135743 0.228115 -0.713476 -0.753753 -0.280156 -0.181329 -0.095921 0.186072 -0.274381 0.392220 -0.085397 -0.054871 0.129672 0.378519 0.050700 0.765796 -0.346794 0.076686 -0.515365 -0.643253 -0.500875 0.127823 -0.433094 0.185424 0.497628 0.363643 0.588652 -0.004574 -0.552498 -0.093421 0.176086 0.488413 -0.472358 -1.078316 0.187626 -0.693308 -0.049600 -0.412372 0.843149 -0.133950 0.311744 -0.367005 -0.443047 -0.415369 0.024539 -0.898751 0.883966 -0.420356 0.245619 -0.500096 -0.229007 0.011831 -0.373669 -0.122138 0.153178 0.365624 0.307781 -0.416222 -0.020326 -0.330248 -0.225844 -0.679151 0.289658 0.306212 -0.403151 0.247829 0.226724 -0.547349 0.231533 0.368544 0.073062 0.010098 0.392831 -0.213505 0.102585 0.323019 0.892298 -0.127972 0.097614 0.304529 0.194253 0.725342 -0.345153 -0.046074 -0.405024 -0.566751 0.658324 0.282864 0.201869 -0.548852 0.047603
galatians 0.539515 0.023775 0.040925 -0.119997 0.177840 0.019239 0.060625 0.267056 0.051743 0.195652 0.107294 -0.162811 0.007129 -0.113280 0.193349 -0.292179 0.055828 0.018527 0.164145 -0.320065 0.116500 -0.034767 -0.313872 -0.263497 -0.056885 0.075514 0.218758 -0.029595 -0.578429 -0.017137 0.203477 0.128327 -0.060948 0.148457 0.134716 0.025794 0.254014 0.211940 -0.469071 -0.064514 -0.134480 -0.116725 0.026730 -0.035506 0.425056 0.003356 -0.426786 -0.208105 -0.042233 0.307232 -0.142098 -0.010310 -0.304015 -0.332131 -0.024243 -0.104493 0.269406 -0.006326 -0.118666 0.118223 -0.145790 0.020458 0.149210 0.045773 -0.686748 0.081529 0.158887 0.945267 -0.613769 0.639595 -0.282927 0.165428 0.371376 -0.484527 -0.388712 0.350776 0.410318 -0.244689 -0.564090 -0.371880 0.378757 -0.150921 -0.285780 0.349054 -0.452106 0.111635 -0.126694 0.240667 0.107671 -0.352126 -0.065706 0.353322 0.078105 -0.014198 0.252953 0.495122 0.076248 -0.246437 -0.088014 -0.454387 -0.283207 0.397748 0.181472 0.014117 -0.067324 -0.340404 0.454134 0.557626 -0.398327 -0.104711 0.030875 -0.273266 0.269751 0.117748 -0.133256 -0.365070 0.028446 -0.235678 -0.059325 -0.437147 -0.192874 0.340457 0.236694 -0.465510 0.269313 0.278403 -0.213667 0.029097 -0.215468 0.089724 0.201647 -0.174406 0.232695 -0.307495 0.098035 0.239382 -0.068580 -0.137606 -0.013220 -0.048585 0.242593 -0.161256 -0.312985 -0.460467 -0.462900 -0.284128 -0.147001 0.127406 -0.139787 0.208470 -0.106546 -0.175602 -0.306957 0.405544 -0.079201 0.615961 0.320434 0.321231 0.099521 0.161923 0.105286 0.206919 0.224399 -0.123064 -0.170402 -0.082290 0.050653 -0.396213 -0.190588 -0.070451 -0.124617 0.493604 0.123954 -0.233385 0.166361 -0.028552 -0.166618 0.166244 0.109302 -0.048180 -0.180467 -0.084578 0.106691 -0.048866 0.330965 0.189677 0.116868 -0.228588 0.391854 0.221423 0.472055 -0.083548 0.061132 -0.516445 0.429790 -0.005435 -0.353745 0.165592 -0.260637 0.040942
gavotte 0.595121 -0.117291 0.141138 -0.072621 0.509975 0.013207 -0.023395 0.082333 -0.115099 0.188243 0.052961 -0.059634 0.012111 -0.204637 0.238928 -0.272446 -0.059054 0.069601 0.351378 -0.047765 0.230581 -0.033044 -0.051093 -0.339100 0.006487 -0.165401 0.302653 -0.242147 -0.343686 -0.198064 0.338702 0.042757 -0.288889 0.502737 0.179071 -0.084110 -0.015141 -0.139221 -0.058878 -0.107434 -0.040332 -0.020857 0.282578 0.210684 0.291915 0.137874 -0.146862 -0.168214 0.080846 0.112581 -0.074120 0.068466 -0.220081 0.059672 0.091394 0.046859 0.255894 -0.351307 -0.060408 0.023816 0.007720 0.254471 0.061425 -0.151922 -0.563908 0.213729 0.120325 0.389356 -0.440998 0.305520 -0.151004 0.311852 0.475766 -0.079526 0.115072 0.191594 0.278094 -0.058745 -0.089159 -0.258066 -0.138262 0.116787 -0.339561 0.221799 0.039745 -0.209987 -0.090220 0.145601 0.043059 -0.330009 -0.293829 0.312533 0.164092 0.155987 0.608196 0.616593 -0.001111 -0.012756 0.232168 -0.296812 -0.355039 0.296388 -0.064790 -0.125925 0.057541 -0.619302 0.030690 0.332350 -0.138613 -0.402020 -0.045601 -0.454110 -0.128465 0.206095 0.241181 -0.133256 0.030960 -0.449361 -0.027928 -0.182363 -0.357694 0.439622 0.450126 -0.418204 -0.037212 0.132548 -0.004533 0.205489 -0.398077 -0.228245 -0.000323 -0.155372 0.020281 0.107295 -0.024751 -0.020834 -0.026427 0.012167 -0.390060 -0.157634 0.399511 -0.256939 -0.227952 -0.068621 -0.199083 0.045742 -0.000287 0.005189 0.315495 0.193707 -0.109464 -0.407017 -0.117696 0.170518 -0.043277 0.231969 0.110708 0.062496 0.105415 -0.003694 0.204858 0.071501 -0.092930 -0.295967 0.094017 -0.182350 0.017437 -0.375991 0.007060 0.156901 -0.282660 0.012180 0.201057 -0.285735 -0.049014 0.019407 -0.249555 0.026957 -0.021891 0.294348 -0.201713 -0.206340 0.342214 0.037044 -0.093914 0.155893 -0.128698 0.030223 0.230699 -0.100163 0.018075 -0.004011 -0.034325 -0.151948 -0.101112 -0.105302 0.091607 -0.453021 0.079729 0.448192
genealogies 0.288197 0.437644 0.188955 -0.106306 0.355985 -0.209569 -0.164539 0.300992 0.348007 -0.105341 -0.136431 -0.053427 -0.131204 0.046232 0.256066 -0.411201 -0.153999 -0.075266 0.468256 -0.533931 0.128799 -0.134784 -0.140242 -0.098480 -0.172170 0.096801 0.121521 -0.305902 -0.650726 -0.045257 0.146612 0.034349 0.018963 0.188708 -0.066290 -0.257657 0.185332 -0.008443 -0.046571 -0.342911 -0.391433 0.010815 0.236222 -0.006779 0.468955 0.178609 -0.406537 -0.243119 0.080494 0.299943 -0.027508 -0.529442 -0.482759 -0.775117 0.134449 0.030256 0.444175 -0.385282 -0.301351 -0.193764 0.014871 0.112507 -0.109963 0.015459 -0.320450 -0.026061 0.101764 0.997390 -0.261564 0.255110 -0.128286 -0.416517 0.877089 -0.430611 -0.081372 0.351834 0.207212 -0.185891 -0.502963 -0.529758 0.132297 -0.177566 0.045701 0.340190 -0.515063 -0.001740 -0.171946 0.275060 0.103071 -0.221719 -0.325247 0.244319 -0.005831 0.191701 0.451864 0.641868 0.361906 -0.368703 -0.214469 -0.565070 -0.483436 0.375763 -0.026917 0.050108 -0.193150 -0.547974 0.577579 0.521862 -0.157999 0.170761 -0.039292 -0.324014 -0.613448 -0.230106 -0.164816 0.343496 -0.270319 -0.328134 -0.097599 -0.225709 -0.108722 0.272886 0.387560 -0.444250 -0.123837 -0.050271 -0.145396 -0.103759 -0.143597 0.011956 -0.239971 0.220469 0.227633 0.217384 0.218415 0.200764 0.122047 -0.361502 -0.285449 0.118468 0.189583 -0.051860 -0.310345 -0.134651 -0.375652 -0.048436 -0.107763 0.392812 0.054608 -0.253735 -0.176560 -0.622426 0.131047 0.184154 -0.307423 0.416234 0.080926 0.315201 -0.281924 0.227967 0.089111 0.193154 0.022979 -0.485918 0.348622 0.187864 -0.024061 -0.268455 -0.272894 0.105677 -0.124472 0.456864 0.093192 -0.494603 -0.143892 0.067392 -0.375506 -0.051412 0.104539 0.222842 -0.535131 -0.008531 0.297131 -0.247138 -0.395530 0.285922 -0.309736 -0.077055 0.490448 -0.045120 0.037008 -0.322786 0.042229 -0.384236 -0.376541 0.179264 0.148642 0.108387 0.051623 0.066359
genealogy 0.597161 -0.005063 -0.100520 -0.093041 0.545458 0.157284 -0.232059 0.214955 0.442149 0.011317 0.005339 -0.238189 -0.015281 0.484210 0.143879 -0.579591 0.085811 -0.267218 0.376334 -0.533422 0.029422 -0.506799 -0.538832 0.044578 -0.249966 -0.286339 0.152618 -0.346777 -0.906463 0.190830 0.425904 -0.065012 -0.503104 0.045206 0.139891 0.034263 0.361321 0.054178 -0.390332 -0.285954 -0.198349 -0.333140 0.023803 -0.034430 0.565505 -0.190349 -0.235003 -0.347594 -0.317215 0.385795 -0.252395 -0.213967 -0.404580 -0.685926 0.062417 0.052144 0.687639 -0.059571 -0.369531 -0.188617 -0.091965 0.125748 0.211558 -0.439848 -0.264082 0.342521 -0.251695 0.622970 -0.457638 0.160459 -0.120500 0.056975 1.225258 -0.345362 -0.345328 0.271368 0.435065 -0.025502 -0.589608 -0.531938 0.210671 -0.203830 -0.155194 0.552211 -0.113715 -0.214034 -0.063609 0.580712 0.510964 0.122703 -0.376097 0.501384 -0.072344 0.450337 0.683156 0.669000 0.183054 -0.302361 -0.307627 -0.814437 -0.395324 0.564158 -0.094169 -0.070742 -0.215834 -0.685230 0.427404 0.450703 -0.128646 0.302202 -0.259950 -0.454381 -0.276317 -0.053996 0.011009 0.116339 -0.103984 -0.060122 -0.042639 -0.208299 0.078654 0.539925 0.347704 -0.579925 -0.189624 0.086742 0.035494 0.199362 -0.375042 -0.235529 0.006954 0.207229 -0.009098 0.395946 0.174985 0.460375 0.074172 -0.288276 -0.647373 0.156170 0.014893 -0.294354 -0.094161 -0.058713 -0.247581 0.306152 -0.281062 0.488690 0.111973 -0.434901 0.066936 -0.472451 0.068972 0.063341 -0.372750 0.275144 -0.003082 0.115980 0.371890 0.092607 0.347129 -0.058578 -0.143360 -0.471720 0.076598 0.329475 0.018811 -0.558203 -0.056735 -0.366194 -0.366704 0.440283 0.509477 -0.337835 -0.348149 -0.336887 -0.272159 -0.094428 0.110891 0.167712 -0.319756 0.007787 0.005010 -0.501416 -0.535458 0.527953 -0.275399 -0.071293 0.433858 -0.087141 0.040121 -0.781670 0.236484 -0.707282 -0.191218 0.157927 0.118030 -0.033960 0.319232 0.418937
generator 0.025358 0.028585 0.348583 0.287087 0.593333 -0.222661 -0.138891 0.214895 -0.198468 -0.299120 -0.042812 -0.038375 -0.435136 -0.343775 -0.168032 -0.210196 -0.237742 -0.017091 0.265704 -0.345625 0.229629 -0.124288 -0.223247 -0.027952 -0.015193 -0.530399 0.055714 -0.006461 -0.581634 -0.280471 0.072397 0.011615 0.310873 -0.132161 0.294873 -0.033252 0.183629 0.077749 0.103174 -0.190943 0.006338 0.067664 0.248654 0.517706 0.413861 0.324667 -0.184777 0.444335 0.418960 0.370590 0.172245 -0.205058 -0.670026 -0.581491 -0.127634 -0.003544 -0.274125 0.249105 -0.211036 0.388136 0.107840 0.196855 -0.162019 0.003743 -0.306512 0.210791 0.085092 0.763370 -0.320644 0.691014 -0.199536 0.018370 0.283311 -0.108942 0.561529 0.074897 0.116626 -0.066628 -0.330660 -0.173323 0.298905 0.320745 -0.254009 0.231222 0.114478 0.198564 0.163924 0.169043 -0.144966 0.020913 -0.042347 0.095403 0.343228 0.632308 0.546491 0.487024 -0.022378 0.438705 0.018879 -0.480962 -0.579185 0.525147 0.450410 -0.201697 -0.538440 -0.202928 0.399198 0.041590 -0.247564 0.163588 -0.002723 -0.452532 -0.210728 -0.022869 0.063061 0.187003 0.107130 -0.385608 -0.103839 -0.034794 -0.338953 0.531666 0.221219 0.177017 0.506862 0.103406 -0.213499 -0.110910 -0.558747 -0.021736 0.191339 -0.174232 -0.021113 0.362053 0.344568 0.250757 -0.137687 -0.258933 -0.089241 -0.139127 0.658522 -0.438841 -0.284555 -0.134566 -0.111042 0.051977 -0.191897 0.365199 -0.173069 -0.096000 -0.177791 -0.075590 -0.195096 -0.044138 -0.707623 0.563702 -0.706089 0.079719 -0.072422 0.117628 0.080999 -0.225512 -0.185079 -0.169698 0.038001 0.450402 -0.026249 -0.420604 -0.252538 -0.077885 -0.480069 0.263939 0.201005 -0.625146 -0.030781 -0.213280 -0.259006 -0.007803 0.116114 0.081344 -0.214282 0.156441 -0.051316 -0.381867 -0.211786 0.580224 -0.249374 -0.144521 0.281995 -0.082375 0.120791 -0.232899 -0.293525 -0.291297 -0.325619 -0.162617 -0.048515 -0.212304 0.069802 -0.142736
genesis 0.661435 -0.153263 0.432620 0.242756 0.505803 -0.342657 0.171752 0.032600 0.038718 -0.061813 0.025820 0.288248 -0.202771 -0.044516 0.069211 -0.110739 0.163056 -0.291793 0.006198 -0.438244 0.415233 -0.152087 -0.859808 -0.286078 -0.307115 0.148399 0.413361 -0.195698 -1.022313 0.052025 -0.062818 0.261908 -0.265191 0.360773 -0.049284 0.066310 0.563524 -0.243425 -0.826631 -0.464592 -0.162168 0.036009 0.159461 0.067715 0.489670 0.047375 -0.518691 0.203291 -0.276381 0.372789 0.345850 0.117389 -0.363696 -0.129511 -0.033058 -0.130188 0.556117 0.254368 0.284289 -0.062442 -0.162045 -0.213292 -0.482264 -0.204556 -0.769436 0.441397 -0.066844 1.152047 -0.508602 0.491887 -0.168082 0.082219 0.384598 -1.174058 -0.534001 0.797507 0.587557 -0.051787 -0.280944 -0.522824 0.691093 -0.296523 -0.586507 0.421691 -0.575617 0.196807 -0.478307 0.561778 0.245028 -0.420929 0.130254 0.284313 0.035110 0.377853 0.385737 0.659824 0.125224 -0.455328 0.083458 -0.563954 -0.319336 0.547608 0.028460 0.277549 -0.254582 -0.214978 0.356171 0.612921 -0.401104 0.489079 -0.244434 -0.406742 0.077812 -0.143838 -0.230011 0.163274 0.293386 0.160714 -0.134458 0.163453 -0.076608 0.719296 0.102678 -0.542770 0.436229 0.675276 -0.256075 -0.227708 -0.613574 0.161808 -0.250458 0.061209 0.332658 -0.300559 0.492415 0.039916 -0.147380 -0.302569 -0.160999 0.013389 0.493281 -0.284469 -0.400919 -0.757478 -0.247300 -0.224451 -0.170289 0.141475 0.009090 -0.026403 -0.161341 -0.330159 -0.344072 0.447756 0.138041 0.677436 0.445902 0.749866 0.347903 0.179129 0.031333 0.196559 0.267838 -0.285955 -0.075084 0.156508 -0.080980 -0.494562 -0.375217 -0.387612 -0.254030 0.558980 0.200257 -0.407179 0.283770 0.241118 -0.456613 0.281168 -0.362517 0.391304 -0.003299 -0.245248 -0.194589 -0.354221 0.635057 0.780072 0.005728 0.292965 0.994107 0.455108 0.600599 -0.457189 -0.385296 -0.584262 0.242138 -0.154642 -0.298730 0.330700 0.009916 0.178391
geography 0.432156 0.155741 0.072421 0.566326 0.835209 0.305965 -0.644071 0.341938 0.215759 -0.349623 -0.539980 -0.045066 -0.215963 0.380570 -0.148695 -0.539918 0.044331 0.377031 0.099489 -0.978815 0.402291 0.025998 -0.696988 -0.355301 -1.133284 0.085429 0.116248 -0.580160 -1.434525 0.131413 0.028934 -0.203316 -0.322282 0.409368 -0.166690 -0.002604 0.976942 -0.171591 -0.691475 -0.637591 0.072092 -0.320864 -0.535194 -0.405276 0.798726 0.030856 0.337678 -0.085782 -0.042694 1.028967 0.660214 -0.144316 -0.197151 -1.090568 0.129238 0.248496 0.437840 0.215310 -0.230176 0.056874 0.363685 0.035222 -0.404417 -0.081417 -1.125020 -0.040697 -0.039157 1.208594 -0.250799 0.111122 -0.268366 -0.610587 0.888201 -0.787382 -0.397247 0.325074 0.413922 0.927010 -0.544770 0.177469 0.085958 0.331619 -0.448500 -0.024007 -0.016855 -0.189207 0.111278 0.265774 0.971045 0.474430 0.138402 -0.003787 -0.569436 0.157026 0.178637 0.952613 0.141077 -0.116822 -0.389676 -0.287703 0.039864 0.127140 -0.096294 -0.044474 -0.434094 -0.703937 0.643046 0.764513 -0.013154 0.536798 -1.000956 -0.442064 -0.120753 0.313937 -0.163379 -0.262308 0.105963 0.063322 -0.389698 0.152193 0.158987 0.507826 1.005699 -0.320254 0.077707 0.559836 0.029989 0.030596 -0.124589 0.068735 -0.273436 0.123317 0.072998 0.091318 -0.006669 -0.038151 -0.461712 -0.641840 -0.976002 0.181244 -0.164641 -0.408498 -0.218773 0.051085 -0.279433 -0.035445 -0.587584 0.270683 0.243751 -0.135828 -0.191998 -0.524230 -0.371333 0.183847 -0.319745 0.508172 0.121932 -0.149349 -0.202037 0.652690 0.243529 -0.010050 0.312246 -0.540524 0.081121 0.305408 0.082929 -0.470998 -0.736304 -0.620057 0.256504 0.579847 0.168648 -0.343502 0.080592 0.401857 -0.577818 -0.102402 -0.243512 -0.081986 -0.387170 -0.243164 -0.033219 -0.836681 0.286716 0.908119 -0.478461 0.070078 0.474363 -0.035384 0.703042 -0.893871 0.264218 -0.553978 0.070744 -0.111833 0.021874 -0.228030 -0.250008 0.635980
giulia 0.387286 -0.509044 0.347646 0.171831 0.390577 -0.268188 0.290239 0.083398 -0.104464 0.232524 0.068560 -0.276333 0.306185 0.101072 0.143149 -0.316662 -0.074153 0.134927 0.277632 -0.672484 0.546355 -0.295340 -0.094139 0.278845 0.302774 -0.112759 0.229476 0.237366 -0.473334 -0.164015 0.131839 -0.022404 -0.137459 0.170215 0.012502 0.079848 0.055534 0.027038 -0.271192 -0.503792 -0.181816 0.095068 0.127353 -0.128625 0.307350 -0.087118 0.165103 -0.140982 -0.152960 0.210741 -0.075893 -0.162079 -0.121473 -0.106809 0.177610 0.076080 0.312505 -0.356353 -0.037511 0.227243 -0.169872 0.184792 0.222273 0.131611 -0.152060 0.063455 -0.107463 0.397797 -0.341008 0.453056 -0.285212 0.034258 0.511709 0.090255 -0.020748 0.121848 0.179552 -0.395129 -0.313960 -0.379301 -0.329516 -0.042537 -0.464449 0.102838 -0.416012 -0.016917 0.105488 0.255086 0.278288 0.425356 0.023948 0.067623 -0.115759 0.061110 0.437287 0.600289 0.200484 -0.096190 0.019526 -0.157961 0.045974 0.622315 -0.098504 -0.076911 -0.226742 -0.863499 0.027511 -0.052299 -0.320802 -0.406158 -0.256613 -0.390512 -0.234868 0.091874 0.408076 -0.373367 0.536191 -0.715819 0.028357 -0.206623 -0.122258 -0.030200 0.267220 -0.382309 0.149471 0.244169 -0.015145 -0.169471 -0.113680 -0.384822 0.103934 0.226510 -0.296575 -0.337627 -0.190456 0.191409 -0.078320 0.019808 -0.208087 -0.544930 0.230983 -0.599166 0.160257 -0.229833 -0.179169 0.089118 -0.021752 0.337701 -0.016258 0.602994 0.099292 -0.773968 -0.286259 0.298150 -0.220877 0.419735 0.266885 0.306358 -0.045421 -0.124157 0.092762 0.198145 -0.344792 0.064111 0.316416 -0.092500 -0.055677 -0.454813 -0.270287 0.010978 -0.155145 0.057050 0.235404 -0.373991 -0.098103 0.084175 -0.576870 -0.103085 0.310829 0.417833 -0.205973 0.062406 0.237150 -0.145226 0.029927 -0.032704 -0.364600 0.322541 0.495946 0.102380 -0.081495 -0.015543 0.035547 -0.140006 0.004201 -0.051241 0.304804 -0.133530 0.170473 0.076655
goblin 0.402674 -0.072847 0.149987 0.182188 0.227898 -0.128734 0.070221 0.298925 -0.082415 -0.297280 -0.023213 -0.000984 -0.441748 -0.054107 0.063628 -0.323090 0.122302 -0.008273 0.274421 -0.247053 0.181713 -0.160023 0.089074 0.036881 0.297476 -0.466860 0.036172 -0.124963 -0.424103 -0.277854 -0.055822 -0.127977 0.593809 0.302067 0.179397 -0.135783 -0.034876 0.167645 -0.061207 -0.305227 -0.287750 0.252511 -0.012773 0.085758 0.681273 0.097358 -0.316693 -0.118616 0.370117 0.119740 -0.094864 -0.193555 -0.744945 -0.082302 0.162725 0.097159 0.001371 -0.370756 -0.082412 -0.132038 0.187017 0.000288 0.018249 -0.278507 -0.310238 0.219220 0.095338 0.576934 -0.475998 0.374383 -0.283430 0.158576 0.269071 -0.106334 -0.007350 0.132660 0.463096 -0.017528 -0.502292 -0.661294 -0.247694 0.009704 0.099724 0.514213 -0.426306 0.161303 0.118251 0.226508 -0.086385 -0.248432 -0.067766 0.233341 0.414012 -0.029596 0.350685 0.307701 0.422966 -0.259127 0.240748 -0.103595 -0.269884 0.517188 0.058678 0.037275 0.076037 -0.240204 -0.145324 0.352766 -0.233476 -0.452022 -0.162591 -0.496534 -0.458629 -0.025526 0.247686 0.219793 0.086626 -0.452290 -0.070685 -0.537112 -0.250794 0.136041 0.295608 -0.402491 0.246286 -0.039313 0.145909 0.073430 -0.313645 -0.015260 0.042120 -0.234521 0.208288 -0.151711 0.407517 0.196650 0.177581 0.135944 -0.304217 -0.044214 0.269258 -0.454760 -0.157899 0.041958 -0.238407 -0.076226 0.028849 -0.091745 -0.068744 -0.047914 0.126909 -0.442982 -0.081351 0.067101 -0.251088 0.303114 0.357420 0.287848 0.040169 0.261698 -0.041493 -0.031775 0.020690 -0.047047 0.069899 0.339410 0.025983 -0.146438 0.006967 -0.270207 -0.571008 0.297322 0.420342 -0.220778 0.157143 -0.283652 -0.286531 0.123597 0.229420 0.219675 -0.007651 -0.058832 0.538249 0.190797 0.303987 -0.003746 -0.485260 0.239317 0.368821 0.378854 -0.035869 -0.499642 -0.404788 -0.291363 -0.215049 -0.132310 0.112130 -0.207825 -0.115117 0.455476
hada -0.043753 -0.277613 -0.184725 0.049818 0.262386 -0.049479 0.014819 0.379780 -0.037475 -0.077704 -0.039692 -0.044962 -0.310587 0.054056 0.045451 -0.055642 -0.160612 0.464435 0.181221 -0.707343 0.063314 -0.203727 -0.100371 -0.026904 -0.287268 -0.371403 0.256999 -0.001238 -0.364691 -0.139467 0.191608 -0.161091 0.375050 0.312483 0.117452 -0.047916 0.071659 0.045783 0.055926 -0.191705 -0.307442 0.332804 0.330827 -0.046239 0.171683 -0.164981 -0.208066 -0.072244 0.183641 0.022093 0.435920 -0.010486 -0.642049 0.057826 0.288860 0.191707 0.141330 0.018912 -0.359920 -0.197849 -0.179928 0.107544 -0.120493 -0.076078 -0.395552 0.358554 -0.418412 0.317502 -0.327498 0.225458 -0.082962 0.017867 0.248599 0.001720 0.406168 -0.024203 0.250924 -0.002541 -0.041414 -0.222748 0.045861 0.005410 -0.235097 0.504698 -0.316789 -0.200985 0.221872 0.186165 -0.023561 -0.173095 -0.151319 0.127205 0.113306 0.415863 0.417684 0.169417 0.408274 0.070282 -0.255426 0.084307 -0.191588 0.575864 -0.122240 -0.083033 -0.385064 -0.460735 -0.028398 0.105491 -0.018778 0.088929 -0.400473 -0.342086 -0.466313 -0.161507 -0.148147 0.070178 0.156830 -0.359632 0.258670 -0.792703 -0.040094 0.064864 0.212229 -0.212104 0.109892 0.204521 -0.270528 -0.084760 -0.275678 0.004757 0.181019 0.468077 0.117456 -0.528205 -0.218722 0.199086 -0.006488 0.043896 -0.234151 -0.480464 0.374958 -0.185969 -0.141176 0.158190 -0.407723 0.056915 -0.134942 0.148709 0.133908 0.226300 0.219840 -0.104432 -0.003602 0.330638 -0.168081 0.558849 0.065540 -0.149499 -0.053889 0.131612 0.244231 0.169165 0.086691 -0.173613 -0.009868 -0.201066 0.274904 0.002390 -0.202058 -0.005919 -0.388965 0.156181 0.210824 -0.434138 0.042609 -0.114263 -0.459759 0.394586 0.033268 -0.015940 -0.161640 -0.136607 0.000335 -0.026655 -0.147840 0.129039 -0.342289 0.046504 0.282204 -0.102293 0.256082 0.250563 0.053606 -0.403018 0.070033 -0.057421 0.074293 0.219720 -0.072872 -0.100431
hallway 0.189328 -0.071353 -0.494022 -0.132136 -0.277854 0.114327 0.179976 -0.499352 -0.103724 -0.605155 -0.891954 -0.244655 -0.242745 0.333253 0.256621 -0.825759 -0.150384 -0.081200 0.043360 -0.830477 0.149010 -0.475203 -0.249854 0.115442 -0.153293 -0.273911 0.616548 -0.106360 -0.669518 -0.822612 0.565599 0.252480 0.426967 0.220684 0.416312 0.334537 0.359367 0.041535 -0.279744 -0.745403 -0.299396 0.200803 -0.568945 0.436728 0.278214 -0.525426 0.015595 -0.031096 0.128722 0.298332 0.000775 0.352195 -0.480844 -0.117568 0.162992 -0.476745 0.281150 -0.276889 -0.291507 -0.054951 0.003456 0.658671 0.161877 0.251617 -0.955350 0.152578 0.066631 0.388732 -0.012473 0.305231 0.150922 0.229954 0.036410 0.622088 0.208732 0.532193 0.023690 0.270810 -0.074925 -0.451217 -0.266452 -0.114651 0.542939 0.278794 0.128597 0.369062 0.422621 -0.208382 0.405136 -0.122781 0.153622 0.600350 -0.224052 0.324699 0.268701 0.105413 0.122221 0.086462 -0.303696 -0.498801 0.142201 0.206212 0.122691 -0.425173 -0.882964 -0.563881 0.446371 0.141759 -0.156792 -0.145187 -0.479537 0.141745 -0.288322 0.266492 -0.212816 0.210716 -0.051193 -0.262047 0.048370 -0.542207 -0.154634 0.510154 0.297683 0.085454 0.929990 0.018362 0.018954 -0.123719 0.125240 0.548728 -0.472418 -0.142305 0.511644 -0.595750 0.577406 0.458065 0.209926 -0.340543 0.354415 -0.209643 0.492345 -0.668722 -0.043124 -0.053022 -0.176589 -0.825883 0.222338 0.066519 -0.007066 -0.040905 -0.261952 -0.391773 -0.038806 -0.025176 -0.317914 0.907717 0.094619 -0.592085 0.045307 0.313524 0.714268 -0.247025 -0.142740 0.204189 0.070185 0.674215 0.248490 -0.147497 0.831885 0.011954 -0.607467 -0.529335 0.586533 -0.234790 0.023733 0.052090 0.095295 -0.143758 -0.167832 0.098441 0.001287 0.374423 -0.780631 0.300423 0.719448 0.209377 -0.747098 -0.361808 -0.134380 0.099706 -0.035492 -0.186868 -0.242282 0.008079 0.316182 0.492965 -0.175207 -0.321790 0.294711 -0.115089
heft -0.058252 0.202568 -0.247058 -0.026929 0.120503 0.101815 0.099867 0.555514 -0.082839 -0.189075 -0.140755 -0.049643 -0.271091 -0.126952 0.169167 -0.191820 0.070112 0.374368 0.372814 -0.456104 0.170769 -0.335255 -0.129250 -0.160630 -0.072511 -0.580240 0.377155 -0.019535 -0.376800 -0.074298 0.104758 0.046089 0.220424 0.011461 -0.012311 -0.225833 0.132156 0.006181 -0.026643 -0.342062 -0.156054 -0.053538 0.343781 0.126643 0.220997 0.101110 -0.184432 0.098042 -0.073366 0.092365 0.429791 -0.064428 -0.393442 -0.078041 0.052436 0.026181 0.254245 0.110506 -0.120778 -0.108185 -0.060516 -0.062398 0.021389 -0.239525 -0.319777 0.266251 -0.145893 0.290561 -0.587634 0.176369 -0.162459 -0.094365 0.354592 -0.081822 0.168961 -0.122500 0.043646 -0.117600 -0.357790 -0.374290 -0.072270 -0.218890 -0.289232 0.279920 -0.220725 0.186911 0.451268 0.053302 -0.058267 -0.249019 -0.100695 -0.011144 0.156066 0.305864 0.223306 0.402120 0.435748 0.032953 -0.305787 -0.265832 -0.221322 0.384301 -0.181651 -0.193162 -0.382024 -0.297003 0.114169 0.176630 -0.239556 -0.106267 -0.285588 -0.226011 -0.596083 -0.240235 -0.028406 0.360714 0.406317 -0.483101 -0.082421 -0.655645 -0.151801 0.285740 -0.005172 -0.259912 0.104780 0.230555 -0.258720 -0.291111 -0.130149 -0.144729 0.144476 0.258523 0.265957 -0.308156 -0.159832 0.136531 -0.097379 0.124076 -0.187738 -0.518831 0.340285 0.047779 -0.380969 0.045570 -0.161576 -0.107806 -0.216853 0.174447 -0.034387 0.168754 -0.061115 -0.010275 0.001565 0.232465 -0.094435 0.242770 0.394024 0.162844 -0.089650 0.115466 -0.109733 0.064393 0.000653 0.159614 0.227293 -0.005990 0.025053 -0.012528 -0.137845 0.013515 -0.412632 0.251937 0.293147 -0.252382 0.005897 -0.113942 -0.473645 0.053797 0.126455 -0.076628 -0.382263 -0.150224 -0.116015 0.200942 0.185765 -0.306454 -0.106436 0.059907 0.148368 0.079710 0.276529 -0.080848 -0.087669 -0.366905 0.023728 0.020957 0.216494 -0.014386 -0.341379 0.184411
heroine 0.813717 0.038392 0.427312 -0.172029 0.652091 -0.210054 -0.115241 0.447583 0.438358 -0.109771 0.276311 -0.187641 0.151335 0.374990 0.612667 -0.347053 0.154879 -0.003832 0.468944 -0.248283 0.423464 -0.442518 -0.037740 0.258430 0.247483 -0.552342 -0.121650 -0.368747 -0.787712 -0.320056 -0.686154 -0.180878 0.504668 0.177052 -0.658130 -0.047668 0.243620 -0.023049 -0.089541 -0.723293 0.139675 0.101566 0.149073 0.210915 0.508764 0.122145 0.183954 -0.511573 0.090446 0.309934 0.334173 -0.205405 -0.346123 -0.619320 0.136528 -0.002816 0.054425 -0.684332 -0.019517 -0.245596 -0.217149 0.363360 -0.189734 -0.020948 -0.410330 0.313090 0.418231 0.133806 -0.538614 0.957494 -0.057867 0.169051 0.867603 0.084947 0.207551 0.151911 0.278790 0.025916 -0.694190 -0.608779 -0.150023 -0.414640 -0.098055 1.013176 -0.387626 -0.160761 -0.448512 0.150162 0.583172 0.166664 -0.191769 0.272864 -0.103842 0.061102 0.500084 0.637576 0.013464 -0.038557 0.381827 -0.859364 -0.521665 0.591260 -0.042955 -0.314068 -0.374344 -1.036606 0.436744 0.361902 -0.217521 -0.549381 0.081663 -0.759530 0.141723 0.147717 0.581731 -0.407069 0.342539 -0.658572 -0.347993 -0.073753 -0.152999 -0.290061 0.460751 -0.348744 0.209366 0.492710 -0.535944 0.223113 -0.479084 0.070463 0.312176 -0.335481 -0.354431 -0.072782 -0.143806 0.793642 0.237147 0.205889 -0.733795 -0.245736 0.313813 -0.447323 -0.151511 -0.213407 -0.181514 0.100454 0.343880 -0.080921 -0.024505 0.241790 -0.219354 -0.633965 -0.575096 0.083689 -0.418409 1.129598 0.096169 0.505316 -0.460330 0.609949 -0.194312 0.207011 -0.082703 -0.066863 0.016958 0.428238 0.141576 -0.411206 -0.046093 0.061935 -0.662844 0.206318 0.027445 0.147387 -0.231946 -0.314571 -0.347057 0.201404 -0.258313 0.744161 -0.435514 -0.652573 0.406736 -0.174032 0.006434 0.399591 -0.180960 0.295095 0.600863 0.283961 0.089301 -0.467038 0.148153 -0.251070 -0.365979 0.194110 0.388437 -0.337281 0.612415 0.414296
historians 1.271303 0.411374 0.444748 -0.022150 0.672684 0.051542 -0.186917 0.684312 0.426384 -0.667375 -0.191034 0.103853 -0.076577 0.055897 -0.115339 -0.595431 0.234322 -0.190967 0.685700 -0.501952 0.271065 -0.082234 -0.508078 -0.473343 -0.173501 0.164751 0.478183 -0.352611 -0.941279 0.160999 0.293559 -0.117141 -0.442345 0.204030 0.119843 -0.329685 0.139109 0.315008 0.106710 -0.450643 -0.488569 -0.237493 0.386702 -0.284959 0.457261 -0.017458 -0.095919 -0.385675 0.282226 0.140376 0.034240 -0.190023 -0.366410 -0.885624 0.213266 0.059819 0.399798 -0.693829 0.137812 -0.365841 -0.208064 -0.335984 -0.120267 0.092913 -1.060361 0.186215 -0.172547 0.888232 -0.304175 -0.045622 -0.343904 -0.657686 0.429565 -0.373180 -0.227614 0.165804 0.456864 0.124075 -0.455337 -0.461713 0.407635 -0.148486 -0.274244 -0.034719 -0.195000 0.204401 -0.140631 0.145474 0.303887 -0.177279 0.293093 0.220583 0.113802 0.209750 0.386698 0.815686 0.419706 -0.547838 0.161119 -0.673379 -0.696046 0.693305 -0.306822 0.000605 -0.001830 -0.796774 0.092266 0.902796 0.375196 0.052024 -0.466231 -0.372081 -0.304866 0.017757 -0.144478 0.222054 -0.269729 -0.342152 -0.347667 -0.227055 -0.472532 0.137249 0.730753 -0.737498 0.310867 0.513763 0.115341 0.197460 -0.197250 -0.381783 -0.299443 -0.101993 -0.042142 0.509579 -0.586142 0.811230 -0.503311 -0.508280 -0.024233 -0.152567 0.255900 -0.578427 -0.541347 -0.392365 -0.071597 0.314366 -0.870410 -0.139988 0.451626 0.213481 -0.036099 -0.675432 -0.189805 -0.018457 -0.443224 0.461996 0.047077 0.553509 -0.287833 0.222599 0.450173 0.056545 -0.122529 -0.670279 0.386832 0.057664 -0.317233 -0.593687 -0.075418 -0.189935 -0.656862 0.420974 0.653519 -0.435260 -0.166389 0.063017 -0.020916 0.369790 -0.264043 -0.293200 0.044418 -0.170005 0.161468 -0.579709 -0.051628 0.474567 -0.503220 -0.291095 0.587987 -0.168987 0.509752 -0.395560 0.168772 -1.018410 -0.025094 0.172466 -0.048360 0.336510 0.095465 0.250603
historic 0.821654 0.425719 -0.062453 -0.036124 0.583031 0.023888 -0.068214 0.547582 0.230268 -0.010510 -0.096944 0.096433 -0.037333 -0.414387 0.025161 -0.459599 0.206982 -0.404292 0.220994 -0.369145 0.500577 -0.363383 -0.640442 -0.182311 -0.434866 -0.028967 -0.213144 -0.522539 -1.165499 -0.140389 -0.161298 0.006811 -0.371539 0.288611 0.232278 0.108245 0.219549 0.133954 -0.261643 -0.790988 -0.280507 -0.178762 -0.074999 -0.113383 0.389131 -0.090470 -0.118424 -0.174270 -0.448521 0.010360 -0.370665 -0.158559 0.002802 -0.760077 0.513999 -0.463829 0.229730 -0.662954 0.055307 -0.402158 -0.225322 0.366804 0.010280 -0.073162 -0.144520 0.403025 -0.043209 1.287090 -0.234936 0.551205 -0.203286 -0.275147 0.606359 -0.167705 -0.530742 -0.158730 0.797114 -0.017759 -0.419438 -0.625729 0.323027 0.167259 -0.463226 0.207737 -0.184294 -0.012996 -0.165695 0.484006 0.207516 0.106529 -0.170333 -0.173338 0.226726 0.492425 0.559277 0.598542 0.057362 -0.562616 -0.121814 -0.079596 -0.551471 0.788823 -0.152026 0.011645 -0.288877 -0.612934 0.041695 0.884995 -0.174362 0.389502 -0.201187 -0.399209 -0.605344 -0.096420 -0.006622 -0.044879 -0.133458 -0.422642 0.182576 -0.247062 -0.204784 -0.106478 0.217228 -0.193320 0.338459 0.348899 0.068419 0.480338 -0.616663 0.067048 -0.073685 -0.295379 0.169987 -0.069991 -0.186892 0.348933 -0.053476 -0.407656 -0.123604 -0.006498 0.480932 -0.682578 -0.646696 -0.452694 -0.219451 0.047192 -0.643522 -0.010417 -0.278807 -0.581452 0.166614 -0.632893 -0.118587 0.207843 -0.541113 0.620111 -0.047607 -0.156657 -0.494821 0.522573 0.307990 0.135004 0.144852 -0.484534 0.270645 0.116274 -0.358802 -0.295360 -0.454475 -0.572759 -0.727367 1.027386 0.295202 -0.609882 -0.315105 -0.107169 0.023371 -0.108981 -0.340883 -0.110859 -0.286409 -0.501090 0.211228 -0.395995 0.034068 0.117386 -0.618954 -0.108607 0.515474 0.243115 0.097544 -0.646634 0.034720 -0.626988 -0.316094 0.287562 0.702933 -0.591044 0.443466 0.256449
historical 1.082613 0.471071 0.297080 0.278266 0.051531 -0.188474 -0.395482 0.567673 0.112581 -0.042953 0.098881 -0.091565 0.095103 -0.236578 0.115967 -0.438045 0.171729 -0.115124 0.481747 -0.493192 0.466487 -0.351083 -0.733150 -0.239025 -0.978936 0.060113 -0.011592 -0.490584 -1.276711 0.096126 0.268545 0.029977 -0.507952 0.688416 0.063313 0.262790 0.437420 0.362255 0.195777 -0.847969 -0.232806 -0.402104 0.088216 -0.308752 0.481455 -0.237808 -0.273944 -0.126170 -0.075755 0.511165 -0.056808 -0.101880 -0.115698 -0.669061 0.213988 -0.184510 0.533195 -0.754968 0.164387 -0.189010 0.086547 0.452911 0.280935 -0.302898 -0.504463 0.063521 0.398893 1.259263 -0.338654 0.273984 0.157895 -0.039020 0.976669 -0.837254 -0.780519 0.480877 0.333377 0.302864 -0.103981 -0.754548 0.293393 0.216467 -0.588319 0.190910 -0.183831 -0.170778 -0.067461 -0.016844 0.417215 0.260758 0.611852 -0.024278 0.302495 0.365261 0.751020 0.565378 -0.068272 -0.790015 -0.325106 -0.040564 -0.717327 0.492712 -0.218001 0.155250 -0.229320 -0.686436 -0.061984 0.287969 -0.106046 0.309783 -0.065956 -0.545529 -0.215904 0.105534 0.370658 -0.307588 0.129515 -0.300316 0.355576 -0.403310 -0.096324 0.036950 0.846375 -0.548107 -0.054720 0.190016 0.100433 0.734954 -0.644561 0.058887 -0.033625 -0.067225 0.381074 -0.025144 -0.129174 0.078878 -0.113058 -0.451014 -0.175891 0.344165 0.205997 -0.350882 -0.457848 -0.398011 -0.260504 0.348684 -0.443836 0.160969 -0.174831 -0.278846 0.193395 -0.350369 -0.261255 0.382818 -0.790802 0.691363 0.090415 0.290217 -0.135984 0.490213 0.347494 -0.186436 -0.021101 -0.921279 0.303494 -0.025898 -0.442996 -0.332012 -0.400246 -0.560634 -0.726194 0.747166 0.481037 -0.267918 -0.322136 0.617921 -0.018485 -0.272604 -0.381210 0.142371 -0.093720 -0.576012 0.499406 -0.434753 0.057965 -0.107736 -0.480227 -0.390161 0.074253 -0.048002 0.063174 -0.314564 0.220439 -0.451993 -0.022728 0.254735 0.364420 -0.404363 -0.004541 0.743439
historically 0.789762 0.120428 0.113432 0.117937 0.156820 -0.350568 -0.410838 0.290803 0.461217 0.006564 0.024125 -0.225798 -0.154674 0.229660 0.014759 -0.222349 0.538932 -0.209472 0.533464 -0.488887 0.188548 -0.396350 -0.700733 -0.292600 -0.654651 -0.514135 0.069876 -0.526813 -1.282260 0.033916 -0.033058 -0.039671 -0.394379 0.080322 -0.061572 -0.158831 0.555171 -0.016946 -0.117237 -0.307217 -0.447370 -0.329468 0.158712 0.254051 0.231538 -0.164840 -0.541910 -0.261041 -0.051798 -0.025633 -0.871478 -0.133488 -0.208103 -0.935112 0.140706 -0.293025 0.130378 -0.152938 -0.160769 -0.482910 0.119669 0.514105 -0.093866 -0.017940 -0.255941 0.045820 0.037974 0.754814 -0.229676 0.419973 0.171024 0.074927 0.859758 -0.577229 -0.165494 0.691924 0.254903 0.106447 -0.328285 -0.270565 -0.111677 -0.679646 -0.233122 -0.016557 0.254455 -0.298590 -0.352724 0.747825 0.466693 -0.139809 0.290045 0.573818 0.121160 0.943154 0.557282 0.653461 0.131036 -0.218494 -0.215776 -0.664009 -0.742769 0.651670 0.101501 0.145626 -0.444100 -0.429055 0.437498 0.583926 -0.246195 0.160609 -0.436751 -0.200889 -0.160041 -0.046535 -0.220426 -0.097270 -0.128650 -0.163950 0.290629 -0.286354 -0.199627 0.468310 0.269504 -0.481447 0.291710 0.687087 0.124284 0.150037 -0.315234 0.280050 -0.179724 0.027369 0.258851 0.332095 -0.324811 0.864621 -0.261983 -0.540202 -0.220243 -0.001726 0.141338 -0.514203 -0.591483 -0.447377 -0.438004 1.036403 -0.405214 -0.161194 0.116807 -0.206279 0.023009 -0.531035 0.057544 0.545508 -0.180183 0.775545 0.294591 -0.328314 -0.017622 0.250607 0.364853 0.221432 0.109139 -0.325562 0.390339 0.188625 -0.238982 -0.545944 -0.095855 -0.449227 -0.689955 0.532985 -0.145286 -1.032977 0.085716 -0.320495 -0.621433 0.039930 -0.326366 0.192687 -0.299228 -0.681108 0.435408 -0.683961 0.019302 0.285768 -0.637591 -0.068965 -0.053015 -0.463385 0.702469 -0.441288 -0.084624 -0.787817 -0.310587 0.136270 -0.321715 -0.591648 -0.214044 0.074659
history 0.775515 0.417909 0.457139 0.000710 0.354311 -0.387728 -0.242476 0.551540 0.426136 0.257012 0.104615 0.236328 -0.232602 0.093612 -0.302095 -0.424302 0.394295 0.070164 0.061878 -0.585020 -0.017625 -0.257307 -0.658543 -0.053345 -0.534661 -0.150612 0.302941 -0.425808 -1.123185 0.116156 -0.023467 -0.117029 -0.384878 0.558292 0.023879 -0.029271 0.715142 -0.119273 -0.343544 -0.764125 -0.201790 -0.497827 0.017395 -0.226894 0.428589 -0.219543 0.133401 0.153601 -0.081970 0.669097 -0.080997 -0.447985 -0.098827 -0.862530 0.419499 0.075317 0.334379 -0.482944 -0.026123 0.031652 0.164057 0.516339 0.135405 -0.249951 -0.478522 0.009546 -0.120901 0.929816 -0.467509 -0.003563 -0.236814 -0.399552 0.616944 -0.563670 -0.593394 0.323018 0.445692 0.448773 0.008725 -0.539060 -0.019903 -0.337840 -0.170339 0.073814 -0.423547 -0.144918 0.122465 0.265714 0.457098 0.093215 0.135802 0.323598 -0.036452 0.189533 0.416518 0.618921 0.355264 -0.310070 -0.239170 -0.580418 -0.374067 0.638909 -0.377471 -0.063761 -0.348918 -0.545208 0.173476 0.780858 -0.152209 0.250478 -0.498186 0.059292 -0.118596 0.003852 0.070278 0.188459 -0.025143 -0.348890 -0.066983 -0.228044 -0.201256 0.155795 0.324382 -0.330438 -0.162079 0.533223 0.470823 -0.196512 0.059488 0.126468 -0.409698 -0.241987 0.005187 0.273956 0.266118 0.064370 -0.209603 -0.198711 -0.542201 0.159247 0.028449 -0.383196 -0.450499 -0.190219 -0.192354 0.271811 -0.351245 0.157345 0.070669 -0.318209 0.304756 -0.330394 -0.375525 0.156850 -0.431319 0.652671 0.024342 -0.089973 0.136487 0.560068 0.162031 -0.119590 0.096465 -0.668433 -0.128246 0.011647 0.102797 -0.282646 -0.286180 -0.312560 -0.224823 0.375589 0.152124 -0.800317 -0.252807 -0.211419 -0.456569 -0.159566 -0.467664 -0.376234 -0.529002 -0.155707 0.180788 -0.525031 0.256549 0.229055 -0.460903 0.170563 0.574610 -0.099213 0.444155 -0.482712 0.288941 -0.459580 -0.379745 0.043545 -0.039528 0.034799 -0.115788 0.272185
hummel 0.419168 -0.210887 0.017955 0.347579 0.493916 -0.179128 0.031783 0.206839 -0.304549 0.162704 -0.075602 -0.185374 -0.120200 0.027356 0.020225 -0.309786 -0.297781 0.402993 0.380390 -0.411585 0.434551 0.035884 -0.147682 -0.355818 0.110283 -0.394228 0.500944 -0.464709 -0.648602 -0.021764 0.224311 -0.222008 0.077031 0.243712 -0.005817 0.146846 0.331015 -0.026705 -0.129956 -0.426875 -0.071351 -0.165362 -0.094642 0.274409 0.380082 0.122919 -0.052615 -0.377930 0.149710 0.361326 0.074054 -0.195903 -0.191823 -0.033391 0.033411 -0.011232 0.133500 -0.346516 -0.015333 0.011400 -0.001997 0.343806 0.164172 -0.011277 -0.584021 0.116904 0.133066 0.464624 -0.527012 0.129834 -0.008655 0.441244 0.286745 -0.268136 -0.060039 0.414898 0.015383 -0.262504 -0.483637 -0.382600 0.150459 -0.003001 -0.452721 0.239884 -0.092281 -0.071801 0.019071 0.037406 0.192476 -0.268575 -0.301614 0.271476 -0.277145 0.250511 0.430587 0.569979 0.237123 -0.064461 -0.347731 -0.276992 -0.476179 0.388523 0.164245 0.197426 0.239685 -0.661118 -0.306690 0.232836 -0.245972 -0.532572 -0.156183 -0.330037 -0.146477 0.375033 0.386825 -0.394769 0.387864 -0.547076 -0.032018 -0.409570 -0.237509 0.176000 0.491585 -0.304307 0.278644 0.323704 0.072383 0.085002 -0.382079 -0.220060 0.194103 -0.161174 0.166447 0.003784 0.022763 0.168274 -0.088359 0.090444 -0.307365 -0.173234 0.157757 -0.341017 -0.578809 0.039708 -0.233461 0.212951 -0.135264 0.153233 0.348933 -0.104362 0.201446 -0.119730 0.163121 0.111003 -0.014057 0.250463 -0.100144 0.139454 -0.119073 0.137517 0.076595 0.124460 -0.134984 -0.314850 -0.115800 0.106878 -0.004739 -0.251038 0.228629 0.188334 -0.137990 0.055613 -0.056240 -0.284075 0.147926 0.120018 -0.170025 0.021246 0.190776 0.271182 0.146074 0.134443 0.159702 0.100672 0.081441 0.014277 -0.134392 -0.028786 0.251380 0.117318 0.054291 0.161208 0.031145 -0.284987 -0.028995 0.081920 0.002290 -0.233942 0.118145 0.483191
impale -0.013892 0.035747 0.126909 0.276789 0.189276 -0.342205 0.040774 0.532067 0.053110 -0.355036 -0.086586 0.124286 -0.072191 0.170076 -0.042831 -0.392947 0.267667 0.047357 0.228729 -0.347088 0.122615 -0.321898 -0.013917 -0.094819 -0.014396 -0.234255 0.301735 -0.407026 -0.160354 -0.277734 -0.078496 0.246339 0.427098 0.223184 -0.078161 -0.228778 -0.019285 0.144321 -0.029426 -0.387934 -0.199810 0.080546 0.214820 0.028008 0.488279 -0.053795 0.058588 0.048199 0.334342 0.192844 0.196936 -0.097575 -0.532262 -0.414198 0.046539 0.144030 0.181311 -0.061553 -0.380042 0.021386 -0.116576 0.260518 -0.112939 -0.024689 -0.353581 0.059320 -0.182214 0.497893 -0.270588 0.195467 0.214477 0.037362 0.340177 0.127930 0.400966 0.224759 0.337377 -0.277489 -0.508904 -0.383015 -0.393063 0.018728 -0.036256 0.465674 -0.299878 0.125293 -0.016936 0.223264 0.003448 -0.007576 0.054189 0.288048 0.013957 0.384347 0.304472 0.183656 0.223448 0.046427 -0.173224 -0.200886 -0.503594 0.398298 0.089508 -0.342591 -0.617854 -0.346970 0.150741 0.210134 -0.230591 -0.144897 -0.069892 -0.274697 -0.353307 0.101975 0.258565 0.332072 0.063015 -0.458844 -0.085384 -0.450655 -0.015372 0.327573 0.070220 -0.111877 0.253958 0.016645 -0.292425 -0.346397 -0.483049 -0.042028 -0.025481 0.057900 -0.004394 0.039586 -0.182138 0.162707 -0.061251 -0.194214 -0.086717 -0.211901 0.185932 0.206669 -0.285368 -0.142215 -0.362346 0.064573 -0.081165 0.040536 -0.099314 0.000032 0.145053 -0.356963 0.107658 0.584762 -0.330431 0.366640 0.196870 -0.044072 0.053352 0.417054 -0.028293 0.333750 0.260034 -0.458647 -0.209337 -0.209323 -0.017883 -0.032011 0.094316 -0.068126 -0.429056 0.125661 0.140894 -0.190130 -0.036193 0.168983 -0.266904 0.097613 -0.006745 0.005788 -0.364467 -0.312123 -0.055257 -0.104697 0.191739 0.132682 -0.045469 -0.090788 0.026651 -0.019497 0.225224 -0.068178 -0.249831 -0.135417 -0.006279 -0.127266 0.122554 0.008757 -0.087176 0.126077
incident 0.328344 0.157352 0.185671 -0.107695 0.591082 -0.138828 -0.729319 0.280968 0.042753 -0.085011 -0.021260 -0.044212 -0.008770 0.007266 0.666276 -0.540422 0.183410 -0.344433 0.710887 -0.329596 -0.144842 -0.383577 0.013411 -0.134176 -0.171526 -0.091013 0.224819 -0.494014 -0.696339 -0.402574 0.026062 -0.019431 -0.402238 0.351543 -0.281219 -0.090520 0.058001 0.075031 -0.198223 -0.422935 -0.223284 -0.105513 -0.151485 0.204844 0.659106 0.348948 -0.179066 0.149343 -0.033501 -0.097992 -0.114846 -0.559465 -0.155357 -0.645509 0.152851 -0.526809 0.235119 -0.647156 0.086622 -0.077709 -0.080468 0.666001 -0.725553 -0.080932 -0.416341 -0.008850 0.404691 1.024847 -0.599694 0.304068 0.067634 -0.144251 0.812391 -0.177388 -0.017252 0.064622 0.155513 0.275923 -0.384432 -0.819207 -0.110835 -0.312541 -0.501531 0.867326 -0.569487 -0.390918 0.027304 0.037989 0.266035 -0.120559 0.288802 0.698100 0.185582 0.514588 1.056326 0.601694 -0.033673 -0.240169 0.278770 -0.561639 -0.469700 0.986962 -0.212064 -0.292983 -0.345804 -0.694338 0.031253 0.455285 -0.220533 0.201785 -0.291501 -0.366241 -0.137940 0.192575 0.369982 0.289218 -0.270807 -0.093410 0.177192 -0.180514 -0.240290 0.254363 0.094213 0.005931 0.285944 0.236477 -0.171075 -0.192412 -0.215176 -0.122637 -0.064191 -0.178495 -0.136589 0.263572 0.240474 0.246331 -0.001632 -0.077112 0.065399 -0.059251 0.398251 -0.051574 -0.537424 -0.443248 -0.288255 0.007634 -0.305094 0.841652 -0.038640 -0.075891 -0.364882 -0.672007 -0.653286 0.493278 -0.212440 0.311728 0.032003 0.480646 -0.271581 0.506905 -0.083191 -0.043895 -0.060451 -0.542486 -0.035693 -0.066642 -0.006687 -0.519195 -0.072278 0.054146 -0.335863 0.167376 -0.010613 -0.626664 0.254796 -0.225399 -0.105585 -0.026982 -0.219684 0.290458 0.033704 -0.315098 0.156553 0.069969 0.044602 0.118554 -0.283037 -0.100079 0.475759 -0.148815 0.497548 -0.652913 -0.500650 -0.059449 -0.304039 0.136819 0.149859 -0.540979 0.051661 -0.108137
incidents 0.496880 0.266474 0.216990 0.298552 0.869340 -0.072083 -0.526978 0.623171 0.118180 -0.286116 -0.179773 0.215497 0.115259 0.204574 0.581362 -0.722154 0.507443 -0.759516 0.734057 -0.397105 0.119441 -0.447976 -0.283056 0.042858 -0.508618 -0.326789 0.320930 -0.524851 -0.746483 -0.276624 -0.499820 0.155279 -0.134342 0.509041 -0.350902 -0.335890 -0.065210 0.084003 -0.172413 -0.488893 -0.070690 -0.202985 0.061740 0.098280 0.496931 -0.009356 0.055482 0.055549 0.104119 0.199421 -0.189356 -0.553891 -0.180332 -0.779770 0.200974 -0.658622 0.450499 -0.637773 0.339256 -0.011061 -0.238372 0.611761 -0.165122 -0.220223 -0.573814 -0.027329 0.642104 1.210573 -0.886631 0.259990 -0.169944 -0.488180 0.853365 -0.128922 -0.445932 0.424853 0.072779 0.221043 -0.292997 -0.751541 -0.113629 -0.385237 -0.580599 0.706407 -0.246001 -0.535781 0.009841 -0.044921 0.233768 -0.066312 -0.026132 0.516984 0.204125 0.447265 1.081965 0.535760 -0.008800 -0.556039 0.144499 -0.772458 -0.451748 0.469568 -0.144790 -0.290815 -0.305506 -0.695033 -0.253905 0.688565 -0.157979 0.033351 -0.441177 -0.232250 0.074035 -0.084893 0.188341 0.324724 -0.556008 -0.302960 0.281507 -0.160876 -0.122751 0.646220 0.126964 -0.112169 0.067385 0.175784 0.234117 0.018519 -0.209767 0.139316 -0.347749 -0.227238 -0.024067 0.086595 0.267947 0.590971 -0.227136 -0.054276 0.107099 -0.291827 0.238758 -0.190572 -0.699648 -0.262952 -0.585175 0.116427 -0.348855 0.444598 -0.057850 -0.189431 -0.240878 -0.795213 -0.530917 0.006568 -0.405821 0.463781 -0.176700 0.548498 -0.066518 0.646622 0.069883 -0.135567 -0.140777 -0.332873 -0.049090 0.189131 -0.239052 -0.675772 -0.165821 0.137811 -0.497369 0.236727 0.211099 -0.601586 0.401453 -0.189830 -0.138104 0.269613 0.019908 0.315337 0.121819 -0.102708 0.377129 0.059009 -0.370499 -0.030572 0.091081 -0.170399 0.934253 -0.014290 0.564361 -0.450105 0.104839 -0.274811 -0.159884 0.112660 0.132731 -0.541681 0.084452 0.209576
interweave 0.322495 0.180852 0.088179 0.097092 0.203196 -0.027744 -0.125903 0.091675 0.217248 0.004993 -0.175398 0.049563 0.002377 0.031573 -0.004802 -0.170200 -0.121020 -0.078792 0.156917 -0.259781 0.034408 -0.147013 -0.335890 -0.076232 -0.322128 -0.203301 -0.030182 -0.301766 -0.468732 0.090808 -0.111676 -0.026348 0.065098 0.166285 0.091493 0.091570 0.052752 -0.046543 0.059976 -0.237601 -0.122847 0.031609 0.018863 0.205094 0.185623 0.066479 -0.129198 -0.009584 0.228489 0.177376 -0.126176 -0.246689 -0.318613 -0.467086 -0.126789 0.077538 0.053893 -0.197576 0.046062 -0.082159 -0.023984 0.175003 -0.040301 -0.093569 -0.060980 0.073820 -0.010507 0.522884 -0.230735 0.179299 -0.120880 -0.190129 0.348722 -0.062558 -0.034426 0.342448 0.179402 -0.113112 -0.186167 -0.230589 -0.092164 -0.029119 -0.113250 0.183831 -0.118236 -0.127039 -0.036161 0.051497 -0.041074 -0.066013 -0.013966 0.096271 0.019416 0.102007 0.247027 0.258917 0.082301 -0.181805 0.041832 -0.215666 -0.253631 0.256124 0.035602 -0.046907 -0.100602 -0.200063 0.221789 0.159781 -0.165781 0.056097 -0.070146 -0.310163 -0.035723 0.195124 -0.030671 0.095676 -0.019360 -0.193858 0.161554 0.004873 -0.208672 0.362520 0.206730 -0.272474 0.103186 0.248916 -0.075574 0.027692 -0.167096 0.135297 -0.226042 0.035624 0.122833 0.013582 -0.094176 0.194937 -0.109421 -0.187786 -0.143165 -0.174627 0.191176 -0.023703 -0.223794 -0.216342 -0.184272 0.045104 -0.115959 -0.144482 0.040577 -0.085235 -0.030739 -0.290958 -0.192821 0.252137 -0.294705 0.156677 0.021561 0.205010 -0.100283 0.131688 0.091277 0.163794 0.038099 -0.318935 0.068286 0.012808 -0.144884 -0.223329 0.030174 -0.225998 -0.450939 0.343392 0.118969 -0.376058 -0.028780 0.020565 -0.084896 0.100654 -0.069298 -0.047961 -0.162240 -0.107606 -0.062870 -0.134617 -0.192364 0.255218 -0.209646 -0.066153 0.265784 -0.098904 0.139739 -0.205793 -0.083672 -0.398384 0.016599 0.042451 -0.051960 -0.168398 -0.002113 0.073725
josephus 0.552149 0.010290 0.355724 0.093622 0.433047 -0.078773 -0.430838 0.409605 0.236010 -0.045218 0.146365 -0.139494 -0.110518 0.062130 0.273087 -0.315793 -0.197327 -0.002492 0.135227 -0.395441 0.059434 -0.262362 -0.330873 -0.079252 -0.245961 -0.088132 0.262074 -0.342220 -0.739869 -0.040905 0.062509 0.089528 0.079548 0.230988 0.440751 -0.012033 0.319676 0.075264 0.173484 -0.615979 -0.109045 -0.243224 -0.068413 0.334079 0.410414 -0.082745 -0.437669 -0.398756 0.037991 0.278806 -0.316106 -0.483138 -0.484801 -0.556751 -0.133683 0.027935 0.294661 -0.507535 -0.114413 0.045714 0.230106 0.186993 0.136299 -0.151872 -0.366657 0.326363 0.086313 0.873094 -0.601581 0.508766 -0.010696 -0.291371 0.234375 -0.360302 -0.293449 0.420449 0.541277 0.033716 -0.110810 -0.153416 -0.001346 -0.205984 -0.194834 0.298041 0.024149 -0.282562 -0.493697 0.058082 0.435604 -0.029013 0.020636 0.253241 -0.017702 0.102853 0.294943 0.509313 0.057320 -0.269519 0.105214 -0.301957 -0.390783 0.500710 -0.120141 -0.003537 0.017719 -0.567793 0.156241 0.374129 -0.074349 0.087530 -0.255497 -0.356988 -0.386787 0.173730 0.291729 -0.209688 0.003972 -0.411932 0.056312 -0.128047 0.029820 0.250791 0.117594 -0.214479 0.046047 0.172985 0.208568 0.181250 -0.116977 -0.209400 -0.034684 0.033713 0.103903 0.161156 0.292532 0.404121 -0.034695 -0.048356 -0.281417 -0.000582 0.483543 -0.175279 -0.421456 -0.100011 -0.009924 0.147761 -0.379681 0.039107 0.255185 -0.017580 0.204078 -0.298752 -0.410389 0.133576 -0.338243 0.496533 0.060872 0.423178 -0.087142 0.045707 -0.023662 -0.162647 -0.130072 -0.207762 0.179589 0.217715 -0.306368 -0.304432 0.082637 -0.386062 -0.183271 0.427270 0.286501 -0.115818 -0.130076 -0.050602 -0.065950 0.021794 0.043918 0.132944 0.162993 -0.225356 0.316975 -0.341436 0.180565 0.036499 -0.532851 0.236285 0.644483 0.259336 -0.148724 -0.347819 0.068029 -0.380157 0.029934 -0.218899 0.293514 0.186129 -0.005408 0.173562
junctions 0.313339 0.155150 -0.693414 0.332154 0.399262 0.043927 -0.041328 -0.027007 -0.334282 -0.812458 -1.321084 0.172241 -0.222527 0.533595 -0.346810 -0.274411 0.457466 -0.367765 0.670634 -0.401807 0.043667 -0.686152 0.001157 0.408410 -0.593413 0.108428 0.358012 -0.246528 -0.944286 -0.501896 0.216711 0.446173 0.240646 0.056073 0.235185 -0.318344 0.502893 -0.169539 -0.009128 -0.843526 0.062381 -0.459921 -0.311426 0.361026 0.675246 0.856303 0.126989 -0.476038 0.089362 0.447912 0.075967 0.246684 -0.259025 -0.798795 -0.347271 -0.324243 0.016079 -0.435246 -0.287595 0.171764 0.086056 0.835597 0.235056 -0.023884 -0.882987 0.288968 0.132835 0.981648 0.071180 0.279130 0.144978 0.024261 0.284991 0.165104 0.642637 0.900527 0.069534 -0.249395 -0.643599 -0.333867 -0.010087 -0.597487 -0.475092 0.697408 0.611403 -0.121569 0.301261 0.486350 0.236848 -0.280474 0.348202 0.539025 0.246923 0.069973 0.293562 0.290284 0.247349 -0.311081 -0.321939 -0.410434 -0.561596 0.657752 0.132576 -0.042657 -0.283275 -0.341774 0.336381 -0.131938 -0.776213 -0.136559 -0.084233 -0.748113 -1.116051 0.156713 -0.464826 0.075231 -0.181674 -0.256694 -0.217424 -0.550069 -0.114323 0.475048 0.343820 -0.142818 0.711339 0.327498 0.449279 -0.487654 -0.088412 0.102743 -0.207988 -0.188272 0.481638 -0.178351 0.245906 0.108035 0.109559 -0.735427 0.121501 0.075491 0.237369 -0.310860 -0.352752 0.452654 -0.572578 -0.504488 -0.257088 1.014997 -0.134555 0.106258 -0.236154 -0.041952 -0.140460 0.110918 -0.587968 0.839052 0.115186 -0.267056 -1.016525 -0.194203 1.163015 0.040750 -0.251486 0.417690 0.184535 0.158167 -0.240811 0.358441 0.775957 -0.636282 -1.062839 -0.251407 -0.208776 -0.079786 0.032530 0.499386 -0.000345 -0.254114 -0.119270 0.669794 0.082910 0.377439 -0.821468 0.031299 0.101373 0.912156 -0.373195 -0.286770 0.374186 -0.064283 1.093310 -0.303389 -0.182732 0.174320 -0.444433 0.849445 0.271321 -0.444094 0.478511 -0.219362
laughably 0.364113 0.280761 0.362319 0.124103 0.436967 -0.114418 0.093159 0.299436 0.085757 -0.144818 -0.133640 -0.117208 -0.111896 -0.062405 -0.001641 -0.413916 -0.110572 -0.148237 0.435623 -0.166031 0.161988 -0.095323 0.005646 -0.015560 0.066964 -0.201089 0.167278 0.004723 -0.287951 -0.216494 -0.042960 -0.099015 -0.016156 0.242654 0.190174 0.009077 0.099088 0.005824 -0.003822 -0.203327 -0.145238 0.020964 0.095424 0.087975 0.417879 0.066913 -0.050921 -0.070776 0.141452 0.033701 0.075701 -0.217766 -0.284611 -0.284759 -0.152080 0.089898 0.096041 -0.307180 -0.076551 -0.065194 0.075820 0.292787 0.016011 0.080301 -0.049662 0.314063 0.133056 0.523886 -0.318280 0.003098 -0.109869 -0.107484 0.535505 0.031435 -0.015409 0.056621 -0.014122 -0.003576 -0.289126 -0.257450 0.080235 0.033797 -0.121521 0.157011 -0.168822 -0.368702 -0.330616 0.106993 0.158299 -0.247465 0.058369 0.230709 0.238106 0.159991 0.462557 0.186545 -0.027510 -0.448144 0.091867 -0.215246 -0.269009 0.409087 -0.007507 -0.046374 -0.085382 -0.465312 0.065135 0.131329 -0.132151 -0.128162 -0.119898 -0.252929 -0.226554 0.120741 0.149408 -0.088191 -0.266470 -0.199589 0.124593 -0.122983 0.085136 0.407674 0.269636 -0.016236 -0.003497 0.134458 -0.088599 -0.004243 -0.064448 -0.022538 -0.031316 0.076477 -0.087733 0.077080 0.067000 0.139635 -0.006855 -0.234112 -0.155509 0.018321 0.255049 0.106754 -0.213554 -0.099163 -0.141830 0.053625 -0.066615 0.221723 0.024129 -0.099384 -0.157683 -0.461462 -0.078899 0.305377 -0.175391 0.344619 0.154607 0.122695 0.036826 0.114384 0.105704 0.234987 -0.124598 -0.188606 -0.045125 -0.045156 0.037368 -0.114035 0.020380 0.038032 -0.363998 0.324346 0.074304 -0.308931 -0.057323 0.065487 -0.228352 0.094430 -0.025924 -0.016463 -0.197437 -0.226625 -0.090513 0.097240 -0.155517 0.055233 -0.163585 -0.024252 0.435293 -0.161011 0.017915 -0.132950 -0.168137 -0.322021 -0.194176 -0.231575 0.075260 -0.297589 0.053516 0.107131
legend 0.877731 -0.141707 -0.035996 -0.128322 0.481644 0.025959 -0.428516 0.408919 0.282333 -0.146407 0.404468 0.084374 -0.362163 -0.370698 0.695107 -0.672914 -0.011061 -0.421998 0.738241 -0.690824 0.247268 -0.218054 -0.355759 -0.322111 0.004383 0.004609 0.830750 -0.438961 -0.327500 0.093882 0.198729 0.148138 0.172391 0.020916 0.588555 -0.453802 0.680096 -0.198624 -0.694552 -0.726237 -0.360204 -0.055889 0.067224 -0.392796 0.040271 -0.258818 -0.753829 -0.078977 0.335379 0.183006 -0.383721 -0.213833 -0.260812 -0.706491 -0.246354 -0.288355 0.733546 -0.280816 0.050274 -0.511515 0.540601 -0.193463 -0.189533 -0.488282 0.223242 0.100076 -0.125056 0.940482 -0.068797 0.366009 0.251302 -0.191183 0.372937 -0.178727 -0.201679 0.318125 0.629995 -0.159263 -0.953447 -0.653528 0.122109 0.341789 -0.134754 0.850695 -0.252818 -0.225998 -0.024316 -0.411764 0.149663 0.158699 -0.488274 0.541529 0.084052 -0.021914 0.745196 0.701646 0.473209 -0.483224 0.048823 -0.649741 -0.805890 0.572452 -0.010871 0.133875 -0.209347 -0.757571 0.097409 0.597010 -0.345817 0.046600 -0.023221 -0.060150 -0.439283 0.540661 0.236392 0.490529 0.065437 -0.042249 -0.058168 -0.705662 -0.499179 0.280318 0.718150 -0.106892 0.799117 0.661266 -0.088885 0.649548 -0.390783 0.344805 0.446365 -0.118502 -0.017595 0.426755 0.066276 0.642267 0.144789 -0.056494 -0.619367 0.280361 0.313949 -0.854787 -0.183284 0.083320 -0.040835 -0.306326 -0.200985 0.403377 -0.043895 0.037488 0.203580 -1.226953 -0.375414 0.467875 -0.167777 0.726018 -0.062478 -0.019961 -0.309246 0.520974 -0.130187 -0.454004 0.403005 -0.130802 0.122993 0.580263 -0.496626 -0.469923 -0.205653 -0.288204 -0.036472 0.394436 0.258394 -0.364888 -0.044109 -0.348411 -0.031742 -0.085553 0.526737 0.146459 -0.325716 0.016880 0.483692 -0.251917 -0.041394 -0.103236 -0.187134 0.214628 0.702363 -0.144158 -0.151413 -0.531146 -0.059449 -0.531330 -0.112001 0.265241 0.371009 -0.107905 0.359759 0.667249
legendary 1.143619 0.060020 -0.116198 -0.069756 0.183294 -0.328508 -0.299009 0.324904 0.451850 -0.284508 0.027845 0.348938 -0.150393 -0.289044 0.768744 -0.429478 0.015948 0.007567 0.723690 -0.230625 0.382137 -0.268705 -0.305958 -0.075983 -0.102139 -0.293076 0.449618 -0.565359 -0.550313 -0.390747 -0.059571 0.094003 0.163769 0.863663 -0.221345 0.075803 0.881698 -0.119967 -0.547124 -0.845403 -0.322591 0.072561 0.293785 -0.406284 0.405221 -0.019902 0.217833 -0.492626 0.215288 0.810049 -0.234598 -0.074716 0.104470 -0.827405 0.147892 -0.104437 0.556939 -0.841898 0.400066 -0.456881 0.074521 0.170649 0.252183 -0.271143 -0.214260 0.410951 0.415856 1.078650 -0.310564 0.698673 -0.056716 -0.178385 0.528915 -0.033899 0.060834 -0.004536 0.727797 -0.557913 -0.927336 -0.325584 -0.506375 -0.049465 -0.343546 0.715137 -0.651069 -0.321312 -0.267702 0.216198 0.485721 0.072033 -0.109422 0.011827 -0.307128 0.183286 0.401574 0.793649 0.531412 -0.677235 -0.210096 -0.931124 -0.710204 0.289666 0.028018 0.235761 -0.199361 -1.256092 0.144631 0.559603 -1.298441 -0.299643 -0.230688 -0.155989 -0.246849 0.479195 0.094779 0.054561 -0.189019 -0.041573 0.133836 -0.238935 -0.577583 0.258260 0.564476 -0.131080 0.234240 0.698615 0.036014 0.294219 -0.335625 -0.153840 -0.005236 0.219454 0.510906 0.248495 0.344942 0.004199 -0.033972 -0.402131 -0.838153 0.011572 0.311922 -0.353397 -0.457714 -0.603605 0.140433 0.188204 -0.002222 -0.157045 0.003336 -0.350581 -0.622499 -0.396777 -0.043082 -0.030318 -0.403696 0.487838 0.151137 0.605177 -0.539591 0.446070 -0.107477 -0.179436 0.384190 -0.173353 0.721642 0.036838 -0.667580 -0.082633 -0.267228 -0.063254 -0.407423 0.837360 0.274249 -0.244712 -0.634286 -0.451181 0.239415 -0.173999 0.277958 0.428870 -0.531745 0.192863 0.023981 -0.363111 -0.137719 0.136834 0.086595 0.528865 0.863926 -0.195636 -0.089666 -0.280315 -0.270704 0.046268 -0.446409 0.130895 0.554520 -0.736659 0.175692 0.524041
legends 0.756837 0.298412 0.184181 0.268542 0.521919 -0.137815 -0.237047 0.710329 0.687871 -0.318247 0.091266 -0.083552 -0.087078 -0.198221 -0.098437 -0.955403 0.326888 -0.052600 0.379786 -0.784179 -0.177323 0.084385 -0.780136 -0.097369 -0.650072 -0.028768 0.057375 -0.055672 -0.755877 0.169198 0.349683 0.151295 -0.212600 0.491756 0.100393 0.015911 -0.360707 -0.028921 -0.479840 -0.440573 -0.399537 -0.345880 -0.164999 -0.443756 0.903040 0.111340 -0.336429 -0.429999 0.163523 0.301312 -0.410883 -0.658406 -0.509926 -1.031986 0.146412 0.134647 0.746754 -0.171750 -0.120632 -0.588475 -0.245032 -0.105172 0.328493 -0.510762 -0.817280 0.015648 0.050111 1.047090 -0.370123 0.551345 0.001784 -0.251557 0.961950 -0.590389 -0.266615 0.317447 0.259207 0.029015 -0.825835 -0.219575 -0.253145 -0.436672 0.099267 0.235217 -0.480463 -0.178433 -0.511182 -0.047094 0.201071 -0.113602 -0.376354 0.797716 -0.294388 -0.257641 1.009472 0.760974 0.699668 0.002877 -0.057137 -0.766494 -0.228663 0.301436 -0.097412 0.243890 -0.390361 -1.139861 0.443558 0.643049 -0.370145 0.228647 -0.504606 -0.103998 -0.456505 0.002990 -0.165958 0.678957 -0.654133 -0.144627 0.319039 -0.101954 0.057529 -0.124254 0.292675 -0.375047 0.124424 0.329342 0.133683 0.157810 -0.217465 0.271762 0.126238 0.218936 0.311265 -0.178879 0.441214 -0.101448 -0.080922 -0.490548 -0.509830 0.389245 -0.137535 -0.511767 -0.163280 -0.201404 -0.216910 0.110470 -0.201215 0.109057 0.325726 -0.434485 0.193718 -0.956900 0.081467 0.537696 -0.587876 0.592698 -0.124786 -0.026597 -0.607626 0.186692 0.090427 -0.165425 0.113428 -0.251550 0.342677 0.251523 -0.370952 -0.418761 -0.361545 -0.312643 0.338337 0.513600 0.421836 0.015970 -0.012029 0.422495 -0.702128 0.097627 0.519616 0.325386 -0.004997 0.379152 0.215593 0.147236 -0.075913 0.073641 -0.631054 0.204814 1.089088 0.328864 0.060229 -0.575700 -0.060544 -0.553523 -0.240717 0.840400 0.334015 0.158868 -0.184782 0.780488
lessing 0.583247 0.017858 0.295306 0.134592 0.340209 -0.049338 -0.066665 0.085557 0.092146 0.061035 0.040553 -0.014921 0.125520 0.136414 0.091165 -0.205312 0.056486 0.013391 0.139725 -0.437742 0.131496 -0.025279 -0.180349 -0.041941 -0.044999 -0.097690 0.032984 -0.341219 -0.269521 -0.216541 -0.102292 -0.041023 -0.070842 0.145107 -0.009316 -0.091103 0.288512 0.016947 -0.086131 -0.331487 -0.124589 -0.039811 0.188833 -0.099039 0.400664 -0.098599 -0.183824 0.009153 0.133157 0.199823 -0.112901 0.003741 -0.168150 -0.174395 0.043746 0.142148 0.414289 -0.209708 -0.065704 0.152429 0.024281 0.089373 -0.137934 0.080284 -0.328293 0.015281 0.055723 0.356549 -0.172433 0.232691 -0.134604 -0.018039 0.382524 -0.013196 -0.025365 0.083074 0.178526 -0.081906 -0.493700 -0.257064 -0.029096 0.018188 -0.229073 0.018802 0.067535 -0.071777 -0.011044 0.056947 0.285809 -0.051558 -0.210546 -0.060140 0.108062 0.119774 0.216703 0.248933 0.169855 0.176622 -0.151269 -0.109359 -0.237677 0.135673 0.134351 -0.035813 -0.073631 -0.470372 0.064316 0.088352 -0.156658 -0.073230 -0.015722 -0.149991 -0.218308 0.053262 0.047325 0.008787 0.043540 -0.353933 -0.035157 -0.264819 -0.086373 0.349424 0.209575 -0.270250 0.076994 0.268370 -0.073518 0.134440 -0.251534 -0.111434 0.119000 -0.065117 -0.074259 0.091438 0.070320 0.181405 -0.050354 -0.104610 -0.313870 -0.205108 0.225057 -0.295258 -0.178336 -0.252164 0.075378 0.128244 -0.353689 0.060780 -0.110524 0.017840 0.068536 -0.296519 -0.090820 0.191003 -0.224811 0.149700 0.209944 0.154200 -0.020014 0.096851 0.079555 0.009344 0.105776 -0.139111 0.056271 -0.046057 -0.067529 -0.230399 0.124938 0.037467 -0.244319 0.047529 0.103734 -0.252109 -0.051227 -0.188663 -0.250882 0.004509 0.085774 0.143791 -0.119155 -0.044935 0.298280 -0.008083 0.000557 0.122448 -0.200909 0.092115 0.293603 0.067699 -0.049400 -0.145737 -0.136767 -0.193076 0.087322 0.117321 0.106915 -0.015848 0.023554 0.142001
libido 0.045718 -0.073911 0.110708 0.277404 0.190591 -0.066528 0.120073 0.361628 -0.008241 -0.172957 -0.232644 0.032699 -0.157542 0.048388 0.025410 -0.303838 -0.038585 0.104382 0.169954 -0.487867 0.004152 -0.388211 -0.121445 0.090191 0.095690 -0.199872 0.183045 -0.077526 -0.411566 -0.124653 0.129357 0.045850 0.128908 -0.064569 -0.192951 -0.010903 0.211216 -0.072878 -0.191592 -0.129226 -0.180392 -0.053064 0.060273 0.167355 0.121826 0.032205 -0.071610 0.030906 0.048187 0.160624 0.215816 -0.015340 -0.522036 -0.238408 0.032445 0.114497 0.167382 -0.079258 -0.046373 0.011853 -0.185627 0.160560 -0.050871 0.070097 -0.470103 0.180064 -0.006448 0.364662 -0.068556 0.396942 -0.162802 0.156136 0.238499 -0.038022 0.277857 0.056519 0.292743 0.058477 -0.300607 -0.341145 -0.168921 0.051748 -0.181602 0.276003 -0.030526 0.080456 0.010862 0.263320 0.082475 -0.012215 0.044529 0.151805 0.045880 0.165028 0.271163 0.311377 0.378127 0.136527 0.055904 -0.217448 -0.087806 0.548921 0.175903 -0.121132 -0.238229 -0.312474 0.248877 -0.040757 -0.164166 -0.095609 -0.092011 -0.229882 -0.167743 -0.064125 -0.067403 -0.008269 0.325395 -0.316981 0.021225 -0.285422 0.165925 0.328310 0.196831 -0.082719 0.135555 0.144394 -0.258252 0.072047 -0.161076 -0.055110 0.182239 -0.060093 0.124140 -0.135260 0.129850 0.183075 -0.214764 -0.111193 -0.287966 -0.260761 0.307216 -0.008696 -0.290064 0.065773 -0.356071 0.070715 -0.008525 0.105074 -0.087551 0.004593 0.139417 -0.233534 -0.059119 0.281537 -0.240887 0.467441 0.159511 0.194649 -0.211993 0.007304 0.140768 0.285022 0.117368 -0.122394 0.204775 0.136761 0.136156 -0.107570 -0.182337 0.109672 -0.399111 0.043375 0.051693 -0.262807 0.097072 0.151210 -0.497984 0.063132 0.107414 -0.049196 -0.317051 0.015724 -0.065787 0.114293 0.088852 0.240231 -0.196626 0.051185 0.449463 0.053699 0.274342 -0.055625 -0.039260 -0.281957 0.049668 -0.074110 0.021158 0.044957 -0.183299 -0.007548
lines 0.502454 0.372983 0.012535 0.209015 0.602727 0.081356 0.012937 0.058912 -0.437161 -0.374780 -0.758729 -0.414050 -0.341849 0.326810 0.115972 -0.600701 -0.316609 -0.030380 0.839040 -0.333957 0.123534 -0.606136 0.006417 0.111613 -1.250792 0.023540 0.797985 -0.613806 -0.847737 -0.436303 -0.288497 0.534269 0.156418 0.038296 0.144971 -0.258345 0.323416 0.001813 -0.222457 -0.682664 -0.026430 -0.289650 0.186063 0.524141 0.604251 -0.117941 0.013825 -0.339509 0.394682 0.408777 0.017689 0.243124 -0.772575 -0.156694 0.213183 -0.454046 0.111986 -0.403952 -0.020563 -0.314267 0.485375 0.547416 -0.001197 -0.116401 -0.712096 -0.025327 0.462195 0.362791 0.455657 0.643557 0.318319 -0.311740 0.298542 0.323879 -0.183086 0.998030 0.069518 0.092978 -0.327869 0.099407 -0.032339 -0.258633 -0.198230 0.589837 -0.037188 0.397716 0.208471 0.173255 0.175171 -0.122755 0.280552 0.665235 0.173023 0.276312 0.141064 0.332268 0.040838 -0.035572 -0.166780 -0.660391 -0.295684 0.770216 0.237568 -0.092164 -0.473483 -0.040217 0.253017 -0.346721 -0.746586 0.214138 -0.684515 -0.204457 -0.481832 0.179298 0.013485 0.108286 -0.162283 0.057368 0.162925 -0.321979 -0.290061 0.488220 0.114951 -0.239488 0.449789 0.776554 0.217042 -0.072505 0.049003 -0.218742 -0.678768 -0.262727 0.027597 -0.143647 0.043920 0.566431 0.132817 -0.297439 -0.075431 -0.216939 -0.080144 -0.443424 -0.235866 -0.003828 -0.598648 -0.257364 -0.344803 0.671022 -0.151873 0.133107 -0.530132 -0.479816 -0.277682 0.122897 -0.433775 0.941052 -0.184833 0.176343 -0.476847 -0.197731 0.493332 0.238691 -0.038940 0.481908 0.235788 -0.268103 -0.032616 -0.181479 0.843652 0.557584 -0.496514 -0.068510 0.279800 -0.349183 -0.163323 0.726536 -0.431586 0.574710 0.015671 0.735245 0.075783 0.207202 0.000831 -0.583563 -0.013410 0.519701 -0.593927 0.131655 0.479833 -0.028133 0.612804 -0.006495 -0.050620 -0.335836 -0.469598 0.615105 0.473244 -0.304511 0.216726 -0.624197
literature 0.952086 0.525302 0.361308 -0.018095 0.349132 0.160181 -0.162730 0.754640 0.901088 -0.179921 -0.408806 -0.218408 -0.545938 0.062445 -0.531531 -0.588555 0.189828 0.342017 -0.051585 -0.665347 0.459030 -0.326454 -0.241740 -0.072332 -0.618366 -0.378836 0.308432 -0.538373 -1.327854 0.117290 -0.129746 -0.446798 -0.581214 0.171835 0.023884 0.346344 0.462119 -0.267858 -0.282778 -0.239449 -0.153487 -0.123418 0.058267 -0.126246 0.672474 0.139862 -0.035033 -0.211500 0.309558 0.813302 0.368079 -0.321674 -0.198929 -0.573977 0.597592 -0.097888 0.516813 -0.438812 -0.063245 0.296816 0.476145 0.091668 -0.417498 -0.241000 -0.472694 -0.132452 0.284229 0.898595 -0.201205 0.196177 0.065638 -0.169958 0.708165 -0.564056 0.074465 0.055826 0.522575 0.112758 -0.300512 -0.659789 -0.500538 0.021394 -0.359863 0.476799 -0.029487 -0.042301 -0.343006 0.141476 -0.024188 0.105524 -0.357212 -0.230308 -0.121798 0.450502 0.080500 0.873562 0.283969 0.125737 -0.528622 -0.552785 -0.122479 0.688370 0.149200 0.018652 -0.125052 -0.881238 0.189506 0.553994 -0.016162 0.178351 -0.655707 0.079840 -0.259643 -0.084424 0.179852 -0.216050 -0.132591 -0.074967 -0.130206 -0.745212 0.026261 0.383671 0.496171 -0.713670 0.454433 -0.101629 0.307174 0.639387 -0.490768 0.322789 -0.562806 0.055269 0.034645 0.517412 -0.299825 0.121656 0.064846 -0.227897 -0.509146 0.160074 -0.060049 -0.486136 -0.350518 -0.165371 -0.124890 -0.039307 -0.339942 0.000641 0.210916 -0.195400 -0.176484 -0.315926 -0.618632 0.250855 -0.067294 0.218045 0.130153 0.441944 -0.599678 0.026821 0.035215 0.051002 0.171266 -0.409321 -0.101031 -0.005230 0.383937 -0.419584 0.073524 -0.214629 -0.123650 0.395495 -0.146800 -0.512683 0.096388 0.145341 -0.645248 -0.134440 -0.541632 -0.264443 -0.451365 0.164120 0.297362 -0.423249 0.204470 0.670595 -0.097335 -0.140421 0.635266 -0.352770 0.455377 -0.560331 0.045127 -0.873526 -0.035144 0.236524 0.379690 -0.070936 0.109003 0.774667
locomotive -0.141085 0.222811 0.176293 0.144847 0.378651 -0.372489 -0.193100 -0.431527 -0.254960 -0.360372 -0.292513 -0.217621 -0.646024 0.293343 -0.052806 -0.421276 -0.159092 0.259302 0.221707 -0.734644 0.174137 -0.693503 -0.181891 -0.231455 -0.625162 -0.250588 0.212229 -0.761535 -0.684311 -0.148764 0.442881 0.472939 0.325846 0.052994 0.291966 0.286098 0.661686 -0.208017 -0.225343 -0.167787 -0.064430 -0.311670 -0.228761 0.267127 0.724286 0.245438 -0.003931 0.229941 0.646984 0.666237 0.253406 0.148335 -0.747921 -0.545310 0.129076 0.500962 -0.053344 -0.480486 -0.061838 0.208656 0.638454 0.304795 0.105002 0.680464 -0.858908 0.227422 0.004068 0.554125 0.140644 0.733966 0.431753 -0.234691 0.492985 0.079638 0.228586 0.606654 0.387566 0.396294 -0.019627 -0.889451 0.012747 -0.413669 -0.777174 0.322342 0.899699 0.082499 0.017006 0.278297 0.234657 -0.306392 0.193919 0.211394 0.859212 1.094022 0.168101 0.121819 -0.539237 0.420946 0.710025 -0.080380 -0.427174 0.617491 0.467481 -0.201692 -0.939060 -0.509410 0.314047 0.116495 -0.426524 -0.063676 -0.148456 -0.578380 -0.769652 0.095006 0.195001 0.445411 0.035026 -0.279039 -0.099770 -0.473442 -0.280924 0.353634 0.474208 0.199889 0.489541 -0.311957 0.225990 -0.369791 -0.452685 -0.628593 -0.929065 -0.358438 0.070262 0.140103 0.846754 0.775633 -0.369220 -0.288981 0.043064 -0.270973 0.467696 -0.130271 -0.540436 -0.169903 -0.445004 -0.205910 0.077196 0.512775 -0.314025 0.209574 -0.216645 -0.190615 -0.694509 -0.320202 -0.337713 0.524802 -0.115342 0.242299 -0.329302 0.139747 0.272186 -0.540629 -0.034358 -0.281513 0.472850 -0.037162 0.371563 -0.480125 0.429112 -0.095990 -0.385370 -0.306911 0.021964 -0.054359 0.062501 0.437800 0.032540 0.370493 -0.202050 0.216216 -0.336228 0.085367 -0.039953 0.304392 0.251514 0.722179 -0.241410 -0.316767 0.606613 0.042404 0.429922 -0.139326 -0.270407 -0.152429 -0.319076 0.170087 0.105560 0.022733 -0.172222 -0.106806
lyrics 0.927738 0.072326 0.623268 -0.120955 0.386343 0.303561 -0.053837 0.723071 0.428295 0.229857 -0.460427 -0.044963 -0.102010 0.301791 -0.230252 -0.625755 0.163455 -0.059981 0.590162 -0.410088 0.132104 0.051400 -0.070680 0.018919 -0.206756 -0.505935 0.205619 -0.611257 -0.938275 -0.087950 0.162759 -0.244788 0.055913 0.245976 -0.073479 -0.013136 0.241416 0.100155 -0.339632 -0.223227 -0.170115 0.038821 0.301789 -0.124483 0.724554 0.222974 -0.155735 -0.208728 0.230762 0.259557 -0.080409 0.059098 -0.632183 -0.161629 0.489904 -0.166637 0.016757 -0.040625 -0.469492 -0.173351 -0.234752 -0.028717 0.313523 0.003731 -0.650741 -0.078631 0.614981 1.026963 -0.584035 0.643968 0.138612 0.140287 0.757596 -0.631339 0.038114 0.341884 0.557889 -0.334346 -0.433606 -0.642532 -0.051497 0.091672 -0.365429 0.181789 -0.204313 -0.207086 -0.252855 0.249518 -0.149860 -0.161565 -0.375975 0.381031 0.150476 -0.133539 0.685067 0.807550 -0.067282 0.223784 -0.333780 -0.566093 -0.624058 0.359243 0.073127 0.280740 0.048071 -1.086016 -0.129359 0.613872 0.140549 -0.175171 -0.320612 -0.519385 -0.409163 0.226549 0.029317 0.324006 0.083020 0.026468 0.406751 -0.542746 -0.435661 0.225556 0.484682 -0.766674 0.287216 0.237665 0.192816 0.439846 -0.395785 -0.386322 -0.323378 -0.109909 0.101166 -0.025217 0.221683 0.061161 -0.347669 0.070231 -0.545141 0.303123 0.402880 -0.085717 -0.301254 -0.253721 -0.162883 0.119835 -0.122663 0.455072 0.370790 -0.127801 0.086057 -0.796876 -0.059861 0.289876 -0.019648 0.523561 0.156683 0.144616 -0.263513 -0.043174 -0.279691 -0.063041 0.008141 -0.081164 0.147539 0.068162 -0.173191 -0.212609 0.038341 -0.138537 -0.055301 0.648271 0.199103 -0.094045 0.041560 0.153726 -0.602787 0.263572 -0.141709 0.024710 0.288168 0.293123 -0.048179 0.049098 -0.305127 0.093762 -0.324604 0.320016 0.686540 0.155405 0.253436 -0.205230 -0.008605 -0.701555 -0.070260 -0.180808 0.508680 -0.246278 0.380330 0.855714
mademoiselles 0.399914 -0.298796 0.214945 0.026115 0.424471 -0.074835 -0.105978 0.235643 -0.026639 0.034752 -0.010800 -0.141054 0.137354 0.017532 0.286803 -0.382154 -0.070161 0.283613 0.296313 -0.454057 0.309466 -0.046229 -0.087359 -0.072763 0.243619 -0.330054 0.190511 -0.264082 -0.082594 -0.228794 0.219516 -0.051337 0.036103 0.324493 0.044630 -0.068206 -0.080404 -0.205920 -0.149897 -0.279497 0.028020 -0.032790 0.162381 0.347273 0.238598 0.082550 0.164193 -0.311880 0.032244 0.291593 -0.031584 0.012454 -0.198147 0.002662 0.151971 -0.077688 0.145122 -0.348461 -0.146948 0.054523 -0.109307 0.188626 0.032219 0.122290 -0.519556 0.143703 0.359785 0.262938 -0.286890 0.076113 0.220694 0.233057 0.434295 -0.048175 0.173642 -0.031988 0.064985 -0.068940 -0.448492 -0.116038 -0.147036 -0.233901 -0.233445 0.130052 -0.134429 -0.237149 -0.132396 0.197973 0.546468 -0.226427 -0.197704 0.166921 -0.071551 0.108448 0.422956 0.428186 0.203857 0.101270 0.126920 -0.307744 -0.281690 0.264186 0.025135 0.084486 0.049595 -0.418803 -0.103360 0.238612 -0.227793 -0.356156 0.276906 -0.194545 -0.242748 0.134269 0.247048 -0.089625 0.100295 -0.448098 -0.180795 -0.156512 -0.240085 0.121677 0.381394 -0.196824 0.012651 0.170923 -0.090872 0.273721 -0.205555 -0.176221 0.180886 -0.172447 -0.169195 -0.049007 -0.109766 0.124766 -0.043376 -0.243855 -0.555914 -0.322872 -0.032621 -0.138697 -0.271111 -0.000243 0.033969 0.048246 0.116005 0.191083 0.277075 -0.025562 -0.058816 -0.320766 -0.254665 0.024142 -0.134787 0.240159 -0.013163 0.042967 0.056016 -0.000981 0.090691 0.119913 -0.169468 -0.325151 0.360718 -0.071365 -0.176459 0.028122 0.152378 0.044452 -0.207910 0.040598 0.101511 0.021264 0.019920 -0.022188 -0.268911 0.047224 0.091331 0.148507 -0.213175 0.094687 0.209812 0.006983 -0.145100 -0.033128 -0.181057 0.250128 0.090252 0.110654 -0.185162 -0.120059 -0.226279 -0.233106 -0.084455 -0.243600 0.081579 -0.212114 0.255096 0.018157
mail 0.495121 -0.205232 0.257339 0.097128 0.186001 -0.297681 0.794107 0.080951 0.168267 0.861239 -0.387372 -0.150355 -0.381458 -0.130786 0.118311 -0.471152 -0.649292 -0.034815 0.193500 -1.151924 -0.436690 -0.522186 0.474205 0.584720 -0.266133 -0.055644 0.300340 0.240824 -0.854013 -0.790519 0.208540 0.055338 0.334338 -0.011758 0.133367 0.031034 0.873478 -0.257873 -0.258863 0.051202 -0.205995 -0.046386 0.490669 0.006815 0.091910 0.164457 -0.203663 0.658655 -0.642694 0.136701 0.360762 -0.216532 -0.184325 -0.836386 0.191417 -0.386313 0.049284 -0.084986 -0.667030 -0.550730 0.332640 -0.112743 -0.541669 0.349025 -0.439506 0.167297 0.659275 -0.066507 -0.049091 0.053909 -0.559777 0.075471 0.070928 -0.295971 0.011456 0.429081 0.176380 -0.047576 0.278889 0.123341 -0.490261 0.556723 -0.643098 0.632337 -0.322086 0.558484 0.514327 -0.054545 -0.087371 -0.701353 -0.128525 0.615214 0.187401 0.476657 0.689254 0.315013 -0.534369 -0.291965 -0.566331 -0.258202 -0.502385 0.880639 0.170598 -0.055899 -0.108767 -0.065366 0.178219 0.489681 -0.136435 -0.176589 -0.197313 0.299234 -0.811979 -0.130673 -0.424962 0.198468 0.657043 -0.608604 0.080887 -0.749423 0.093351 0.734503 0.697741 -0.477447 0.550097 0.032213 -0.080487 -0.534404 0.253730 -0.484156 0.110504 -0.276241 -0.236086 0.211710 0.484441 0.328032 -0.414755 -0.496878 0.182744 -0.793193 -0.344220 0.228090 0.369640 -0.098104 -0.154750 -0.220514 0.613648 0.734176 -0.017891 0.214507 -0.907756 -0.028256 -0.611406 -0.128029 0.112680 0.216852 0.097475 -0.045602 -0.139768 0.751116 -0.046104 -0.092552 -0.362831 -0.121405 0.273641 0.681568 -0.154687 -1.079333 0.064850 0.352342 -0.687818 -0.099722 0.904122 -0.108793 -0.158568 0.074782 -0.283402 0.621868 0.075794 0.140225 -0.488540 0.043897 0.036482 -0.525063 -0.205160 0.919351 -0.072175 -0.250592 0.767308 -0.500888 0.255013 0.217739 -0.113479 -0.087235 -0.086934 0.161090 0.105993 0.565232 -0.582227 -0.536903
margo 0.172149 -0.068892 0.062323 0.051948 0.166672 -0.072894 0.108672 0.234582 -0.248459 -0.111357 0.003325 -0.136465 -0.354642 -0.101645 0.084049 -0.431162 0.002950 0.001610 0.043570 -0.529218 0.013501 -0.609964 -0.124385 -0.120775 -0.031236 0.024123 0.203659 -0.193979 -0.441187 -0.350385 -0.026760 0.140476 -0.012435 0.181587 0.146697 0.102441 0.094308 -0.047115 -0.151033 -0.177691 -0.229462 0.030362 -0.006680 0.154482 0.231544 0.007568 0.025971 0.073260 0.064471 0.373305 0.183362 0.056638 -0.408017 -0.237208 0.070789 -0.111348 0.101599 0.016839 -0.106125 0.015877 -0.051122 0.161316 0.088116 0.070575 -0.554257 0.053664 0.120915 0.233578 -0.506834 0.037837 0.029562 -0.027744 0.175727 -0.039532 0.215145 0.081804 0.305204 0.110078 -0.213700 -0.154014 -0.172999 -0.071155 -0.311565 0.466782 -0.324357 -0.016910 0.277843 0.042653 0.230566 -0.072939 -0.178554 0.053646 0.057661 0.173803 0.244273 0.179640 0.122090 0.012081 -0.044847 -0.154005 -0.192577 0.228561 -0.010913 -0.089325 -0.295542 -0.364678 -0.001082 0.223690 -0.456278 -0.213563 -0.221478 -0.076099 -0.152287 -0.021883 0.144747 0.023257 0.114391 -0.240521 0.135327 -0.486557 -0.076796 0.404293 0.047905 -0.183167 0.233479 0.153627 -0.297621 -0.181968 0.111907 -0.166569 0.263173 -0.234744 -0.049258 -0.231223 0.017656 0.291314 -0.153251 0.005919 -0.149444 -0.083168 0.104558 -0.344336 -0.165098 -0.126437 -0.253697 0.025666 -0.228444 0.236356 0.014411 0.248401 0.206271 -0.149690 -0.037385 0.401996 0.087580 0.303921 0.294985 0.198681 -0.144458 0.147709 0.193034 0.073368 0.225313 0.073676 -0.103011 -0.019226 -0.123128 -0.318070 -0.078564 -0.063363 -0.297460 0.160115 0.121298 -0.101941 -0.055392 0.145910 -0.090268 0.134173 -0.042542 -0.048427 -0.043597 -0.113905 -0.048535 -0.008279 0.052158 0.069300 -0.117456 0.239388 0.373036 0.141877 0.182697 0.041768 -0.046643 -0.270876 -0.075213 0.025835 0.002425 -0.006744 -0.080479 0.285703
meg 0.069235 -0.352145 -0.286848 0.179363 0.034287 -0.075635 0.494210 0.515447 0.167941 -0.022885 -0.177833 -0.227543 -0.292451 0.074053 -0.159386 -0.403079 0.090090 0.483914 0.179980 -0.600034 -0.119329 -0.409214 -0.078137 -0.104962 0.043297 -0.411446 0.327072 0.053042 -0.327712 -0.172370 0.029469 -0.193469 0.703980 0.189515 0.164624 -0.187695 0.096624 0.020687 0.067095 -0.392000 0.030383 -0.129121 0.329017 -0.110108 0.218250 0.021869 -0.153944 0.178644 0.168425 -0.046964 0.516718 0.045990 -0.322816 0.111930 0.425815 0.092979 0.103312 -0.095147 -0.090479 -0.231119 -0.235689 -0.002019 0.175364 -0.186983 -0.406956 0.249142 -0.247397 0.411355 -0.326336 0.112179 -0.096530 0.209830 0.155227 -0.155676 0.393839 0.007592 0.188229 -0.108619 -0.228159 -0.410976 -0.179768 0.088921 -0.137707 0.365113 -0.501637 0.027590 0.138644 -0.213542 0.071868 -0.285464 -0.131584 0.177037 0.126965 0.064879 0.400247 -0.042603 0.409000 -0.105742 0.009331 -0.141210 -0.543401 0.341205 0.205899 -0.003126 0.070042 -0.341785 0.115697 0.210798 -0.159960 -0.292868 -0.359192 -0.084363 -0.478173 -0.337220 -0.066741 -0.220610 0.160795 -0.372046 0.110940 -0.507243 0.038960 0.189800 0.457350 -0.238808 0.222873 0.357540 -0.256117 -0.315584 -0.172841 0.178520 0.301052 0.125988 -0.006300 -0.363348 0.105758 0.262901 -0.050105 -0.120097 -0.180894 -0.562542 0.081627 -0.332770 -0.347207 0.106845 -0.088608 -0.123296 -0.114064 0.158353 0.032147 0.216516 -0.165860 -0.214150 0.189572 0.380388 -0.208056 0.481786 0.054020 0.128489 -0.127907 0.284722 -0.034725 0.069583 -0.101432 0.056574 0.117939 0.078399 -0.042655 -0.142524 -0.321541 -0.008084 -0.449901 0.203283 0.120670 -0.046873 -0.049977 0.048100 -0.466273 0.205645 -0.085470 0.069865 -0.336048 0.017516 -0.150535 0.142615 -0.083869 0.174607 -0.097240 -0.065931 0.570061 -0.199013 0.169000 0.066058 -0.167652 -0.424802 0.054016 -0.109557 0.102345 0.183228 -0.217143 0.093725
melodramatic 0.513246 0.176754 0.535393 0.163245 0.624811 -0.446810 0.113355 0.456731 0.137968 -0.414836 -0.266231 -0.302956 -0.287650 -0.198063 0.201704 -0.861320 0.100528 0.378178 0.686207 -0.441384 0.483282 0.146058 -0.325034 -0.395457 0.007356 -0.262713 -0.057668 -0.396512 -0.591858 -0.344908 -0.059310 -0.205068 0.332265 0.670342 -0.262396 0.142714 0.265095 -0.035789 -0.225058 -0.534471 -0.672169 -0.277462 0.186299 0.321765 0.879169 0.138037 -0.145223 -0.141571 0.280556 0.355325 0.079027 -0.714541 -0.548017 -0.305156 -0.028470 0.034086 0.365242 -0.694157 0.027753 -0.300861 0.249473 0.561421 0.095401 -0.094314 -0.301684 0.129073 0.373260 0.666892 -0.488299 0.524512 -0.463724 0.174688 0.749527 0.077920 0.308407 -0.046508 0.397087 -0.055508 -0.634391 -0.702801 -0.087766 0.167951 -0.204542 0.673184 -0.387121 -0.646613 -0.454881 0.370247 0.110712 0.116064 0.004274 0.331454 0.313495 0.217028 0.614384 0.365959 -0.116576 -0.171433 0.123897 -0.520827 -0.820732 0.417380 -0.038872 0.241787 0.371687 -0.769957 -0.136802 0.332957 0.210351 -0.337633 -0.219267 -0.290739 -0.021370 0.073302 0.322098 0.107022 -0.076712 -0.208808 -0.053511 0.099515 -0.161670 0.614255 0.359816 -0.317224 0.314628 0.298174 -0.312057 -0.091023 -0.539546 0.069503 -0.306712 -0.350470 -0.110889 0.061443 -0.018928 0.295714 0.175545 -0.232887 -0.334148 -0.183367 0.609916 -0.320217 -0.533692 -0.091176 -0.583143 0.630190 -0.110682 0.018269 0.120057 -0.056281 -0.482559 -0.240051 -0.388364 0.053593 -0.370423 0.641478 0.391697 0.428737 -0.461054 0.753637 -0.282023 0.286968 0.015358 -0.618413 0.198581 -0.034478 -0.260404 -0.213635 -0.025736 0.000388 -0.594601 0.614899 0.489224 -0.381966 0.181093 -0.068173 -0.330596 0.198472 0.291919 0.061439 -0.181368 -0.242983 0.359061 0.145966 0.131357 0.361900 -0.322977 0.167321 0.509447 0.013317 -0.127435 -0.420226 -0.349596 -0.886618 -0.144780 -0.333043 0.319566 -0.594720 0.181142 0.213116
melody 0.368996 -0.465194 0.174208 -0.071202 0.212396 0.086638 0.490314 0.721785 0.247705 0.661752 0.036870 -0.073164 -0.196942 0.092959 0.087034 -0.715237 0.046056 0.231449 0.613095 -0.267902 0.099584 -0.109475 -0.259868 -0.272786 0.508535 -0.355275 0.512329 -0.417004 -0.402298 -0.231440 0.185636 0.254431 0.341124 0.130967 -0.429479 -0.015208 0.310445 -0.115645 -0.604423 -0.524549 -0.333271 -0.495437 0.399025 0.099641 1.005434 0.049470 0.297816 -0.307518 0.504208 0.436612 0.116075 0.102870 -0.047735 -0.186178 -0.081288 0.564130 -0.081018 -0.154832 -0.196831 -0.137184 0.199870 0.426271 0.418819 -0.017527 -0.850646 0.312719 0.702804 0.702956 -0.350093 0.507335 0.057475 0.345518 0.591246 -0.302485 0.276480 0.104028 -0.178035 0.006774 -0.865534 -0.526728 -0.296991 -0.587906 -0.618220 1.070015 -0.570494 -0.190296 0.006673 0.509933 -0.184257 0.156992 -0.719751 0.315750 0.318413 0.160235 0.623369 0.704720 -0.211724 -0.157370 -0.333670 -1.382062 -0.429903 0.288760 0.280597 -0.058094 0.032610 -0.552511 0.002087 0.626882 -0.938635 -0.519906 -0.140365 -0.779169 -0.384930 0.405272 0.141440 0.058337 0.185913 -0.526759 -0.190843 0.010123 -0.225896 0.453758 0.665729 -0.114058 0.337634 0.075057 -0.218438 0.326172 -0.408242 -0.283139 0.037200 -0.080077 -0.215188 0.383460 0.130886 -0.241554 -0.132549 -0.112659 -0.271305 0.232835 0.025430 -0.348911 -0.406974 0.127060 -0.378774 0.196751 -0.164790 0.032957 0.407054 0.277357 0.142812 -0.496551 0.049161 0.688770 -0.236542 0.568038 -0.262646 -0.138483 -0.325992 0.218438 0.585823 -0.036986 0.172055 0.026225 -0.139657 0.158800 -0.190052 -0.586030 -0.378035 -0.195466 -0.480199 -0.048379 0.061606 -0.199954 0.091432 0.107731 -0.414134 0.183394 -0.006832 0.321552 -0.013858 -0.055467 -0.224241 -0.172271 -0.188867 0.559219 0.318742 0.404271 0.268042 0.147836 -0.151567 -0.210786 -0.450444 -0.886088 -0.049694 -0.049059 0.310214 -0.245202 0.292283 0.071112
mien -0.023299 0.053337 -0.060260 0.350673 0.266302 -0.153840 0.183335 0.215533 0.056865 -0.130053 -0.091345 -0.102476 -0.029754 0.234694 0.067826 -0.271178 0.016758 0.034340 0.242861 -0.551168 0.241898 -0.370937 0.008639 -0.003095 0.043554 -0.316271 0.186846 -0.124179 -0.414217 -0.071036 -0.130860 0.038754 0.326174 0.085433 0.011518 -0.031350 0.293936 -0.071977 0.104563 -0.352123 -0.031290 0.016728 0.120906 0.100958 0.299923 0.042753 0.101744 -0.115396 0.079554 0.173548 0.381218 0.073469 -0.449446 -0.089217 0.059894 -0.096014 -0.069321 -0.125311 -0.131745 -0.454734 -0.485728 0.155684 0.222557 -0.087986 -0.518845 0.269530 -0.075296 0.516855 -0.184646 0.259606 -0.103602 -0.059659 0.522120 -0.099471 0.512826 -0.082718 0.340591 -0.143020 -0.519064 -0.364098 -0.103956 0.076288 -0.170009 0.357897 -0.535255 -0.111723 0.127321 0.034713 0.208948 -0.051382 -0.184085 0.204594 -0.076343 0.304864 0.321881 -0.022341 0.204511 0.202493 -0.093078 -0.310333 -0.421169 0.468979 0.102894 -0.277788 -0.365250 -0.323586 0.021410 0.269967 -0.300247 -0.181315 -0.133517 -0.254755 -0.281704 -0.263734 0.082012 -0.099479 0.238546 -0.308016 0.096880 -0.510734 -0.184696 0.287043 0.347164 -0.132800 -0.022490 0.133108 -0.385846 -0.273345 -0.096574 -0.122187 0.307030 0.089350 0.061644 -0.402189 -0.152721 0.331201 -0.151712 -0.048538 -0.183320 -0.243065 0.027053 -0.430537 -0.317906 0.029648 -0.284695 -0.106144 -0.102596 0.029573 -0.061644 0.166727 0.082633 -0.143928 0.089788 0.399891 -0.081304 0.318417 0.046293 -0.033829 -0.156733 0.252333 0.173526 0.383861 0.023001 -0.069202 0.024061 -0.098166 0.132306 -0.089768 0.085114 0.212657 -0.473655 0.117835 0.113201 -0.050304 0.157488 0.080165 -0.421433 0.014304 -0.053886 -0.006950 -0.293849 -0.005249 0.274737 0.198778 0.024547 0.095049 -0.486153 0.157557 0.323919 0.189403 0.104587 -0.157097 -0.005110 -0.032682 0.125149 -0.133755 -0.148181 0.067183 -0.137397 -0.032383
mina -0.266565 -0.013374 -0.254461 0.260783 0.247048 -0.091847 0.178735 0.330880 -0.189120 -0.051631 -0.237198 -0.042509 -0.035630 0.119909 0.097238 -0.210254 -0.150366 0.397192 -0.069693 -0.575108 0.233828 -0.422368 0.173633 0.108060 0.000049 -0.266699 0.475279 -0.251984 -0.233174 0.089207 -0.027150 0.018008 0.507245 0.297520 -0.006918 -0.189877 0.010344 -0.149354 -0.018656 -0.429520 -0.064624 -0.018683 0.195382 0.147150 0.264251 0.023270 0.109030 0.121043 0.020456 0.022216 0.235931 -0.093006 -0.330490 -0.311201 0.097398 0.185938 0.117888 0.018468 -0.397409 -0.184632 -0.304960 -0.034197 -0.070659 -0.059972 -0.575697 0.154070 -0.159390 0.512366 -0.189898 0.151461 -0.177524 0.045376 0.320973 -0.019286 0.640502 -0.096947 0.205079 0.130624 -0.242529 -0.268246 -0.264694 -0.011992 -0.241721 0.384927 -0.233434 -0.052311 0.200664 0.068399 0.115070 -0.234596 0.133483 0.123417 -0.065537 0.107115 0.424368 -0.119506 0.093105 0.048536 -0.092578 -0.158084 -0.284741 0.452540 0.142013 0.078401 -0.294704 -0.294626 -0.054940 0.379568 -0.364709 -0.206933 -0.122284 -0.210573 -0.483194 -0.239540 -0.126610 -0.113465 0.391345 -0.339467 0.051196 -0.641507 -0.186001 0.266388 0.365210 -0.314111 0.134731 0.085171 -0.221354 -0.372614 -0.171140 -0.048761 0.463904 -0.144834 0.071296 -0.379554 0.128230 0.376542 -0.161035 0.055728 -0.115343 -0.439649 0.083439 -0.213818 -0.331000 -0.016478 -0.186052 -0.152380 0.019047 0.091841 0.065338 0.263811 0.025512 0.018766 0.086484 0.187981 -0.183855 0.269973 0.095588 0.043333 -0.118600 0.461433 0.046097 0.214392 -0.257959 -0.199739 0.225770 0.030021 0.179064 -0.215438 -0.158584 0.272047 -0.375599 0.325262 0.166572 -0.263954 -0.147693 -0.279272 -0.309991 0.156524 0.151387 0.162721 -0.307246 -0.025487 0.221829 -0.019205 -0.131599 0.093601 -0.209134 0.159081 0.340771 0.018958 0.062805 0.073405 -0.133693 -0.234489 0.276788 -0.152557 -0.028188 0.117218 -0.259963 0.177971
narrate 0.661752 0.741962 0.162007 0.256628 0.046400 -0.467017 -0.424799 0.412095 0.023436 -0.115125 -0.169213 -0.281516 0.007499 0.456178 0.556408 -0.559067 -0.089076 -0.019007 0.339680 -0.556361 -0.037951 -0.398333 -0.343448 0.077492 -0.378130 -0.291378 0.400888 -0.610323 -1.007455 0.095644 -0.185767 -0.053010 0.288134 0.610814 0.158663 0.041595 -0.166773 -0.158767 -0.478804 -0.538797 -0.673470 0.179903 -0.193007 -0.103054 0.272093 -0.147696 -0.229609 -0.254473 -0.148636 0.510449 -0.227888 -0.287853 -0.230495 -0.314414 0.051285 -0.115842 0.461536 0.050762 -0.023467 0.315201 -0.293062 0.147082 -0.130182 -0.043053 -0.252853 0.379510 0.117222 1.063858 -0.612870 0.413462 -0.364715 0.156982 0.848074 -0.259229 -0.595158 0.487711 0.147175 0.254880 -0.268759 -0.433909 0.212448 -0.178180 -0.093112 0.714666 -0.196303 0.095728 -0.205951 -0.232305 -0.068820 0.288734 0.211295 0.081408 -0.026702 0.446319 0.464399 0.989207 0.081332 -0.418262 -0.245255 -0.439037 -0.535283 0.390479 0.252142 -0.201065 -0.462360 -0.634010 0.317111 0.664221 -0.483795 -0.437295 -0.361905 -0.345929 -0.191061 -0.585810 0.059794 0.216332 0.063072 -0.678223 -0.052135 -0.059842 0.119378 0.506124 0.460783 -0.258302 0.111308 0.790714 -0.549773 -0.380723 -0.281554 0.119706 -0.470223 0.302758 -0.142152 -0.383881 0.137971 0.320882 -0.140784 -0.509586 0.161535 -0.776325 0.555735 -0.113494 -0.286424 -0.256478 -0.168105 0.442460 -0.324456 0.378100 0.507526 0.085096 0.005261 -0.164285 -0.263278 -0.022692 -0.336641 0.436954 0.306797 0.241478 -0.252568 0.791848 0.037268 0.281964 -0.384855 -0.720485 0.166875 0.062771 0.127385 -0.632259 -0.304689 -0.200054 -0.615421 0.226164 0.104989 -0.298653 0.066409 0.177509 0.172082 0.074033 0.074098 0.142698 -0.239240 -0.118860 0.027906 0.059841 -0.245748 0.066354 -0.325597 -0.255505 0.734833 -0.111836 0.548994 -0.777685 0.224299 0.245100 -0.355035 -0.020700 0.250748 -0.288775 -0.354798 -0.472778
narrated 0.512937 0.481823 0.430506 0.218244 0.512311 -0.555707 -0.164509 0.089306 0.266805 0.192134 0.003605 -0.663717 -0.055836 0.278825 0.731994 -0.587696 0.156960 -0.399645 0.707081 -0.448773 0.172972 -0.498027 -0.295257 -0.183121 -0.300690 -0.445581 0.558036 -0.269177 -0.880784 0.082484 -0.247179 0.073226 0.017737 0.742216 0.184560 -0.106181 0.201060 0.208892 -0.240085 -0.985295 -0.405889 -0.228561 -0.176378 0.239534 -0.033694 0.165635 -0.153691 -0.445472 0.262350 0.074133 -0.109022 -0.169386 -0.135507 -0.407756 -0.167488 -0.074392 0.743887 -0.331366 0.366668 0.098897 0.098853 0.467882 -0.356341 -0.077072 -0.278041 0.045581 0.345620 1.298940 -0.638190 0.297471 0.048934 0.063507 1.041489 -0.062728 -0.302329 0.405798 0.010558 0.034977 -0.196478 -0.203022 0.064751 -0.790982 0.028958 0.545215 -0.207761 -0.287434 -0.337586 -0.103997 0.566229 0.215147 0.129826 0.492811 -0.111744 0.538615 0.873523 0.421907 0.123703 -0.439804 0.106291 -0.268527 -0.481306 0.350656 -0.093025 -0.034679 -0.186442 -0.956332 -0.109440 0.348272 -0.152694 -0.329186 -0.234147 -0.035332 -0.234596 -0.063041 0.101419 0.007175 0.085507 -0.695151 0.198382 -0.276085 -0.107938 0.252523 0.423349 -0.161623 -0.070193 0.603480 -0.400069 -0.196134 -0.441432 0.174023 -0.227644 -0.248312 -0.414888 -0.396292 0.234266 0.531031 -0.076190 -0.283100 0.235637 -0.300457 0.421058 -0.076696 -0.442489 -0.186231 0.065094 -0.179261 -0.485275 0.351678 0.271504 -0.134845 0.289246 -0.387582 -0.458277 0.020988 -0.745447 0.529201 -0.027959 0.381683 -0.062493 0.520280 -0.046148 0.405427 -0.336000 -0.450839 -0.323266 -0.276111 -0.128716 -0.508005 -0.253018 -0.319741 -0.386276 0.278432 0.455590 -0.682461 -0.066816 -0.242178 -0.219013 0.128751 -0.138138 -0.125152 0.165003 -0.421860 -0.066576 0.564376 -0.063040 0.306710 0.270049 -0.052894 0.971669 0.586177 0.611987 -0.826417 0.026067 0.144528 -0.481370 0.251123 0.621191 -0.234350 0.070762 -0.201745
narrating 0.392166 0.117480 0.482170 0.375986 0.301110 -0.613054 -0.141779 0.003333 0.180886 -0.344832 -0.030445 -0.148165 -0.085340 0.239211 0.450772 -0.308282 -0.055973 -0.464596 0.681555 -0.495806 -0.174780 -0.512747 -0.368067 -0.124304 -0.575995 -0.447699 0.436490 -0.119333 -1.027463 -0.010994 -0.025480 -0.216747 0.145881 0.484180 0.130143 0.080234 -0.058127 0.031068 -0.288696 -0.613757 -0.440552 -0.390040 -0.039096 0.549219 0.490236 -0.218130 0.105162 -0.101595 0.012812 -0.008528 -0.053725 -0.160349 -0.101338 -0.527341 -0.131063 -0.072246 0.618809 -0.661123 0.128692 0.031263 -0.250187 0.325928 0.265009 0.011698 -0.437255 0.275365 -0.038770 1.163519 -0.366766 0.132343 -0.189762 0.201130 1.005984 -0.394072 -0.461218 0.630471 0.465905 -0.216909 -0.577659 -0.172618 0.046191 -0.216109 -0.440197 0.654060 -0.136334 -0.214676 0.080818 0.007197 0.507709 -0.198190 0.112071 0.098711 0.219292 -0.079533 0.597845 0.558630 0.171119 -0.183437 -0.306988 -0.216171 -0.763760 0.482051 -0.070106 -0.225093 -0.351279 -0.912678 -0.057699 0.427218 -0.251913 -0.274231 -0.416851 -0.063028 0.002542 0.091080 0.155700 0.287675 -0.170830 -0.642133 0.047200 0.351324 -0.180810 0.342514 0.184679 -0.505539 0.127820 0.211076 -0.436308 -0.498852 -0.398880 0.146895 -0.389383 -0.098686 -0.185971 -0.039396 0.091820 0.300842 -0.246068 0.048287 -0.378937 -0.509402 0.504845 -0.046617 -0.780683 -0.329198 -0.474165 0.327800 -0.307948 0.612127 0.223997 -0.369696 -0.116535 -0.388431 -0.466100 -0.214746 -0.718890 0.856603 -0.110388 0.446885 -0.159838 0.548653 -0.124842 0.148554 -0.419818 -0.616335 -0.028162 -0.145648 0.191876 -0.252728 -0.206858 -0.095750 -0.215601 0.252745 0.219962 -0.388890 -0.089692 0.234640 0.048486 0.140302 -0.231179 0.227501 -0.022792 -0.416228 0.046339 -0.117971 -0.632557 0.183807 -0.049447 -0.114003 0.557720 0.202101 0.321875 -0.583173 -0.029416 -0.399223 -0.143310 0.099117 0.325350 -0.317488 -0.017161 -0.248545
narration 0.492115 0.446587 0.560902 0.251123 0.386144 -0.386904 0.161273 0.533007 0.161056 -0.210841 0.597064 -0.202533 -0.328714 0.307745 0.463139 -0.886368 0.041854 -0.131299 0.303923 -0.312014 0.070828 -0.560559 -0.276275 -0.280134 -0.057077 -0.143402 0.161242 -0.373880 -1.018477 -0.011280 -0.241735 -0.114637 0.059829 0.364477 -0.293507 0.318210 0.184537 -0.027506 -0.687192 -0.252210 -0.559932 -0.197026 -0.055281 0.220587 0.340769 0.252526 -0.282008 -0.146246 -0.208466 0.532699 -0.164837 -0.227554 -0.518047 -0.547333 -0.033395 0.285265 0.208544 -0.331869 -0.167282 -0.137758 0.213117 0.567486 0.204726 -0.342658 -0.568610 0.302906 0.568393 0.933232 -0.713174 0.428721 0.137865 0.141238 0.902968 -0.102201 -0.232232 0.432143 0.307795 -0.406738 -0.478236 -0.608973 0.275501 -0.183463 -0.231735 0.689419 -0.200578 -0.524321 -0.096208 -0.290283 0.285377 -0.043539 0.158410 0.484600 -0.100220 0.205113 0.649151 0.727211 0.191428 -0.462486 0.062260 -0.714462 -0.796406 0.421496 -0.002433 0.086877 -0.013237 -0.491726 0.188195 0.479891 -0.365586 -0.141157 -0.328296 -0.376990 -0.130150 -0.142424 0.411203 0.195324 -0.146685 -0.560856 0.360181 -0.006202 0.269235 0.926074 0.385213 -0.338867 0.092027 0.447010 -0.395010 0.256818 -0.110036 0.086249 0.208384 -0.269873 -0.320012 -0.047309 0.002635 0.411175 -0.148941 -0.351597 -0.238475 -0.100773 0.419121 0.119760 -0.308294 0.091867 -0.499031 -0.015094 0.061090 0.012035 0.259302 0.036729 -0.386311 -0.404284 -0.339981 0.176167 0.027925 0.661353 0.037754 0.204920 -0.227656 0.531945 -0.206512 0.151669 -0.314037 -0.486807 0.265879 0.131691 0.060160 -0.174700 -0.168782 0.064709 -0.639156 0.342579 0.031800 -0.519810 -0.024419 0.449120 0.019214 0.135847 -0.162266 0.015025 -0.230566 -0.221046 -0.271624 0.202154 -0.781065 0.320870 -0.001943 0.081571 0.681548 0.046982 0.192964 -0.533703 -0.211946 -0.251570 -0.283735 -0.282067 0.160325 0.084139 0.127483 -0.027109
narrative 0.605856 0.162291 0.615410 -0.109393 0.279716 -0.425239 -0.502481 0.342856 0.570288 -0.224539 0.180914 -0.222031 0.002363 0.037031 0.396129 -0.726906 0.027786 -0.351772 0.622772 -0.452269 0.206914 -0.255134 -0.552920 -0.443508 -0.421370 -0.189057 0.426468 -0.540281 -1.084816 -0.043050 -0.454359 0.130039 0.223610 0.636660 -0.225181 -0.068253 0.185331 -0.253370 -0.575168 -0.764980 -0.362815 0.091685 -0.075460 -0.069617 0.242327 0.135752 0.127921 -0.269641 -0.362351 0.423730 -0.259964 -0.169968 -0.328233 -0.225463 0.009695 -0.003206 0.517328 -0.317634 -0.432547 -0.340080 0.347755 0.721752 -0.022655 -0.467178 -0.569845 0.162290 0.365194 1.513869 -0.662684 0.394507 0.117801 -0.245384 0.574951 -0.199610 -0.841525 0.222475 0.075044 0.305751 -0.329713 -0.643802 -0.026151 -0.051791 -0.193796 0.574729 -0.442237 -0.179154 -0.083673 -0.364365 0.301464 0.027140 -0.019053 0.608900 0.241527 0.254966 0.922094 0.579153 -0.379014 -0.621256 0.072299 -0.514139 -0.956316 0.703436 -0.077136 -0.127252 -0.103767 -0.654543 0.107216 0.582341 -0.292082 -0.277788 -0.250056 0.152165 -0.334906 -0.061604 0.369434 0.440705 0.372457 -0.333349 0.206315 -0.319609 0.038373 0.712381 0.139564 -0.463712 -0.548011 0.233610 -0.367080 -0.030625 -0.558111 0.102429 0.079336 -0.345198 -0.585125 -0.036141 0.427996 0.538134 -0.125704 -0.281526 0.070116 0.094817 0.417463 -0.110315 -0.248354 0.205832 -0.088384 -0.278028 -0.238439 0.673168 0.068334 0.123735 -0.279682 -0.725873 -0.296259 0.194619 -0.403264 0.800338 -0.084749 0.639838 -0.405448 0.630108 -0.101125 0.284854 0.020548 -0.182944 -0.058982 0.224532 -0.191241 -0.360299 -0.227738 -0.170112 -0.631875 0.837833 0.293013 -0.685527 0.056857 -0.114204 -0.267873 0.236393 -0.031701 0.230144 -0.218666 -0.267937 -0.090296 -0.249052 -0.788367 0.188220 -0.040014 0.294160 1.065668 0.152817 0.718504 -0.622073 0.430729 -0.023863 -0.306039 -0.058027 0.084522 -0.626463 -0.001038 -0.014773
narratives 0.490192 0.429182 0.542023 0.488595 0.061415 -0.052576 -0.401405 0.202619 0.549763 -0.271154 0.359189 -0.423807 -0.068947 -0.051395 -0.110007 -0.621267 0.172386 -0.112256 0.277717 -0.227745 0.266404 0.104602 -0.642544 -0.102088 -0.617596 -0.022667 0.088683 -0.522792 -1.043441 -0.204115 -0.305958 0.093617 0.077650 0.508811 -0.217600 -0.159430 0.208108 0.097558 -0.288488 -0.446815 -0.665704 -0.051906 0.460241 -0.188342 0.551797 -0.074102 -0.230707 -0.452376 0.135871 -0.082313 -0.118148 -0.315121 -0.450899 -0.667733 0.306000 0.073003 0.300328 -0.391180 -0.501904 -0.132452 -0.166281 0.284168 -0.110232 0.003323 -0.583061 0.069757 0.262073 1.279862 -0.298020 0.267530 -0.423260 -0.231798 1.221349 -0.493240 -0.540018 0.278943 0.270390 0.193877 -0.374535 -0.788248 -0.231946 -0.270512 -0.268906 0.561300 -0.302809 -0.561456 -0.368505 -0.228241 0.118667 0.000423 -0.203387 0.579748 -0.276665 0.178919 0.754431 0.641051 -0.228832 -0.154666 0.193019 -0.520056 -0.685104 0.538663 0.154623 0.254232 0.007337 -1.265104 0.296779 0.589603 0.026336 0.326796 -0.491937 -0.191048 -0.412591 0.168599 0.239887 0.523097 -0.203826 -0.056247 0.096139 -0.208111 -0.323292 0.617395 0.568881 -0.425747 0.003325 0.530613 -0.366233 0.012719 -0.104376 -0.171647 -0.072026 -0.114927 -0.301652 -0.138109 0.554293 0.614627 -0.038089 -0.386117 -0.245409 0.071182 0.067946 0.298753 -0.353452 -0.388077 -0.141182 -0.091305 -0.426327 0.452854 0.182806 0.205900 -0.263661 -0.861697 -0.051151 -0.132818 -0.897247 0.728022 0.083066 0.499846 -0.185264 0.279752 -0.233306 0.021677 -0.073662 -0.558011 0.241104 -0.073292 -0.255654 -0.528967 0.018169 0.071761 -0.625117 0.705879 0.642682 -0.672998 0.247074 -0.043837 -0.447718 0.306100 0.214473 0.001812 -0.198031 -0.342572 0.641406 0.091024 -0.605282 0.350340 -0.150285 -0.177776 0.941181 0.059799 0.697042 -0.637193 0.155278 -0.010007 -0.232785 0.170554 0.488493 -0.218628 0.189759 -0.008555
narrator 0.815175 -0.120828 0.666332 0.376482 0.749976 -0.224752 -0.160388 0.436162 0.174447 -0.175669 0.111973 -0.219635 -0.245495 0.132289 0.055294 -0.507339 -0.200107 -0.641188 0.530478 -0.303964 0.267775 -0.448593 0.057537 0.213856 -0.060361 -0.341256 0.257371 -0.199024 -1.235325 -0.116218 -0.153417 0.097016 0.267515 0.343214 0.035580 -0.065826 0.390581 -0.112610 -0.298016 -0.503574 -0.762322 -0.206871 0.188558 0.090709 0.532777 0.328885 -0.256008 -0.063348 0.231522 0.131254 -0.121821 -0.606708 -0.675310 -0.559773 -0.123461 0.146611 0.319825 -0.300196 -0.372831 -0.068235 -0.069381 0.257623 -0.151673 0.049756 -0.310712 0.386447 0.420987 0.579363 -0.742284 0.555587 -0.022059 0.208770 0.945569 0.094115 -0.117133 0.179884 0.503673 -0.085723 -0.395995 -0.841386 0.311841 -0.371526 -0.210631 0.536676 -0.897390 0.040080 -0.332998 0.550593 0.508849 0.270695 0.043010 0.277266 0.260229 0.426846 0.390078 0.764674 0.415237 -0.282371 0.563574 -0.120219 -0.719711 0.664569 0.062565 -0.245594 -0.034241 -0.731986 0.323801 0.642951 0.185580 0.004338 -0.318924 -0.235745 0.001891 0.207029 0.408051 0.125151 -0.188016 -0.141664 -0.055985 -0.101899 0.236299 0.723700 1.078950 -0.230393 -0.033047 0.130925 -0.292750 0.176466 -0.495577 -0.280943 0.369490 -0.280060 -0.361335 0.064520 0.067460 0.250751 -0.352390 0.117902 -0.169179 0.221219 0.687178 0.004374 -0.487709 -0.233751 -0.823275 -0.023109 -0.501890 0.036332 0.151356 -0.400973 0.146017 -0.180199 -0.544341 -0.254667 -0.089407 0.563794 0.034620 0.535196 -0.110574 0.374834 0.068744 0.259816 -0.374114 -0.508223 0.376417 0.416389 -0.180131 -0.416006 -0.380838 -0.416099 -0.328005 0.647892 0.232618 -0.394680 -0.100957 -0.225027 0.190869 0.001657 -0.133989 0.138156 -0.251962 -0.526819 0.033404 -0.369708 -0.173307 0.190822 -0.366950 -0.114032 0.915458 0.274362 0.055979 -0.178534 -0.046487 -0.319852 -0.002948 -0.144477 0.041647 -0.174016 0.132117 -0.065678
navi -0.184726 0.059927 0.295529 0.579632 0.285452 0.031006 0.091607 0.188438 0.038422 -0.157085 -0.397944 -0.334254 -0.519036 -0.377327 -0.034403 -0.879291 -0.411516 -0.131329 -0.331526 -0.539588 0.028460 -0.392738 -0.049152 0.028889 -0.360952 0.157179 -0.087647 -0.236010 -0.490056 -0.236096 0.336633 -0.140257 0.109273 0.602993 0.000724 0.173469 0.222554 -0.179254 -0.417925 -0.027688 -0.324349 -0.134951 -0.138767 0.300344 0.349160 0.411247 -0.215501 0.601260 0.133944 0.681856 0.205203 -0.003625 -0.230661 -0.609833 0.115955 0.283866 0.289402 -0.221056 -0.076375 -0.052371 0.490072 0.025482 -0.255861 0.197719 -0.998461 -0.080907 0.491747 0.268060 -0.267655 0.256168 -0.516906 0.105287 0.272383 -0.614790 0.111039 -0.122490 0.093564 0.208325 -0.079537 -0.207997 -0.064349 0.200506 -0.264657 0.373299 0.295358 0.016459 0.730749 0.271214 0.166726 0.257605 0.205296 -0.121063 0.344842 0.346517 0.274670 0.008121 0.273790 0.219305 -0.312201 -0.251058 -0.534755 0.475973 0.067082 -0.540997 -0.509595 -0.357178 0.189432 -0.145500 -0.517301 0.576513 -0.098311 0.123984 -0.466889 0.305635 -0.435206 0.124100 0.424394 -0.105432 0.559478 -0.408799 -0.327216 0.697401 0.490827 -0.371467 0.881623 0.145397 -0.303270 -0.001392 -0.128582 0.471412 0.038892 0.154097 0.048049 -0.424842 0.171378 0.251216 -0.016488 -0.280032 0.169298 -0.176221 -0.040647 -0.082914 -0.081630 -0.593321 -0.537294 0.123563 -0.298253 0.315866 -0.093550 0.050944 -0.317179 -0.113575 -0.205653 0.554790 -0.292940 0.385662 -0.482254 -0.316247 -0.155712 0.682338 0.046098 0.062662 0.261195 0.316675 -0.541408 0.405658 0.024236 -1.005950 0.506823 -0.342083 -0.232492 -0.154727 0.318431 -0.520068 -0.293728 -0.253396 -0.143233 0.258084 0.096464 0.400023 -0.572699 -0.002774 -0.090535 -0.244356 -0.064004 0.114536 -0.427463 0.107356 0.309853 -0.141403 0.429747 -0.061098 0.304450 -0.272392 0.121854 0.269286 0.057080 -0.226641 -0.103817 0.042980
navigation 0.222340 0.010686 0.106975 0.535990 0.181785 0.265878 -0.153758 -0.031980 0.127772 -0.004098 -0.722799 0.018059 -0.863245 -0.018908 0.264068 -0.534637 -0.413056 0.269060 -0.537600 -0.849173 0.175349 -0.398206 -0.268274 0.066919 -0.496896 0.128849 -0.259820 -0.178083 -0.731374 -0.445335 0.722187 -0.541982 -0.151672 0.356191 0.211518 0.178024 0.802427 -0.053598 -0.379165 -0.203579 0.062866 -0.033610 -0.034770 0.414168 1.200373 0.529729 -0.265755 0.884447 -0.152408 1.070539 0.030401 -0.169413 -1.001750 -0.779755 -0.046411 0.486871 0.097647 -0.169266 -0.596498 -0.536683 0.710855 0.218681 -0.750783 0.272769 -0.510836 -0.416777 0.676493 0.680621 0.103691 0.422460 0.013188 -0.499031 0.157894 -0.977720 -0.090953 0.139229 0.303635 0.261740 -0.131427 0.582744 0.190020 0.334475 -0.753895 0.782471 0.780155 -0.078628 0.892747 0.448687 0.584295 0.448549 0.156035 -0.076263 0.151637 0.165478 0.657318 0.558244 0.323406 0.161084 -0.701117 -0.375887 -0.562389 0.349307 -0.015817 -0.741580 -0.612396 -0.143611 0.220727 -0.071126 -0.330652 -0.182864 -0.324240 0.063823 -0.028956 0.076081 -0.960901 0.471690 0.591581 0.270311 0.695741 -0.576562 -0.392428 0.736844 0.546610 -0.503258 0.845460 0.150285 0.173813 -0.203094 0.067065 -0.090258 0.012017 0.292127 0.415560 -0.402687 -0.049320 0.388046 0.123117 -0.467631 0.052963 -0.163849 -0.261445 -0.167552 -0.074506 -0.548371 -0.623771 -0.346706 -0.138288 0.206757 -0.086516 0.219169 -0.272333 0.129477 -0.076290 0.529897 -0.128442 0.564274 -0.427054 -0.194751 -0.351735 0.798484 0.481944 -0.322689 0.126493 0.023788 -0.145142 0.258956 0.009586 -0.939595 0.810666 -0.584143 -0.209302 0.090464 0.531443 -0.172689 -0.446883 -0.338035 -0.477003 0.060867 -0.513797 0.748932 -0.431510 0.013061 -0.099123 -0.498955 -0.116648 0.799108 -0.201361 0.089457 0.148585 -0.525509 0.080527 -0.363935 -0.382097 -0.146814 0.048977 0.440914 0.094204 0.261956 0.570196 -0.766325
nicolo 0.423580 -0.354760 0.132669 0.350448 0.584897 -0.368018 -0.283296 -0.081483 -0.117932 0.104329 0.102237 -0.035384 0.108038 0.059953 0.305074 0.021014 -0.153488 0.214648 0.298714 -0.540443 0.594698 -0.108340 -0.083650 -0.072106 0.245908 -0.250872 0.320512 -0.194981 -0.745724 -0.053338 0.227049 0.021419 -0.012097 0.259934 0.182414 -0.066964 0.111829 -0.164457 -0.345305 -0.447650 0.019497 -0.001770 -0.075933 0.388045 0.254512 0.184072 0.015653 -0.249512 0.038938 0.198257 -0.165320 0.030311 -0.253074 -0.004464 0.068889 -0.313441 0.496383 -0.376101 0.173225 -0.046558 -0.170755 0.060447 0.111634 0.249971 -0.379645 -0.002616 0.099337 0.292751 -0.294529 0.459248 -0.196413 0.169622 0.430956 0.013680 -0.079575 0.286043 0.200265 -0.314683 -0.588413 -0.500807 -0.073857 -0.056709 -0.747444 0.220954 -0.242695 -0.046989 0.035552 0.205011 0.090512 0.092070 -0.330700 0.363435 0.134816 -0.000149 0.532200 0.205286 0.292003 0.131460 0.146143 -0.496332 -0.260773 0.334036 0.123597 -0.055133 -0.107570 -0.693838 0.275107 -0.071711 -0.300256 -0.455783 0.161576 -0.268119 -0.150272 0.473606 0.271794 -0.341819 -0.028612 -0.626002 0.179085 -0.426303 -0.647271 0.146533 0.306373 -0.504879 0.255338 0.210781 -0.227979 0.200516 -0.053760 -0.281905 0.529054 -0.157576 -0.004830 -0.048909 -0.255054 0.299023 0.217719 -0.200837 -0.450831 -0.636624 0.471902 -0.430517 -0.247792 -0.504270 -0.122368 0.213893 -0.095434 -0.041846 0.124350 0.325654 -0.052761 -0.578921 -0.401628 -0.036906 -0.225898 0.353014 0.270343 0.140027 -0.187171 -0.007619 0.121903 0.069640 -0.259209 -0.458649 0.230999 -0.064002 -0.142738 -0.378110 -0.036736 0.147007 -0.373237 0.240476 0.042593 -0.322929 -0.057580 -0.451545 -0.512367 0.095543 0.218927 0.526690 -0.168539 0.163741 0.493044 0.001318 -0.086130 0.115715 -0.325999 0.031831 0.322277 0.322206 -0.248806 0.232422 -0.016485 -0.132914 -0.400063 0.018694 0.004500 -0.170390 0.176334 0.065295
northeastern -0.124140 0.235944 -0.086064 -0.019852 0.297158 -0.100334 -0.162556 -0.492375 0.183555 -0.606047 -1.204412 -0.578091 -0.351794 0.243526 0.035306 -0.500340 -0.415292 -0.008160 0.019894 -1.127578 0.308334 -0.692273 0.046175 -0.248785 -0.609398 0.374798 0.958499 -0.852347 -0.773584 -0.523796 0.589216 0.148715 -0.236807 0.128769 0.485616 0.469425 0.124681 -0.078423 -0.264594 -0.905093 -0.446330 -0.033763 -0.335455 -0.239910 0.719253 0.437768 0.041475 -0.257767 0.317649 0.654769 0.379497 0.198466 -0.118383 -0.584539 0.296209 -0.198007 0.391552 -0.358283 -0.156341 0.140379 0.561529 0.372416 -0.396100 0.239661 -0.312658 0.239239 -0.242148 0.266595 0.208768 1.151832 0.253462 0.065486 0.436915 0.401371 0.023342 1.261584 0.225782 0.424509 -0.030745 -0.375629 -0.871938 -0.470343 -0.380927 0.507622 0.536274 -0.087297 0.382102 0.654168 0.312080 -0.010727 -0.421587 0.505471 0.359643 0.672180 0.394479 0.469045 -0.119785 -0.358866 -0.296501 -0.682185 -0.268925 0.369097 0.173690 -0.196988 -0.584232 -0.560276 0.356454 0.164173 -0.701612 -0.234481 -0.723933 -0.465760 -0.574608 0.123190 -0.216331 0.235126 0.618424 -0.118599 -0.306027 0.116418 0.102563 0.790536 0.123206 0.041969 0.940664 0.130588 0.101314 -0.359721 0.291064 -0.389315 -0.350923 0.013583 0.697035 0.232821 0.109363 0.347379 -0.025516 -0.334096 0.271913 -0.722319 0.078916 -0.271977 -0.415239 -0.423134 -0.352220 0.043654 -0.157071 0.096587 -0.342364 -0.018217 -0.293985 0.387895 -0.520339 0.265565 -0.698873 1.172539 0.478684 0.237412 -1.053272 0.286878 0.051086 0.505911 0.201883 0.137688 -0.500913 0.269496 -0.325949 -0.065697 0.173637 0.095731 -0.240620 -0.631961 0.259508 -0.052934 -0.203308 0.484020 -0.274356 -0.004395 -0.008170 -0.224402 -0.324449 -0.354396 -0.154815 0.043205 0.460980 0.326039 -0.747973 -0.282597 0.090742 -0.021899 0.386088 -0.171799 -0.123111 0.028768 -0.723167 1.303432 -0.107937 -0.624913 -0.515650 -0.429063
northwestern -0.026270 0.505978 -0.205479 -0.116823 0.237855 -0.262993 0.045640 -0.243970 0.031312 -0.542501 -1.379757 -1.056029 0.320915 0.239944 0.069264 -0.430330 -0.605876 -0.256160 0.667328 -1.140632 0.565066 -0.277808 0.136465 0.362853 -0.832523 0.241157 1.148712 -0.516005 -0.901059 -0.456602 0.458115 0.403071 0.585784 -0.246039 0.301052 0.579066 0.181856 -0.051690 -0.185136 -1.005199 -0.432173 0.090475 -0.630497 -0.219034 1.029992 0.333043 0.463221 -0.405049 0.508902 0.574443 -0.051654 -0.281602 -0.075770 -0.024346 0.029702 -0.144268 -0.006368 -0.438037 -0.270642 0.104180 0.580720 0.727627 -0.291861 0.325868 -0.195394 0.145903 -0.112655 0.456903 0.215422 1.041554 0.125119 -0.151953 0.167029 0.100920 0.281084 1.440411 0.488445 0.527402 -0.045987 0.096446 -0.542717 -0.114894 0.092523 0.534594 0.455977 0.242149 0.283211 0.775073 0.308420 0.066827 -0.348311 0.547181 0.280196 0.613627 0.252049 0.346313 -0.265994 -0.416385 -0.086345 -0.537868 -0.150152 0.498889 0.338712 -0.473298 -0.850952 -0.601762 0.412039 0.311984 -0.396566 0.054907 -0.620399 -0.437160 -0.451049 0.076570 -0.401675 0.207859 0.509592 -0.281099 -0.151392 0.117967 -0.242472 0.832515 -0.094159 0.263396 0.481379 0.446732 0.209773 0.065070 0.287452 -0.594001 -0.346576 0.065457 0.800611 -0.072020 0.894867 0.192683 0.211485 -0.798210 0.584267 -0.670419 0.333009 -0.241588 -0.277307 -0.297948 -0.631366 -0.010142 0.149904 0.525151 -0.187868 -0.123804 -0.515855 0.167873 -0.646103 0.121874 -0.575003 0.786310 0.406926 0.448718 -0.999112 0.357709 0.508799 0.421898 -0.020899 -0.047638 -0.142593 0.309028 -0.087052 0.075770 0.346499 0.139292 -0.280350 0.314638 0.658002 -0.250275 -0.295461 0.289950 -0.372143 0.043439 0.030954 0.134103 -0.526189 0.246487 -0.012505 -0.085509 0.494867 0.464534 -0.736979 -0.440572 -0.103738 -0.022157 0.365253 -0.076961 0.044278 -0.092097 0.204667 1.088206 -0.190778 -0.381459 -0.379139 0.034403
novel 0.454626 0.028576 0.526754 -0.076382 0.109075 -0.335575 -0.649531 0.617546 0.375194 0.030537 0.078756 0.096991 -0.988187 -0.126861 0.043447 -0.803841 0.578886 -0.265497 0.138590 -0.099581 0.340366 -0.589679 -0.007457 -0.465642 -0.509329 -0.639433 -0.615154 -0.551543 -0.985618 0.104502 -0.337773 -0.076730 -0.181558 0.949983 -0.467553 -0.169566 -0.099908 0.022974 0.096141 -0.520099 0.392752 0.236839 0.238831 0.390183 0.333746 0.705695 0.397527 -0.361000 0.155463 0.466540 0.371226 -0.406057 0.064743 -0.891365 0.000539 0.414639 0.445875 -0.456991 0.040705 -0.042594 -0.044027 0.197488 0.011783 -0.249659 -0.279561 0.019026 -0.146164 0.565238 -0.326245 0.864951 0.219193 -0.191774 0.656329 -0.248194 0.270172 0.739568 0.341577 0.463289 -0.458029 -0.979489 -0.501322 -0.328413 -0.153830 0.904488 -0.018397 -0.223078 0.207699 -0.124144 -0.049055 -0.275370 -0.333342 0.135817 0.509399 -0.136251 0.382168 0.504009 -0.015524 -0.268826 0.957946 0.007339 -0.711696 0.511943 0.369503 -0.243797 0.131401 -0.521332 0.065161 0.325934 -0.011437 0.077418 0.383268 -0.394328 -0.083264 0.482860 0.153390 0.077858 -0.196475 -0.160000 -0.075774 0.124258 0.209059 0.153099 -0.146187 -0.726612 0.186670 0.537794 -0.609140 -0.254665 -0.361312 0.209820 0.012855 -0.326897 0.090578 -0.002341 0.436140 0.297819 0.738378 0.218216 -0.345683 -0.149411 0.679659 -0.228910 -0.415296 -0.101733 -0.179761 0.075593 0.276635 0.400971 -0.307095 0.101529 -0.306494 -0.262030 -0.219648 0.139754 -0.190580 1.012761 0.373266 -0.156853 -0.073498 0.069681 -0.589231 -0.130063 0.424523 -0.321365 0.432003 0.612667 -0.338433 -0.036266 -0.694446 -0.174987 -0.773922 0.114530 -0.312397 -0.407233 -0.126552 -0.641251 -0.451435 0.598314 -0.020532 0.380261 0.028715 -0.110265 0.140003 -0.220070 -0.046754 0.271917 0.087669 -0.029908 0.392762 0.207206 0.572814 -0.264031 0.229223 -0.283608 -0.610060 -0.103467 0.584622 -0.623889 0.093412 0.849343
novelist 0.970734 0.048792 0.951688 -0.388862 0.224362 0.092387 -0.131135 0.480821 0.594061 -0.024564 -0.265777 -0.222238 -0.402060 0.231321 0.071022 -0.679632 -0.160280 -0.209221 0.488819 -0.768660 0.443957 -0.116564 -0.026409 -0.426798 -0.303817 -0.499801 0.233472 -0.177633 -1.231905 -0.160941 -0.274646 -0.226703 0.125969 0.344152 -0.038109 0.324626 0.219603 -0.039255 -0.051863 -0.707790 -0.076761 -0.285367 0.051295 0.159867 0.281652 0.392935 -0.121762 -0.731323 0.236628 0.376699 0.280873 -0.619557 -0.811189 -0.192061 0.361219 0.100319 0.429215 -0.322815 -0.299408 -0.357621 0.094985 0.244085 0.026000 0.230366 -0.521148 0.195992 0.130537 0.860914 -0.210522 0.674880 0.031691 0.086165 0.359178 0.587260 -0.014692 0.478618 0.531934 0.117274 -0.177484 -0.717381 0.038060 -0.004424 -0.136075 0.645752 -0.473437 -0.015531 -0.210237 0.038489 -0.123892 -0.096576 0.140580 0.418197 0.306778 0.312278 0.557836 0.576099 0.284399 -0.425776 0.079132 -0.870510 -0.429806 1.076016 0.197021 0.100845 0.463618 -0.735342 0.194058 0.320704 0.138447 0.053659 -0.088278 -0.408304 -0.193903 -0.064488 0.348776 0.003027 0.088389 -0.028558 -0.445973 -0.349901 0.142521 0.680444 0.753759 -0.975359 0.366182 0.167636 0.059446 0.364929 -0.457081 0.129768 0.047221 -0.016452 0.073953 0.182184 0.315746 0.736161 -0.337653 0.354327 -0.237386 -0.027194 0.329944 -0.252515 -0.740082 -0.289064 -0.202898 0.484234 -0.234171 -0.302057 0.067849 -0.226179 -0.291271 -0.488488 -0.526972 -0.254982 -0.106550 0.418688 0.115840 0.642217 -0.264154 0.368088 0.061112 -0.172016 0.071577 -0.594841 0.506282 0.349164 0.428812 -0.286950 0.054642 -0.447358 -0.671463 0.453960 0.260467 -0.639238 -0.156821 -0.203530 -0.156880 -0.090796 -0.224158 -0.093891 -0.112194 -0.176338 -0.111918 -0.407227 0.031570 0.340459 -0.317283 0.024649 1.145678 0.171690 0.449322 -0.577447 0.199009 -0.558662 0.248144 0.378755 0.330323 -0.466888 0.388328 0.395666
novella 0.442361 -0.234093 0.166770 0.404505 0.530085 -0.124620 0.269728 0.127683 -0.058316 0.270151 0.084390 -0.360874 -0.073844 0.122704 0.053420 -0.117246 0.031351 0.153399 0.216231 -0.491121 0.532263 0.001893 -0.026582 -0.092198 0.132775 -0.412513 0.176383 -0.087134 -0.485036 0.034375 0.249015 0.207109 0.187002 0.454929 0.003566 0.229389 0.132328 0.174864 -0.169882 -0.318249 -0.283089 0.116343 0.306565 0.155612 0.321757 0.037780 -0.149539 -0.236932 0.012074 0.500337 -0.152621 0.021511 -0.149003 -0.216908 0.144306 0.109676 0.348334 -0.509639 0.052131 -0.211665 -0.107117 0.269225 0.269444 0.036405 -0.427003 0.050278 0.208296 0.197491 -0.226225 0.338532 0.026591 0.094440 0.570653 -0.197331 -0.032217 0.132309 0.126774 -0.309517 -0.382947 -0.336859 -0.204304 -0.159307 -0.441458 0.332408 0.039051 -0.091032 -0.182760 0.386347 0.234028 -0.009650 -0.324526 0.217042 0.220826 0.052834 0.478580 0.603542 0.238438 0.124629 -0.050998 -0.395482 -0.022417 0.318797 0.170964 -0.057366 -0.017774 -0.628782 0.164642 -0.013455 -0.075681 -0.211818 -0.003317 -0.491749 -0.334329 0.288043 0.032869 -0.302107 0.109547 -0.351691 -0.142325 -0.342198 -0.480381 0.270809 0.607945 -0.415586 0.141961 0.297131 -0.109844 -0.030854 -0.179934 -0.414645 0.272706 -0.312132 0.141552 -0.033753 0.113027 0.004049 0.078989 -0.059414 -0.499027 -0.529217 0.379203 -0.638851 -0.377980 -0.416032 -0.057944 0.225216 -0.263983 0.017461 0.203695 0.267573 0.042319 -0.448430 -0.162906 0.313925 -0.431723 0.212371 0.086619 0.115277 -0.210919 0.091031 0.181989 0.050244 -0.170065 -0.159488 0.462800 0.082456 -0.176387 -0.008766 0.046182 -0.032029 -0.291547 0.122083 0.139961 -0.233762 -0.177134 0.082619 -0.432816 0.024254 0.253345 0.301141 -0.021278 0.244111 0.264789 0.019791 0.115665 0.205545 -0.492946 0.106126 0.418328 0.002414 -0.111932 0.067104 -0.099987 -0.378281 -0.101202 -0.009687 0.170364 0.016980 0.323436 0.160053
novels 0.975988 0.538896 0.616754 -0.420016 0.149715 0.222741 -0.359936 0.958914 0.923026 -0.416926 0.190586 -0.108779 -0.966068 0.070780 -0.048691 -1.073276 0.138254 0.412813 0.506690 -0.605804 0.359519 -0.251565 0.042339 -0.825229 -0.580048 -0.620069 0.112203 -0.293445 -1.398732 -0.184024 0.049300 0.294943 -0.016504 0.543508 -0.258389 -0.140774 0.309701 0.321458 0.377605 -0.195748 -0.060805 0.121976 0.270399 0.194006 0.529716 0.367562 0.189851 -0.813659 0.213344 0.878012 0.268608 -0.633756 -0.556868 -0.606999 0.455858 0.400843 0.302296 -0.073539 -0.233214 -0.355732 -0.336762 0.091020 0.101611 -0.238264 -0.409181 -0.129908 0.141430 0.371630 -0.507222 0.808637 -0.144130 -0.426687 0.426781 -0.305294 0.095946 0.294146 0.779536 0.017724 -0.678833 -0.474462 -0.079585 -0.103579 -0.712620 0.397739 -0.327766 -0.008295 -0.595560 -0.038566 -0.173366 -0.439438 0.089063 0.119604 -0.287918 -0.156851 0.652408 0.293638 -0.272633 -0.163020 0.155281 -0.519692 -0.548398 0.666431 0.329185 0.446861 0.694025 -1.203793 0.092484 0.484184 0.510884 -0.148470 -0.263965 -0.807416 -0.502875 0.195332 -0.001983 0.177399 0.089108 0.142670 -0.195699 -0.065752 -0.087362 0.470527 0.022649 -0.981600 0.036823 0.278096 -0.142878 0.135424 -0.646956 0.106340 -0.193241 -0.397447 -0.084768 0.318032 0.175961 0.662542 -0.195311 0.228876 -0.799659 0.221371 0.043199 -0.287682 -0.337784 -0.136621 -0.540717 -0.002429 -0.085660 0.257747 0.069189 0.296875 -0.314452 -0.274766 -0.788122 -0.005729 -0.172751 0.983060 0.132551 1.045474 -0.399448 -0.158619 -0.368119 -0.087207 0.473313 -0.349257 0.602702 0.560363 -0.252162 -0.105423 -0.244583 -0.440902 -0.252489 0.388342 0.064232 -0.569599 -0.002251 0.172177 -0.554246 0.303999 -0.005670 -0.067366 -0.121469 -0.168035 0.066797 -0.254305 -0.144128 0.110071 0.201152 0.236281 0.844396 0.085116 0.631340 -0.327624 0.332461 -0.514223 -0.371181 0.362497 0.048944 -0.593544 0.510058 0.636885
novelty 0.619406 -0.057325 0.279096 -0.361588 0.413574 -0.476495 -0.479483 0.194845 0.210700 -0.066414 -0.438676 -0.626305 -0.603628 0.154309 -0.019457 -0.548946 0.466034 -0.807596 0.592200 0.152629 0.107240 -0.096566 -0.073460 -0.362787 -0.331000 0.018414 0.359948 -0.142725 -0.509953 -0.207341 -0.015889 0.195165 0.281207 0.480569 -0.347980 0.352685 0.239093 0.117041 -0.091835 -0.281801 0.226198 -0.268708 0.408034 -0.067852 0.352799 0.956968 0.082495 0.041212 0.534134 0.042236 0.667394 -0.248238 -0.196541 -0.966544 0.324810 -0.146501 0.418812 -0.749147 -0.166026 -0.271271 -0.216681 0.770158 -0.244858 -0.308843 -0.437468 0.146128 0.199778 0.748472 -0.416740 0.197269 -0.042887 -0.183220 0.337394 -0.188424 0.430773 0.464890 0.312862 0.047494 -0.206653 -1.034163 -0.368427 -0.224757 -0.402824 0.328207 -0.215284 -0.925543 0.094271 0.185709 0.056766 0.192108 -0.011891 0.241953 0.822404 0.655597 0.819016 0.789260 -0.106630 -0.000617 0.319009 -0.121309 -0.376515 0.425977 0.040246 -0.090459 0.104617 -0.597004 0.104400 0.741369 -0.429763 0.073034 0.473824 -0.728930 -0.450865 0.042850 0.022041 0.269417 0.315355 -0.597487 -0.155130 0.058377 -0.234481 0.437443 0.443277 0.156050 0.243473 0.263351 -0.232925 0.125121 -0.448510 -0.151616 0.002819 -0.159594 -0.159405 0.312237 0.329030 -0.177087 0.439220 -0.338767 -0.421948 -0.663996 0.395612 -0.173076 -0.702572 -0.721898 -0.241541 0.196516 0.007852 0.345364 -0.295925 0.360946 -0.258925 -0.593992 -0.188631 -0.041904 -0.070149 0.384827 0.160540 0.321168 -0.047627 0.127181 0.362631 -0.035390 0.034429 -0.108638 0.257166 0.237166 -0.001764 -0.285735 0.188080 0.100105 -0.854353 0.092485 -0.087978 -0.602035 0.279991 -0.254257 -0.462113 0.245967 0.088591 0.186003 -0.462527 -0.014886 0.169351 -0.331617 -0.414312 0.378894 0.016200 -0.195099 0.288766 0.467606 0.141261 -0.213784 -0.298245 -0.453188 -0.742514 -0.359782 0.232546 -0.888912 -0.061691 0.478913
nozzle -0.201516 -0.017061 0.388914 0.155244 0.687229 -0.142030 0.123332 0.400848 -0.144521 -0.506363 -0.042904 0.190204 -0.623859 0.009603 -0.171177 -0.250896 -0.204327 -0.060950 0.225881 -0.564083 0.164401 -0.355686 -0.057828 -0.034450 -0.222134 -0.286163 0.085423 -0.116330 -0.305317 -0.098477 0.096763 0.172280 0.321493 -0.052369 0.410881 0.005974 0.228441 0.209385 -0.004679 -0.417908 0.058373 -0.478549 0.526093 0.587080 0.342715 0.414317 -0.378961 0.182293 0.305824 0.588838 0.193477 0.115150 -0.390625 -0.152797 -0.215463 -0.018406 -0.064746 0.374105 -0.141888 0.463334 0.220609 0.237058 0.303758 0.085602 -0.197035 0.132888 0.147598 0.925517 -0.157767 0.622747 -0.343001 0.039269 0.518921 -0.260459 0.539985 0.081261 0.133021 -0.231573 -0.356339 -0.338937 0.008815 -0.027547 -0.155453 0.222521 0.015050 -0.076878 0.075854 0.175484 -0.115623 -0.255829 -0.057187 0.391668 0.758723 0.448524 0.386916 0.276697 -0.009915 0.075402 0.041553 -0.462058 -0.601224 0.550992 0.402185 -0.253476 -0.367855 -0.277324 0.331518 0.092187 -0.360034 0.177115 -0.235908 -0.505397 -0.692436 0.119183 0.133683 0.263229 0.066622 -0.230569 0.030083 -0.307377 -0.299850 0.796741 -0.335583 0.068718 0.724796 0.079156 -0.007263 -0.062508 -0.595411 -0.225513 0.299571 0.087931 -0.125202 0.054650 0.089555 0.419131 0.158662 -0.416300 -0.191930 -0.310966 0.578763 0.034598 -0.459038 -0.126890 -0.173264 0.265635 -0.115121 0.391172 -0.021586 -0.098592 0.034078 -0.407333 -0.148361 0.121946 -0.799312 0.669452 -0.170591 -0.162431 0.058120 0.070382 0.153891 -0.022430 0.140673 -0.172605 0.088350 0.240281 -0.213295 0.090407 -0.293930 0.134641 -0.313629 0.365659 -0.007397 -0.312767 -0.118181 -0.020729 -0.520579 0.409922 0.002040 0.100717 -0.035407 -0.116323 -0.205457 0.190672 0.248879 0.573630 -0.399527 -0.165605 0.252498 0.086783 0.108040 -0.070396 -0.418756 -0.193526 -0.401743 -0.052508 0.015277 0.277275 -0.080862 -0.371710
nteresting 0.613628 0.059565 0.006274 0.099398 0.460163 0.133158 0.058022 0.221584 -0.192651 0.135864 -0.317501 0.040763 -0.045155 0.019584 0.186114 -0.495599 0.200661 -0.276335 0.119244 -0.141848 0.210744 -0.361859 0.037064 -0.192523 -0.341976 -0.113600 0.042684 -0.306141 -0.729448 -0.129137 -0.093550 -0.156150 -0.090729 0.428890 0.076486 -0.043388 -0.025494 -0.214530 -0.166689 -0.395344 -0.071051 -0.026041 0.142936 0.188164 0.360417 0.252669 0.098215 -0.114123 0.138398 0.423482 0.264033 -0.191958 -0.082117 -0.219683 -0.163586 0.078801 0.192169 -0.280536 0.021436 0.041932 -0.129159 0.146611 -0.226731 -0.328731 -0.207465 0.032689 0.174390 1.030984 -0.451534 0.141531 0.042010 -0.317958 0.424703 -0.343467 -0.057269 -0.018092 0.101550 -0.162100 -0.191978 -0.545411 0.030438 -0.026301 -0.208322 0.124714 -0.193264 -0.156891 0.147250 0.166710 0.435678 -0.366508 -0.065338 0.257882 0.350395 0.093914 0.465768 0.317244 0.298095 -0.090503 -0.016514 0.016875 -0.136033 0.294216 0.065603 -0.051495 -0.130287 -0.709803 0.148132 0.454252 -0.282938 0.070945 -0.347919 -0.211568 -0.406176 0.080218 0.373944 0.009517 0.230009 -0.166941 0.202621 0.348037 -0.089152 0.367114 0.377891 -0.377077 -0.108963 0.191341 -0.258786 -0.193621 -0.434305 0.167571 0.357690 -0.010750 -0.038042 0.091592 0.219460 -0.192212 -0.052809 -0.124544 -0.261266 -0.099851 0.008738 -0.037981 -0.505712 -0.318220 -0.271946 -0.025463 -0.257654 0.504171 -0.003738 -0.019210 -0.224306 -0.295252 -0.015724 0.224421 -0.113605 0.357080 0.296907 0.250362 0.084373 0.253232 -0.090943 0.154958 0.105376 -0.372901 -0.168890 -0.007791 0.037572 -0.145844 -0.100778 -0.104528 -0.392736 0.265806 0.019644 -0.462054 0.174307 0.073217 -0.106933 0.064625 -0.233576 -0.176440 -0.065886 -0.030416 0.047754 -0.025497 0.050234 0.197288 -0.020340 0.001771 0.362784 -0.123719 0.500856 -0.110047 0.003886 -0.228908 -0.438056 -0.071026 0.369502 -0.511491 -0.147669 0.268234
ode 0.275401 -0.074786 -0.021343 0.179894 0.385058 0.103982 -0.159235 0.279291 0.060400 -0.159614 0.239330 0.063879 -0.209396 -0.216933 -0.159912 -0.358442 0.224463 0.044262 0.488477 -0.518812 0.131450 -0.283539 -0.070317 -0.309553 -0.327474 -0.218853 0.278380 -0.145314 -0.250245 -0.193347 0.109426 -0.129376 0.162764 0.221806 -0.162228 -0.242120 0.288992 0.008164 -0.170238 -0.272068 -0.271469 0.135076 0.209151 0.153829 0.152496 -0.026251 -0.176904 0.024247 0.099274 0.067185 0.216361 -0.016471 -0.344205 -0.034434 0.196446 0.015177 0.271488 0.096291 -0.045464 -0.358755 -0.069977 -0.071126 0.200533 -0.342977 -0.666565 0.083900 0.103219 0.173746 -0.295657 0.449215 -0.188071 0.093014 0.130406 -0.140574 0.374315 -0.059646 0.519382 -0.110742 -0.412892 -0.167672 -0.043708 0.047899 -0.145277 0.445937 -0.226308 0.070174 0.069230 -0.080192 0.030615 -0.000754 -0.166008 0.188833 0.007950 0.332923 0.298320 0.092130 0.366430 0.172112 0.030669 -0.212582 -0.411128 0.483310 0.252807 -0.013246 -0.006498 -0.584314 -0.080928 0.218212 -0.551565 -0.385120 -0.201473 -0.231956 -0.274699 -0.092336 -0.094200 -0.191723 0.316851 -0.301456 0.181111 -0.407285 -0.196298 0.266168 0.346565 -0.257747 0.133343 0.094672 -0.165044 0.043011 -0.408203 0.045140 0.086948 -0.033934 0.298601 -0.343174 -0.015911 0.070652 -0.348661 -0.183219 -0.042260 -0.122705 0.026899 -0.355711 -0.312978 -0.052552 -0.481402 0.159356 0.020681 0.087286 0.076770 0.133453 0.365750 -0.518179 0.070911 0.532111 0.117484 0.435731 0.189621 0.144433 -0.278179 0.139268 0.080408 0.251724 0.199551 -0.176030 -0.028201 0.017495 0.121892 -0.106235 -0.068494 -0.040684 -0.339362 0.031093 0.303118 -0.398864 0.322702 -0.024988 -0.403135 0.140215 -0.164745 0.212888 0.056755 -0.064622 -0.036701 0.121401 0.137481 0.059266 -0.259909 0.187004 0.351311 0.006946 0.083549 0.079327 -0.145603 -0.243184 0.273805 -0.129541 0.081755 0.258112 -0.477448 0.132144
odes 0.164721 0.068555 -0.075957 0.196986 0.076210 0.065662 -0.110322 0.384419 0.107816 -0.239396 0.115374 -0.047133 -0.461105 -0.183814 0.095060 -0.400428 0.163877 0.156863 0.532413 -0.522416 0.053464 -0.349068 -0.022233 0.089941 -0.102603 -0.066189 0.166067 0.133195 -0.299466 -0.189259 0.337482 -0.004868 -0.018593 0.466265 0.043874 -0.125514 0.152894 0.041691 -0.384469 -0.438794 -0.289150 -0.021100 0.152995 0.166476 0.184817 0.075005 -0.199822 -0.136439 -0.020453 0.129278 0.319691 0.081155 -0.696053 -0.294975 0.109615 0.062337 0.094791 0.100165 -0.164589 -0.119623 -0.301257 -0.051632 0.151673 0.152441 -0.696425 -0.152417 0.125456 0.403457 -0.161727 0.074273 -0.134011 0.122844 0.227250 -0.258485 0.282497 -0.151248 0.238314 -0.352500 -0.008444 -0.021796 -0.147398 -0.125705 -0.409804 0.502571 -0.389825 0.034695 0.082065 -0.450343 0.031776 -0.200409 0.042237 0.291254 -0.596154 0.033774 0.479082 0.259623 0.517913 -0.014932 -0.459345 -0.490679 -0.308739 0.250123 0.452324 -0.021729 -0.304115 -0.525136 0.044004 -0.055762 -0.380500 -0.252185 -0.690329 -0.303771 0.000987 -0.205494 0.036274 0.006016 -0.239332 -0.330978 0.121298 -0.569246 -0.136297 0.278118 0.317323 -0.420531 0.091600 -0.042739 -0.282009 0.035597 -0.204763 -0.058081 0.049413 -0.144466 0.332408 -0.299105 -0.056276 -0.009607 -0.163438 -0.212470 -0.282233 -0.169677 0.336514 -0.563815 -0.551237 -0.094008 -0.223183 0.068406 -0.237129 0.138745 0.292127 0.243785 0.164423 -0.539517 0.128462 0.366162 -0.211241 0.502586 -0.005034 0.242981 -0.208811 0.131230 0.133867 0.053898 0.292569 -0.091808 0.027448 0.143017 0.038381 -0.121080 -0.368936 0.097235 -0.090337 0.299829 0.289270 -0.061456 0.260493 0.129604 -0.339710 0.388966 0.167178 -0.120941 -0.241199 0.304499 0.074109 -0.016732 -0.004865 0.142727 -0.322230 0.139888 0.829016 -0.042945 0.192864 -0.141473 -0.145326 -0.500100 0.310471 0.172829 0.264515 0.271922 -0.412631 0.200266
odyssey 0.700315 0.651109 0.603722 0.164567 0.588463 0.156548 0.164606 0.237881 0.292791 -0.232422 -0.272121 -0.048418 -0.536578 0.013175 0.119957 -0.461476 0.046312 0.321461 0.634629 -0.467034 -0.016206 0.027947 -0.473993 -0.029683 -0.292875 -0.413671 0.173412 -0.665725 -0.772312 -0.255244 0.106839 0.001423 -0.091690 0.297163 -0.048021 0.206281 0.509745 0.237620 -0.190810 -0.693599 -0.330826 -0.144719 0.278020 0.218715 0.558508 0.087451 -0.332994 -0.578286 0.237388 0.126283 0.077132 -0.081177 -0.504024 -0.306262 0.321151 -0.168449 0.437833 -0.066852 -0.044131 -0.007851 -0.336250 0.115684 0.279605 -0.155282 -0.680513 0.277062 0.179256 0.965787 -0.374936 0.370313 -0.268233 0.136081 0.448968 -0.333988 0.011288 0.187556 0.824126 -0.076972 -0.314637 -0.180615 0.202767 -0.228997 -0.237261 0.505899 -0.006955 -0.067734 -0.337337 0.029724 0.493483 -0.240850 0.163371 0.418045 -0.076982 -0.051792 0.309523 0.628712 0.240219 -0.088982 -0.153860 -0.722504 -0.430526 0.268447 0.175037 0.420825 0.157961 -0.574700 0.395494 0.300988 -0.429367 -0.195115 -0.411521 -0.260208 -0.042332 0.039919 -0.055127 0.032547 -0.097491 -0.003141 -0.310324 -0.122658 -0.125076 0.553170 0.370654 -0.677108 0.040054 0.682379 0.424480 0.325625 -0.044829 0.643101 0.164697 -0.182305 0.020497 0.070589 0.273982 0.679116 -0.276354 -0.057979 -0.455504 0.073818 -0.020483 -0.520820 -0.405460 0.045128 -0.187034 -0.042624 -0.241979 0.092943 0.669396 -0.047330 0.088647 -0.584960 0.063015 0.165207 -0.505563 0.958409 0.108261 0.483245 0.143145 0.014885 -0.010868 -0.214547 0.123918 -0.377102 0.032681 0.283201 0.201159 -0.021760 -0.064038 -0.106280 -0.454525 0.300262 0.434507 -0.474771 0.224712 -0.258577 -0.474905 0.219103 -0.134715 -0.041629 -0.165001 -0.085936 0.009660 -0.060415 -0.142570 0.304491 -0.008362 0.340062 0.670740 0.133276 0.048293 -0.037836 -0.336318 -0.500259 0.016830 0.052441 -0.083502 0.101083 -0.086709 0.268600
orioles 0.038571 -0.231672 0.181234 0.126336 0.327020 -0.064570 0.004255 0.295242 -0.080431 -0.080808 0.007895 -0.054827 -0.195186 -0.043126 0.196977 -0.209869 -0.136418 -0.014967 0.202355 -0.404933 0.157846 -0.331426 -0.037609 0.084428 -0.080883 -0.315482 0.050676 -0.309822 -0.179629 -0.148720 -0.127173 0.034651 0.107404 0.342670 0.058093 -0.092697 0.100803 -0.096676 0.005497 -0.307662 -0.211534 0.039592 0.161438 -0.010962 0.301536 -0.081161 -0.145906 0.244104 0.127316 0.117377 0.180679 -0.085770 -0.336369 -0.259546 0.088588 0.195063 0.146590 -0.173235 -0.332201 -0.287283 -0.228392 0.182097 -0.114084 -0.214615 -0.432188 0.147551 -0.113387 0.318150 -0.192366 0.163014 -0.075897 0.130952 0.363050 -0.183912 0.413932 0.054829 0.198466 -0.040901 -0.350194 -0.272066 -0.101486 -0.010204 -0.186651 0.369589 -0.246528 -0.122719 0.170820 -0.079346 0.196122 -0.233848 0.067207 0.099080 0.040025 0.416109 0.123297 0.052898 0.086595 -0.016004 -0.145121 -0.268233 -0.511555 0.306216 -0.082166 -0.149441 -0.411460 -0.224316 0.022954 0.288016 -0.072878 -0.233395 -0.279041 -0.200789 -0.362902 0.064997 0.095086 0.169268 0.141052 -0.367107 0.043019 -0.309749 -0.182058 0.170049 0.260725 0.170537 0.184466 0.409008 -0.143168 -0.205483 0.011136 0.006310 0.124214 -0.003924 0.001105 -0.034800 0.022999 0.206528 -0.129316 -0.124354 -0.077586 -0.334769 0.071501 -0.168593 -0.371546 0.045473 -0.380899 0.096544 -0.220532 0.246485 -0.028523 -0.019117 -0.127955 -0.272205 0.076118 0.512863 -0.136062 0.326482 0.014215 0.107757 -0.171603 0.226955 0.161920 0.046203 0.108385 -0.117184 0.120265 0.146666 0.127929 -0.236971 -0.138927 0.158382 -0.257260 0.117340 0.114803 -0.288684 0.123153 0.134431 -0.501232 0.240021 0.078578 0.011344 -0.178487 0.033747 0.204881 0.076590 -0.009161 0.095844 -0.047010 -0.002607 0.316537 0.159818 0.187774 0.019757 -0.089852 -0.018104 -0.194133 -0.165488 0.382073 -0.078329 -0.037090 -0.042635
paddle 0.386027 -0.513706 0.956825 -0.077798 1.148340 0.016390 0.599850 0.561723 -0.223140 -0.459415 0.023556 0.292677 -0.282105 -0.016574 0.614397 -0.304241 -1.051963 0.807402 0.163821 -0.893712 0.404974 -0.249838 0.141150 0.131538 -0.973623 -0.080094 -0.302677 0.075375 0.114398 -0.398167 0.540788 -0.127888 0.131155 0.068463 0.169499 -0.000844 0.713486 0.107042 -0.344023 0.009383 -0.287229 -0.494251 0.570724 -0.026524 0.616618 0.669994 -0.493670 0.655664 -0.482113 0.203225 -0.056170 0.512142 -0.427185 -0.539183 -0.062745 0.653323 -0.315278 -0.112058 -0.343301 0.353804 0.706066 -0.486945 -0.523040 0.598910 -0.784528 -0.009044 0.906664 -0.160131 -0.293486 1.213985 -0.073551 0.455486 0.457756 -0.061878 0.033625 0.228976 0.787953 0.800284 -0.308018 0.289024 0.128001 0.255997 -1.049057 0.671951 0.405117 0.352344 -0.202688 -0.084595 -0.148969 -0.158214 -0.240111 0.365168 0.980635 0.664701 0.977540 0.445670 -0.087068 -0.310909 0.820845 -0.204558 -1.020834 0.888832 0.375425 -0.396524 -0.749334 -0.641733 0.000805 -0.301191 -0.577755 0.290844 -0.133996 0.266425 -0.942277 0.324347 0.082849 0.681108 0.433946 -0.405817 0.502494 -0.820800 0.208601 0.437040 0.163388 0.105892 0.493245 0.335906 -0.710950 0.233214 -0.003486 -0.586568 0.099752 -0.454435 0.284912 -0.323888 0.467651 0.231227 0.315352 -1.001522 0.002867 -0.968653 0.555138 -0.533482 0.118572 -0.437431 0.262842 0.188125 -0.165056 0.982230 -1.263179 -0.022163 -0.386679 -0.716054 -0.107889 0.174486 -0.176208 1.280536 -0.417727 -0.061273 -0.536283 0.143790 -0.165514 -0.239623 -0.341528 -0.621130 0.753825 0.322238 0.492431 -0.948553 0.166367 -0.459965 -0.253118 -0.939291 0.083371 -0.569852 -0.286178 -0.617847 -0.488662 -0.161668 0.312384 -0.049995 -0.813319 -0.374916 0.046176 0.226386 0.095849 0.782944 -0.388228 0.028987 0.561565 -0.521600 1.200610 0.217929 0.299802 0.264807 -0.725536 0.125744 0.514201 0.166792 0.227054 -0.309023
paraphrased 0.357696 0.059207 0.511754 -0.057812 0.461784 -0.040143 0.011911 0.287226 0.220608 0.096139 0.078836 -0.142235 -0.114760 0.023501 0.379244 -0.484975 -0.181221 0.020794 0.699275 -0.743108 0.277580 -0.256923 -0.194982 -0.123172 -0.118375 -0.298250 0.406872 -0.152050 -0.510116 -0.052512 0.007746 0.220818 -0.134557 0.355337 -0.167892 0.002295 0.421760 0.018874 -0.277204 -0.629898 -0.150522 -0.199665 -0.069297 0.223299 0.193605 0.124177 -0.277563 -0.202080 0.199772 0.271526 -0.314966 -0.309016 -0.481667 -0.290218 -0.023233 -0.052654 0.063254 -0.073447 -0.415928 -0.013862 0.023573 0.110173 0.285822 0.126178 -0.346701 0.153239 0.230101 0.965031 0.005285 0.324468 -0.032037 -0.042783 0.765526 -0.162567 -0.171053 0.203634 0.308501 -0.490386 -0.506332 -0.223078 0.008208 -0.018439 -0.201421 0.383778 -0.240038 -0.041051 -0.306257 0.348250 0.294940 -0.068831 -0.187301 0.111220 0.006362 0.000938 0.427846 0.818899 0.069548 0.035561 -0.136226 -0.155502 -0.220654 0.544636 0.117465 -0.032286 0.225991 -0.284179 -0.043975 0.093506 0.095367 -0.168982 0.032241 -0.210310 -0.051176 0.015180 -0.097885 -0.017220 0.040327 -0.053013 -0.153454 -0.509368 -0.027743 0.604794 0.559958 -0.465104 0.199478 0.423531 -0.068616 0.211366 -0.263849 0.024299 0.027976 -0.087268 0.049233 0.100960 -0.064906 0.378087 -0.044543 -0.197678 -0.099131 -0.235531 0.103306 -0.369090 -0.460417 -0.201166 -0.191043 0.301145 -0.107922 0.043259 0.314260 -0.022384 0.120326 -0.412960 -0.183407 0.481357 -0.138258 0.478551 -0.014869 0.143052 -0.052812 0.242703 -0.280984 0.156184 0.065534 -0.269146 0.133365 -0.317391 -0.227623 -0.277393 -0.234601 -0.194259 -0.359723 0.300918 0.312520 -0.410647 0.137017 -0.067004 -0.365591 0.196119 -0.042591 0.232005 -0.158034 -0.141881 -0.204747 -0.114372 -0.185849 0.082495 -0.118509 0.027884 0.559254 0.208629 -0.048298 -0.242491 -0.140314 -0.525908 -0.126730 -0.103889 -0.068446 -0.166997 0.272772 0.329568
penultimate 0.431078 0.211832 0.485348 -0.038295 0.296100 -0.104075 -0.080855 0.485512 0.318414 -0.009986 0.022016 -0.149392 -0.052485 -0.089744 0.353577 -0.249678 -0.042559 -0.262569 0.296970 -0.378311 0.132555 -0.060996 -0.142584 -0.344085 -0.062901 -0.159838 0.324991 -0.224549 -0.496720 -0.198053 0.037832 -0.149707 -0.156513 0.321541 0.090913 0.045937 0.158378 0.073536 -0.058260 -0.434745 -0.195046 0.056825 -0.071970 0.219726 0.333540 0.232134 -0.245141 -0.086881 0.024076 0.181105 -0.056104 -0.279352 -0.037808 -0.386886 0.071768 -0.097146 0.237142 -0.123146 -0.104000 0.051061 0.152060 0.231024 -0.027456 -0.123900 -0.321199 0.202934 0.075708 0.659567 -0.390086 0.412760 0.013425 -0.125937 0.405949 -0.009708 -0.297474 0.189837 0.437065 -0.176420 -0.450615 -0.265382 -0.067549 -0.089317 -0.177662 0.232953 -0.152981 -0.172972 -0.030214 0.050320 0.099721 -0.350594 -0.056002 0.129189 0.225803 0.166585 0.354563 0.552268 0.182413 -0.113327 -0.062977 0.016159 -0.302887 0.411552 -0.078440 0.146618 -0.027196 -0.526043 0.271705 0.373618 -0.208566 -0.265338 -0.255680 -0.292194 -0.171577 0.001497 0.116706 -0.198390 -0.234505 -0.110508 0.042068 -0.345541 -0.108571 0.487222 0.308387 -0.330894 0.301593 0.066415 0.078380 0.003477 -0.136869 -0.165710 -0.010182 -0.089785 0.139892 0.031334 0.193592 0.143427 -0.080578 -0.101393 -0.246288 0.025693 0.221432 -0.233711 -0.288105 -0.241718 -0.187097 -0.116065 -0.262214 0.246614 0.224375 -0.116391 -0.272666 -0.193578 -0.070370 0.179703 -0.148567 0.529020 0.208483 0.579289 0.074207 0.058180 -0.020457 0.269611 -0.021509 -0.309667 -0.262807 0.128299 0.004480 -0.156032 -0.133451 -0.140871 -0.577422 0.358852 0.225970 -0.476601 0.175583 -0.237384 -0.221616 -0.102855 -0.194253 -0.152370 -0.274576 0.142993 0.080117 0.129238 -0.022006 0.165110 -0.255167 -0.003442 0.345323 0.082859 0.004018 -0.265899 0.073168 -0.122665 -0.115432 0.099620 0.037993 -0.162855 0.067102 0.373814
poem 0.372576 -0.001948 0.200316 0.013690 0.235715 0.136529 -0.211552 0.259938 0.174522 -0.183619 0.298063 0.075440 -0.478645 0.150068 -0.146009 -0.227425 -0.034294 -0.177991 0.387478 -0.251885 -0.001248 -0.337317 -0.499266 0.009059 -0.172836 -0.293292 0.536885 -0.169507 -0.638147 -0.099705 0.075404 0.365179 0.398732 0.376793 -0.142866 -0.025807 0.510096 0.276451 -0.257678 -0.563980 -0.112242 0.019317 0.127901 0.037678 0.254497 0.256754 -0.189768 -0.182148 0.210808 0.306221 0.073701 -0.064076 -0.504393 -0.055272 0.170546 -0.031687 0.144744 0.069408 -0.050873 -0.378065 -0.129962 -0.093286 -0.009618 -0.289315 -0.618337 -0.090038 0.144060 0.669841 -0.024643 0.582555 0.023086 0.069659 0.154556 -0.026224 0.010076 0.134901 0.843519 -0.187574 -0.474674 -0.214591 0.102607 -0.020969 -0.345436 0.671206 -0.410043 0.032016 -0.061112 -0.278097 0.113932 0.141906 -0.013137 0.073905 -0.323032 -0.054347 0.419679 0.528227 0.306952 -0.271642 -0.114658 -0.655029 -0.448786 0.524505 0.357159 0.031886 0.193058 -0.558184 0.076656 0.167454 -0.366779 -0.292493 -0.053460 -0.030549 -0.220915 -0.020168 0.001657 -0.009115 0.202935 -0.151402 -0.055363 -0.312790 -0.177200 0.067760 0.210528 -0.350247 0.357142 0.222777 -0.202080 -0.041139 -0.453526 0.231013 0.192052 -0.067214 0.191506 -0.202717 0.234569 0.163676 -0.281038 -0.040064 -0.576031 0.132166 0.123794 -0.437962 -0.185823 -0.249509 -0.590589 0.066301 -0.316837 0.031624 0.204001 0.174763 0.190766 -0.379037 0.058904 0.116903 0.252578 0.715046 -0.004479 0.431384 0.034344 0.310675 0.312554 -0.310792 0.295588 -0.394096 -0.021721 0.285315 -0.174269 -0.252730 -0.171177 -0.174678 -0.569123 0.313963 0.137877 -0.532409 0.130168 -0.019869 -0.591388 0.134894 -0.168161 0.185969 -0.136531 0.027706 -0.102357 0.056208 0.011957 -0.004256 -0.359952 0.534601 0.642600 -0.176126 0.050062 -0.127728 -0.080981 -0.459537 0.087784 0.167423 0.333246 0.064708 -0.130930 0.328789
poems 0.639705 0.274519 0.338710 -0.184432 0.256654 0.474933 -0.112576 0.342505 0.264491 -0.277030 0.082012 -0.234542 -0.297671 -0.041074 -0.099390 -0.592678 0.102080 -0.198975 0.165976 -0.627083 -0.238724 -0.529770 -0.308419 -0.083790 -0.495520 -0.095125 0.276645 -0.403608 -0.701216 -0.246375 -0.103223 0.302497 0.121779 0.707248 -0.403434 -0.012407 0.508801 0.433098 -0.018206 -0.468522 0.030050 -0.046764 0.350663 -0.316701 0.587564 0.328072 -0.269641 -0.703507 0.063376 0.233537 0.394538 -0.331023 -0.513024 -0.514427 0.339212 -0.219127 0.652109 -0.021282 -0.436602 -0.294769 -0.126763 0.046432 0.309516 0.159059 -0.767996 -0.048783 0.507836 0.688054 -0.269200 0.891928 -0.019873 -0.000421 0.127431 -0.130487 -0.076886 0.453336 0.580495 -0.188976 -0.594380 -0.241300 0.072358 -0.142164 0.001070 0.642572 -0.736264 0.002976 -0.375773 -0.035047 0.428508 -0.204615 -0.193970 0.057931 -0.473589 -0.030172 0.381754 0.618831 -0.002453 -0.465939 -0.311503 -0.635907 -0.574035 0.766354 0.657191 0.233747 0.534954 -0.743605 0.050184 0.497633 -0.298042 0.017497 -0.020473 -0.072812 -0.431002 -0.105915 0.035222 0.483024 0.056681 0.092211 -0.143761 -0.224123 0.040716 0.409279 0.272923 -0.564149 0.174447 0.007078 -0.240086 0.293618 -0.462967 0.301979 -0.010101 -0.102583 0.225738 -0.018481 0.455447 0.537607 -0.484315 0.130922 -0.556473 0.337454 0.038627 -0.572974 -0.479983 -0.216553 -0.361055 -0.022290 -0.387221 0.263625 0.502754 0.237414 0.185311 -0.312044 0.023425 0.074975 -0.075897 0.471607 0.298607 0.313665 -0.347538 -0.424809 0.274321 -0.602517 0.069225 -0.113215 0.030418 0.052926 -0.066274 -0.275289 -0.048026 -0.234897 -0.607009 0.284522 0.025593 -0.734867 0.094766 0.349255 -1.081700 0.026958 0.342876 -0.091327 0.227026 0.199441 0.507775 0.011734 0.040794 -0.240143 -0.004839 0.716742 0.553504 -0.106100 0.153191 -0.372912 0.240309 -0.299833 -0.222287 0.032726 0.572055 -0.334012 0.100881 0.635154
poetry 0.674477 0.377368 0.373849 -0.070592 0.319112 0.085562 -0.030012 0.844929 0.164637 -0.284744 -0.298948 -0.059279 -0.465851 0.253878 -0.523102 -0.732552 -0.069164 0.041091 0.363766 -0.210310 -0.032163 -0.125937 -0.616010 -0.091417 -0.494323 -0.197854 0.260915 -0.695746 -1.012679 0.222208 0.090267 0.285345 0.019214 0.350669 -0.481276 0.378742 0.777692 0.254314 -0.635155 -0.517449 -0.491830 -0.040010 -0.102447 0.020243 0.669171 -0.042750 0.055133 -0.375674 0.343072 0.766577 0.381027 0.028379 -0.095345 -0.430188 0.241025 0.390305 0.299061 -0.449747 0.053538 0.117105 0.309949 0.427984 0.003607 0.096584 -0.649884 0.059278 0.038759 0.780929 0.006389 0.337403 -0.273441 -0.280041 0.677875 -0.246232 0.110661 0.347421 0.744459 -0.336099 -0.610289 -0.734574 0.053782 -0.364539 0.122497 0.303569 -0.286791 0.013590 -0.570760 0.012744 0.258495 0.140803 -0.390613 -0.043542 -0.478618 0.118580 0.242342 1.113309 0.056896 -0.431868 -0.243304 -0.824905 -0.096711 0.373436 0.241761 0.487523 0.297074 -0.639388 -0.290652 0.494680 -0.173131 0.149066 -0.592171 -0.172663 -0.397339 0.172589 0.265235 -0.183246 0.021219 -0.483816 -0.184036 -0.089145 0.086826 0.488524 0.606263 -0.111835 0.463482 0.106661 0.102843 0.273529 -0.880445 0.176355 -0.191577 -0.316399 0.090200 0.283289 -0.025603 0.533124 -0.483034 -0.153688 -0.758288 0.171350 -0.055276 -0.871575 -0.331060 -0.344155 -0.549533 0.127004 -0.460584 -0.385331 0.274161 0.139157 -0.053882 -0.679635 -0.051231 0.056895 -0.043686 0.773033 0.406746 0.495083 -0.340586 0.419190 0.148591 -0.363421 0.238120 -0.226186 -0.178406 0.132287 -0.085950 -0.530929 -0.111565 -0.187905 -0.349971 0.294264 0.044214 -0.682102 0.232262 -0.030731 -0.896429 0.044008 -0.096097 0.040034 -0.467740 -0.320793 0.002774 -0.267386 0.132928 0.246742 0.017794 0.481085 0.623736 0.341704 -0.084042 -0.180083 -0.226452 -0.895971 -0.049259 0.126060 0.609637 -0.038180 0.125560 0.533549
pointless 0.400593 0.352505 0.029558 -0.004215 0.497527 -0.116507 0.204230 0.717150 -0.116088 -0.196775 -0.484259 -0.431390 -0.388901 0.036607 0.030543 -0.551828 -0.151697 0.312969 0.533166 -0.295273 0.505366 -0.349971 -0.152356 0.127738 -0.265658 -0.275683 0.173310 -0.110708 -0.371351 -0.299446 -0.264556 -0.149556 0.039168 0.308906 -0.113482 0.129834 0.342671 0.191639 -0.292368 -0.176365 -0.412188 -0.143490 0.306882 0.363772 0.691173 0.186079 -0.329872 -0.301740 0.442149 0.406138 0.269424 -0.004172 -0.385869 -0.376072 -0.211580 -0.030013 -0.057593 -0.253988 -0.316670 -0.278769 0.122209 0.501590 0.096021 -0.121397 -0.169000 0.073736 -0.196371 0.755936 -0.278589 0.215947 -0.538759 0.036488 0.623662 -0.105881 0.157258 0.008578 0.175326 -0.308220 -0.432560 -0.677421 -0.023301 0.279145 0.228506 0.385655 -0.359926 -0.112348 -0.543668 0.200171 0.022325 -0.061130 -0.035430 0.461977 0.289308 0.427393 0.592481 0.164548 0.433810 -0.275656 -0.202347 -0.132570 -0.362300 0.511927 0.177109 0.101545 -0.290291 -0.390309 -0.070604 0.340270 0.019333 0.128612 -0.337534 -0.606798 -0.093169 0.041407 0.268163 0.058751 -0.451609 -0.176278 0.109800 0.143093 -0.110389 0.759437 0.283502 -0.247176 0.188987 0.060211 -0.153830 -0.115649 -0.080081 0.255623 -0.235152 0.044281 0.354261 -0.007191 -0.232125 0.499450 -0.072034 -0.631346 -0.567162 -0.096068 0.324338 -0.245795 -0.293134 -0.143841 -0.580245 -0.191235 0.071239 0.103194 0.056619 -0.170278 0.189150 -0.523576 -0.241921 0.199828 -0.192751 0.743163 -0.060699 -0.002791 0.023615 0.105807 -0.089432 -0.031409 -0.111270 -0.408073 0.218357 0.052159 -0.177491 -0.285339 -0.226316 0.126562 -0.477858 0.724203 0.430635 -0.357316 0.256160 0.013564 -0.310174 0.353239 0.031394 0.045427 -0.137091 -0.371291 -0.214534 0.143827 0.242789 0.451290 -0.207749 0.019733 0.563218 0.043120 0.240386 -0.208215 -0.209419 -0.984688 -0.025690 -0.295476 0.444547 0.094376 -0.144998 0.080945
propeller 0.062883 -0.101338 0.108378 -0.291342 1.011658 0.078036 -0.062654 0.269498 -0.436071 -0.659704 -0.812067 0.382587 -0.366534 0.487157 0.432651 -0.137098 -0.827323 0.372334 0.233453 -0.899349 0.654246 -0.313916 0.279296 -0.153889 -0.538958 -0.460915 -0.156790 -0.133613 -0.661415 -0.135680 -0.133587 -0.078477 0.208816 -0.008627 -0.309157 0.032344 0.191783 0.237740 0.182630 -0.122020 0.014471 -0.992521 0.170159 0.483516 0.424919 0.773739 -0.169273 0.524128 0.008203 0.256863 0.312779 0.071325 -0.861635 -0.751405 -0.338843 0.685962 0.329602 0.391389 -0.159745 0.370166 0.538634 -0.199156 -0.097833 -0.126261 -0.902987 -0.183085 0.608321 0.881873 -0.176127 1.192373 -0.160234 -0.180349 0.931553 -0.202708 0.384502 0.841846 0.398318 0.134224 -0.293358 0.272789 0.076865 0.254797 -0.589698 0.410999 0.320331 0.548745 0.055572 -0.188288 0.034690 -0.311044 -0.012980 -0.147000 0.581899 0.856381 0.712760 0.425313 -0.167433 0.446478 0.675474 -0.857333 -0.712681 1.034562 0.319467 -0.627295 -0.613692 -0.054935 0.468098 0.155674 -0.750637 0.140020 -0.552986 0.149695 -0.785020 -0.246102 0.513552 -0.002787 0.476026 -0.525794 0.506190 -0.472992 -0.301966 0.723325 -0.106074 0.214756 0.887860 0.033490 -0.233548 -0.483354 -0.568874 -0.350611 0.440368 -0.116959 -0.058802 -0.021412 0.631647 0.712945 0.202738 -0.583336 -0.151667 -0.741206 0.332443 0.085742 -0.334595 -0.047649 0.242179 0.417526 0.043481 0.816317 -0.931357 0.042795 -0.088858 -0.297238 0.026603 0.267486 -0.411948 0.951993 -0.222795 -0.609832 -0.152637 -0.124234 0.336891 -0.753111 -0.566513 -0.702420 0.315418 0.390765 -0.056229 -0.770938 -0.562994 -0.199163 -0.430124 -0.142644 0.158348 -0.112220 0.099123 -0.254792 -0.259841 -0.070935 0.251970 0.221428 -0.485286 -0.353191 0.133564 -0.297349 -0.293402 1.243114 -0.035917 0.189614 0.378515 0.057672 0.602563 0.047768 -0.045822 0.068500 -0.268378 0.208818 0.683193 0.209952 -0.540883 -0.066317
prose 0.365457 0.347795 0.209277 0.101515 0.128959 -0.123696 0.013110 0.348371 0.512718 -0.095093 -0.161173 -0.109201 -0.266088 0.100854 0.115587 -0.876094 -0.121342 0.131007 0.416937 -0.212364 0.129566 -0.459671 -0.317143 -0.112686 -0.458196 -0.214554 0.519496 -0.499736 -0.632898 -0.009308 0.330225 -0.096989 -0.124501 0.363342 -0.234899 0.071122 0.336620 0.296975 -0.190880 -0.518621 -0.197919 0.143637 0.079973 0.224544 0.494302 0.220537 -0.456053 -0.399802 0.384324 0.519802 0.309272 0.086716 -0.521309 -0.310944 0.103190 -0.190084 0.823532 -0.098819 0.094182 -0.107763 -0.053821 0.289455 0.295804 -0.163873 -0.567463 0.056155 -0.331738 0.814429 -0.372835 0.327543 -0.334954 -0.276791 0.405699 -0.237024 0.207729 0.280230 0.455435 -0.209492 -0.341038 -0.114555 0.272355 -0.212993 0.206740 0.635047 -0.361125 -0.447283 -0.235888 0.128078 -0.274438 -0.209090 -0.023083 0.084837 -0.342571 0.027932 0.414108 0.683821 0.425905 -0.590249 -0.440119 -0.613491 -0.548461 0.664849 0.267193 -0.237709 0.083301 -0.687812 0.146884 0.287562 -0.276736 -0.200008 -0.433172 0.092847 -0.401071 -0.177672 0.572983 -0.199086 0.096211 -0.071807 0.046907 0.013355 -0.187047 0.668369 0.279307 -0.368437 -0.040053 0.275609 -0.176836 0.472179 -0.335543 0.456933 -0.029694 -0.256821 0.070569 -0.142240 -0.030537 0.506396 -0.240191 -0.011698 -0.615149 -0.014940 -0.121839 -0.625693 -0.105457 -0.073281 -0.122986 0.161474 -0.308318 0.055674 0.566378 0.638268 -0.018856 -0.291340 -0.422093 0.165188 -0.328947 0.554801 0.040072 0.235694 -0.162796 -0.070171 0.062161 0.153126 0.022102 -0.078578 0.100259 0.065053 0.190609 -0.442858 -0.045049 -0.432972 -0.457641 0.574870 0.262548 -0.502861 0.512981 0.190206 -0.379821 -0.077183 0.070243 -0.232048 0.061488 0.139958 -0.230766 -0.332556 0.248432 0.489651 0.063274 0.201957 0.494540 -0.056327 0.283912 -0.130059 -0.101963 -0.245766 0.368187 0.236577 0.316167 -0.083712 0.076039 0.567881
proverbs 0.808349 0.389171 0.037467 0.187948 0.313353 -0.180647 0.313719 0.562837 0.272397 0.158458 0.081112 0.316377 -0.025730 0.063836 0.122537 -0.156075 0.038843 0.185482 0.644728 -0.333938 0.004986 -0.181086 -0.592346 -0.463126 -0.330298 -0.215206 0.105161 -0.180791 -1.164596 0.093229 0.261571 0.226733 0.122321 0.010287 -0.408183 0.012409 0.491029 0.098683 -0.438422 0.176533 -0.445750 -0.411869 -0.066536 0.008222 0.538075 0.022035 -0.728562 0.029868 0.684608 0.409973 0.102938 -0.253910 -0.819775 -0.507531 0.073631 -0.276720 0.573283 -0.384488 -0.300166 -0.284762 -0.209234 0.243857 0.315065 -0.135764 -0.488000 0.488455 0.120322 1.041056 -0.455095 0.069522 -0.171607 -0.215513 0.920109 -0.841187 -0.420861 0.620146 0.783132 -0.091261 -0.894472 -0.671282 0.026693 0.045847 -0.533806 0.366199 -0.385453 -0.430542 -0.777837 0.399002 -0.110712 -0.554226 -0.144555 0.279455 -0.097489 -0.075396 0.500400 0.823285 0.301730 -0.506450 -0.141436 -0.193923 -0.384298 0.315471 -0.063337 0.229069 0.109346 -0.723550 0.067200 0.648741 -0.211152 -0.071824 -0.033201 -0.667302 0.054333 0.516839 -0.242508 -0.029458 0.122296 0.077756 -0.065841 -0.390803 0.000552 0.733554 0.309691 -0.591093 0.494174 0.519500 -0.111558 0.586944 0.269013 0.158146 -0.134473 -0.345324 0.391135 -0.427800 0.338980 0.449573 -0.170445 -0.248932 -0.104635 0.068718 0.351714 -0.043269 0.023088 -0.886389 -0.118156 -0.388848 0.243707 0.078713 0.263881 0.118288 0.155159 -0.520190 -0.146091 0.425187 0.076661 0.477719 0.293740 0.443428 -0.114402 0.406350 0.463543 0.124444 0.395570 -0.584434 0.245335 0.053110 -0.405950 -0.172513 -0.127122 0.183462 -0.062830 0.076443 0.532698 -0.309242 0.088530 0.097277 -0.489466 0.538570 0.361279 0.034776 -0.023884 -0.635835 -0.186306 -0.411188 0.430223 0.545875 0.360368 -0.123230 0.864255 0.388317 0.362959 -0.024258 -0.096244 -0.404833 0.243021 0.101992 -0.099427 0.177285 -0.056042 0.481042
puddling -0.050845 0.759589 0.189234 0.017862 0.856457 -0.021673 0.372443 0.022625 -0.409044 -0.511795 -0.285181 0.395623 -0.883202 -0.302107 -0.131258 -0.334707 -0.074319 0.112681 0.325535 -0.699532 0.309616 -1.027750 -0.371189 -0.156007 0.049895 -0.221264 0.351368 -0.669404 -0.432843 0.301314 0.666715 0.290075 0.309342 0.065180 -0.003022 0.425877 0.429724 0.165846 0.130265 -0.045146 0.417572 -0.300650 0.261871 0.155513 0.501231 0.712347 -0.201208 0.666415 0.695965 1.003137 0.055143 -0.437147 -0.396926 -0.558328 -0.559261 -0.012653 0.251232 -0.426816 0.218958 0.184442 0.282151 0.167096 -0.097536 0.046619 -0.532859 -0.079008 0.436683 0.839781 -0.068175 1.054744 -0.125012 -0.036437 0.773795 -0.092011 0.662717 0.542978 0.392924 0.207626 0.045233 -0.596642 0.029326 -0.182653 -0.266296 0.190310 0.759784 -0.031361 -0.286860 0.048811 0.048984 0.035419 0.408186 0.046969 0.633469 0.571321 0.513174 0.043283 0.004821 0.234621 0.151153 -0.588004 -0.503311 1.334908 0.465099 -0.432061 -0.470629 0.082759 0.616474 0.235817 -0.200197 0.209127 -0.078428 -0.817004 -0.838388 -0.366925 -0.196387 0.265881 -0.148364 -0.365646 0.269172 -0.426732 0.143459 0.802026 0.245706 0.321491 0.215214 0.019064 0.144052 -0.397243 -0.919412 -0.722373 -0.321772 -0.450988 -0.292663 0.653585 0.318296 0.331344 -0.073149 -0.563425 -0.501135 -0.091981 0.443843 -0.574262 -1.060255 -0.118996 -0.759650 -0.321869 -0.196088 0.473011 -0.069321 0.080261 -0.176057 -0.319364 -0.438172 -0.210018 -0.482396 0.746352 0.119415 0.223722 -0.252356 -0.116580 -0.147033 -0.250555 -0.042103 -0.096435 0.300558 0.250017 -0.094503 -0.211272 -0.200288 -0.367057 -0.509268 0.288190 0.357731 -0.053183 0.327276 0.464466 -0.442152 0.091631 -0.068661 -0.134578 0.039394 0.057146 0.298649 -0.243570 0.194817 0.880705 0.013604 0.128116 0.126599 -0.053224 0.584150 -0.188182 -0.200029 -0.179453 -0.159909 0.824506 0.170298 0.184229 -0.409941 0.293414
pumping 0.027127 0.353499 -0.287944 0.147205 0.449744 0.004077 -0.016875 0.406420 -0.347339 -0.806959 -0.336633 0.215442 -0.796313 -0.057393 -0.122352 -0.544540 -0.386399 0.090927 0.149262 -0.594951 -0.338783 -0.442590 0.242997 -0.108338 -0.176978 -0.277208 0.289985 -0.332956 -0.348275 -0.241065 -0.037351 0.447981 0.557649 -0.109958 0.242282 -0.425616 0.379170 0.331547 0.236391 -0.373093 0.212471 0.067416 -0.106442 0.491547 0.207621 0.068036 -0.117241 0.954091 0.452532 0.988691 -0.435262 -0.015037 -0.744704 -0.344204 0.028359 0.077498 0.127713 -0.486006 0.258696 0.238264 0.569517 -0.343141 -0.500256 0.773223 -1.154053 0.371062 0.263338 0.883237 0.193516 0.744026 -0.153015 -0.046768 0.441175 0.183532 0.300921 0.570617 -0.266801 -0.242419 -0.665597 -0.262948 0.439870 -0.665857 -0.352038 0.547230 0.477450 0.610106 -0.154234 0.456131 0.208477 -0.322337 0.579341 -0.423819 1.089433 0.323534 0.348228 0.345513 -0.003399 0.232301 0.332920 -0.206465 -0.553623 1.065534 0.499604 -0.559418 -0.582623 -0.382640 0.776700 0.075747 -0.091737 -0.037587 -0.205041 -0.721409 -0.848974 -0.265742 -0.045806 -0.284798 0.269300 -0.374945 -0.245692 -0.514856 -0.571323 0.859158 0.725349 0.112194 0.344560 0.036458 -0.101306 -0.103924 -0.741840 -0.620320 0.005946 -0.083941 0.249219 0.006259 0.539462 0.445896 -0.248675 -0.614102 0.183930 -0.344215 0.631096 0.210846 -0.734533 -0.143552 -0.459410 0.261349 0.045604 0.864279 -0.487732 -0.353154 -0.634952 -0.162164 -0.385094 -0.064021 -0.758475 0.580122 -0.364241 0.251394 -0.234185 0.216062 0.018699 0.171295 -0.359007 0.223939 0.469107 0.164953 -0.064990 -0.148330 -0.208660 -0.243669 -0.843702 0.741421 0.402039 -0.501613 0.257470 0.048614 -0.361309 -0.197415 0.064531 0.569835 -0.048574 0.031418 -0.487431 0.355870 0.261874 1.275905 -0.403367 -0.015171 0.140594 -0.323480 0.773466 -0.279655 -0.265842 0.196290 -0.340065 0.151598 0.875055 -0.109190 -0.551707 -0.028389
railroad 0.013391 0.228947 -0.241822 -0.126647 0.424149 -0.447636 -0.117478 -0.306010 -0.746561 -0.359602 -0.932427 -0.057278 -0.442450 -0.124304 0.109737 0.284513 -0.120333 0.038455 0.022373 -1.308918 0.435421 -0.450811 -0.614855 0.536218 -0.196572 -0.509876 0.495108 -0.180003 -1.211040 -0.460149 0.585571 0.183204 0.013395 -0.035143 -0.012581 0.160266 0.456180 -0.309868 0.010004 -0.601682 -0.343518 0.532570 -0.117464 0.042540 0.802600 0.264847 0.264008 -0.344178 -0.073381 0.340174 -0.427747 -0.311822 -0.359940 -0.167360 0.508526 0.160464 -0.118602 -0.599519 -0.541532 -0.063945 0.551585 0.265846 -0.084840 0.081490 -0.425842 -0.524588 0.942249 0.581211 -0.286967 0.778623 0.468164 -0.630559 0.061021 0.152371 0.048444 0.688714 0.267240 0.175302 -0.268103 -0.419987 -0.091799 -0.057178 -0.289449 0.877916 0.561073 -0.335503 0.322658 0.232184 0.371596 -0.246741 0.356715 0.725947 0.094569 0.219571 -0.137672 -0.233097 -0.577506 0.217844 -0.194429 -0.043233 -0.349976 0.526812 -0.231992 -0.177259 -0.518797 0.059614 0.491919 -0.053311 -0.277098 -0.211740 -0.196426 -0.504512 -0.786599 0.106413 0.398774 0.263582 -0.277544 -0.320091 0.202453 -0.079588 -0.641926 0.856901 0.534087 -0.150525 0.953189 0.426094 -0.031757 -0.324470 -0.303956 -0.457577 -0.433040 -0.406254 0.333437 0.228182 -0.156291 0.532224 0.172208 -0.816106 0.099686 -1.037728 0.851031 -0.106157 -0.458666 -0.393017 -0.919237 -0.778628 -0.087029 0.812296 -0.279812 -0.187206 -0.078639 0.050312 -0.372500 0.281696 -0.625090 0.590051 0.030905 0.332637 -0.455524 0.132670 0.150519 0.130701 0.090198 0.390177 0.854984 0.161934 0.424126 -0.265767 0.392776 0.098345 -0.676367 -0.382273 0.532497 -0.370900 -0.400114 0.528019 0.209357 0.112866 -0.237335 0.648821 0.342743 0.406636 0.011452 -0.782846 -0.003717 0.005048 -0.268904 0.113553 0.875032 -0.006516 0.491074 -0.113116 0.036656 -0.266180 0.120624 0.564768 0.478832 -0.454980 -0.079951 -0.423755
railway 0.187568 0.234339 -0.684533 -0.570294 -0.270158 -0.315409 0.220208 -0.695436 -0.308162 -0.295879 -1.345225 -0.555981 -0.337018 0.084012 0.411612 -0.537104 0.119870 -0.222419 0.235901 -0.973059 0.234420 -0.602193 -0.004884 0.374106 -0.268270 -0.238659 0.432142 -0.256162 -0.746582 -1.110810 0.715314 0.138346 0.600301 -0.195137 0.529720 0.410051 0.304747 -0.287682 -0.287320 -0.511878 -0.036256 0.481591 -0.168436 0.324128 0.461287 -0.521871 -0.073047 -0.125152 0.420104 0.524520 -0.083335 0.104903 -0.917760 -0.186096 0.372947 -0.231418 0.258186 -0.692358 -0.470783 -0.325422 0.510661 1.033940 -0.231147 0.157078 -0.498653 0.108310 -0.128239 0.110211 0.278016 -0.141667 0.076980 -0.389750 0.380080 0.571296 0.334382 1.124268 0.124545 0.080279 0.088882 0.012171 -0.387420 -0.308251 0.390464 0.974489 0.101670 0.350511 0.504966 0.076012 0.366889 -0.391542 0.635156 0.792413 -0.090482 0.402386 -0.046097 0.254710 -0.122696 -0.093421 -0.473310 -0.872636 0.236130 0.893333 0.389487 -0.752112 -0.449599 -0.219018 0.537750 -0.047048 -0.254364 -0.376684 -0.733173 0.321584 -0.401627 0.401678 0.135858 0.189133 -0.061254 0.019892 0.013374 -0.591535 -0.201353 0.408492 0.621974 -0.090986 1.217512 0.483510 0.178630 -0.128842 -0.023947 0.561853 -0.420896 -0.055441 0.556438 0.043869 0.677582 0.474160 -0.031259 -0.161167 0.327174 -0.552237 0.067926 -0.269889 -0.102883 0.107529 -0.161861 -1.368147 0.003964 0.335469 -0.238936 0.224988 -0.694069 -0.134841 -0.029008 -0.157384 -0.191200 1.163250 0.208037 -0.062544 -0.049481 0.161416 0.508058 0.113310 -0.436828 0.160699 0.454285 0.344669 0.419706 0.063789 0.661826 -0.087121 -1.178051 -0.374958 0.308116 0.154639 0.127223 -0.012434 0.112397 0.354988 0.020162 0.366664 -0.103620 -0.178769 -0.549962 0.186861 0.576142 0.371578 -0.730289 -0.229342 0.079818 -0.103753 -0.188309 -0.148135 -0.243102 0.278372 -0.060088 0.568173 0.708633 -0.425395 0.192234 -0.226921
railways 0.728404 0.212565 -0.134668 -0.158426 0.399643 -0.031333 0.172435 -0.511408 -0.287069 -0.464293 -1.274088 -0.290695 -0.418150 -0.056431 -0.129936 -0.791414 0.169137 -0.259949 0.825739 -0.393976 -0.207736 -0.683817 0.011190 0.403476 -0.747477 -0.077771 0.676579 -0.353161 -0.605439 -0.601308 0.296875 0.240213 0.378199 0.228845 0.404972 -0.110865 0.097868 0.051265 -0.222574 -0.356985 -0.374259 0.086543 -0.082466 0.351716 0.533062 -0.304047 -0.093008 -0.222952 0.477443 0.535530 -0.017529 0.045464 -0.827843 -0.277245 0.469273 0.007246 0.528021 -0.489636 -0.025713 -0.046730 0.204183 0.764579 0.036963 0.135473 -0.931896 -0.180954 0.240226 0.280230 0.810423 0.187021 0.565100 -0.451635 0.511534 0.058048 0.112293 0.871741 0.048039 0.367383 -0.089560 0.202636 0.041145 -0.530390 -0.009798 0.881132 0.079455 0.167014 0.767954 0.049875 -0.032706 -0.150704 0.365639 0.582360 -0.397536 0.576889 -0.031667 -0.066788 0.062173 -0.026783 0.053869 -0.946158 -0.172623 0.858063 -0.042418 -0.770609 -0.546614 -0.013780 0.108625 -0.647989 -0.640290 0.049455 -0.550411 -0.109377 -0.198140 0.164671 -0.121818 0.049854 0.108037 0.479287 -0.248296 -0.533445 -0.083030 0.315967 0.517249 -0.149504 0.881688 0.748885 0.589264 -0.381318 0.336696 0.096295 -0.698477 -0.151300 0.259564 0.104618 0.347078 0.396917 -0.033076 -0.415743 -0.503270 -0.549603 0.038847 -0.363934 -0.660044 0.025270 -0.258341 -0.685732 -0.327332 0.590535 -0.199153 0.154217 -0.527370 -0.102507 -0.059398 -0.005495 -0.167801 0.600528 -0.399392 -0.135966 -0.160167 -0.057866 0.610981 0.058899 0.168988 0.391223 0.067921 -0.172146 -0.031961 -0.398036 0.518409 0.138691 -0.822848 -0.300123 0.142754 0.152269 0.085757 0.089737 -0.649890 0.688233 -0.319784 0.580454 -0.219115 0.304238 -0.666903 -0.121236 0.257748 0.239132 -0.454360 0.061105 0.249472 -0.267174 0.617353 -0.271250 -0.074737 0.101375 -0.329557 0.653029 0.540793 -0.296385 0.245268 -0.287238
records 0.353335 0.449095 0.472823 0.271602 0.671433 -0.319759 -0.013459 0.561187 0.348844 -0.103704 0.024649 -0.562581 -0.241760 -0.327846 -0.032680 -0.193974 -0.019364 -0.287566 0.395375 -0.556166 -0.291997 -0.769902 -0.372483 -0.013230 -0.332713 -0.234643 0.198518 -0.223002 -1.072169 0.162684 0.345943 -0.235907 -0.583758 0.445470 0.501851 -0.174065 -0.262059 0.220874 -0.080184 -0.203755 -0.926803 -0.193152 -0.106540 -0.052646 0.595847 0.122229 -0.020133 0.043534 -0.030780 0.379251 -0.152976 0.090151 -0.316643 -0.763597 0.437450 0.126336 0.516732 -0.324062 -0.342177 -0.200328 0.110284 0.293854 -0.151550 0.089191 -0.191521 0.230408 -0.288586 1.206235 -0.532814 0.293313 -0.233586 -0.516778 0.452886 -0.429262 -0.402877 0.220637 0.205576 -0.246581 -0.035209 -0.370281 -0.121558 -0.145835 -0.705183 0.536912 -0.152842 -0.029886 0.064488 0.171614 0.092215 0.158521 0.391660 0.332988 0.406089 0.065648 0.478243 0.377017 0.224678 -0.250638 -0.127745 -0.720593 -0.427303 0.691026 -0.412718 -0.550354 -0.494527 -0.855589 0.271246 1.166621 -0.134439 0.042388 -0.485599 -0.124540 -0.258359 0.003874 -0.008041 0.188400 -0.442513 0.004178 -0.200388 -0.384720 -0.181464 0.187225 0.125562 -0.174973 0.116843 0.079277 0.160058 -0.466562 -0.118112 0.230991 -0.186450 -0.118537 -0.270077 0.260814 0.223405 0.480087 -0.278952 -0.200072 -0.499656 -0.027488 0.339810 -0.392731 -0.779506 -0.177180 -0.326756 -0.137945 -0.604693 0.596103 -0.135819 -0.212327 0.127420 -0.696747 0.122019 0.272218 -0.534286 0.552726 0.321916 0.325276 -0.288063 0.391131 -0.404315 0.207794 0.040665 -0.553015 -0.167144 -0.110680 -0.513921 -0.260786 -0.133999 0.202118 -0.368267 0.229264 0.300856 -0.585597 -0.113357 0.065944 0.017893 0.271672 -0.346541 -0.164108 0.107507 0.165610 0.580176 -0.578758 -0.428275 0.208317 -0.549158 -0.349199 0.757950 0.184512 0.271303 -0.469432 0.242488 -0.228691 -0.498804 0.090011 0.415289 -0.062842 0.052555 0.101972
resemblances 0.512540 0.439193 0.352858 -0.045105 0.612537 0.118800 -0.214776 0.223671 0.314518 0.100510 -0.297282 0.189420 -0.094624 0.200403 0.255955 -0.615064 0.153801 -0.402471 0.369923 -0.244663 0.319923 -0.404491 -0.187467 -0.008128 -0.398458 -0.344010 0.135988 -0.239527 -0.461969 0.216045 -0.308318 0.159545 -0.168756 0.454073 0.085265 0.069127 0.311927 0.013751 0.183194 -0.619594 -0.515768 -0.306645 0.028624 0.339091 0.477318 0.132410 -0.112625 -0.045642 0.247501 0.116602 -0.120485 -0.295504 -0.156762 -0.635697 -0.048831 -0.025170 0.411804 -0.251194 0.065406 -0.104236 0.026672 0.331860 -0.186267 -0.005451 -0.362371 0.098342 0.007570 0.684435 -0.688082 0.221909 -0.327651 -0.151562 0.622896 -0.386455 0.182417 0.267694 0.545462 -0.239719 -0.316625 -0.398633 0.122396 -0.016204 0.100402 0.248734 -0.134238 -0.451785 -0.154713 0.380988 0.193845 -0.172383 -0.086171 0.285015 0.343341 0.327941 0.523003 0.378730 0.146032 -0.406113 -0.045770 -0.453535 -0.649816 0.723427 -0.030827 -0.021540 -0.378078 -0.779268 0.062012 0.428459 0.234513 0.149014 -0.237082 -0.133634 -0.323376 -0.047153 0.089812 0.175265 -0.186844 0.005469 0.034763 -0.013024 -0.150712 0.219483 0.146430 -0.091931 -0.002333 0.485189 -0.027755 -0.126851 -0.170014 -0.072689 -0.374354 -0.174431 -0.043162 -0.045254 0.285219 0.252559 -0.327766 -0.121025 -0.212589 0.005199 0.296700 -0.385709 -0.543345 -0.174272 -0.046625 0.268095 -0.434604 0.354534 0.201774 -0.280470 0.360175 -0.302395 -0.165503 0.243625 -0.383026 0.507751 -0.055275 0.140545 -0.398742 0.267630 0.077628 0.325377 -0.097706 -0.542928 0.199490 -0.178773 -0.392622 -0.043574 0.033367 -0.023787 -0.378114 0.522705 0.120922 -0.266464 -0.040502 0.171848 -0.399628 -0.058859 0.061519 -0.151088 -0.366379 -0.301115 0.111005 0.017772 -0.098947 0.230059 -0.072621 -0.268491 0.391785 -0.245246 0.191948 -0.500510 -0.201138 -0.456316 -0.523799 -0.089468 -0.090613 -0.039242 0.209227 0.022162
romance 0.833157 0.154457 0.397792 -0.011753 0.007752 -0.682599 -0.255209 0.396134 0.358851 -0.526260 0.432751 0.339044 -0.737097 0.154883 0.315255 -0.684198 0.654377 0.165458 1.012801 -0.523204 -0.057676 -0.678017 -0.505845 -0.148793 0.094977 -0.459925 0.259718 -0.415818 -0.862877 -0.432460 -0.100640 0.486224 0.138377 0.499672 -0.127607 0.298976 0.303683 -0.060297 -0.240098 -0.954990 -0.258579 -0.444186 -0.110224 -0.114579 0.737398 -0.005906 0.083521 -0.364702 0.358966 0.263977 0.010639 0.041650 -0.312675 -0.853848 0.351098 -0.092729 0.123127 -0.917335 0.125039 0.004855 -0.084199 0.090806 -0.161670 -0.223340 -0.174224 0.332744 0.339996 0.685702 -0.484233 0.482727 0.027616 -0.268722 0.466647 -0.041145 -0.196488 -0.093938 0.481085 -0.151106 -0.746245 -0.422302 0.119477 -0.083694 0.127918 0.987218 -0.458136 -0.148320 -0.198264 0.045100 0.005699 -0.092570 -0.023886 0.456871 0.127988 -0.305777 0.358315 0.899097 -0.015390 -0.384708 -0.095706 -0.090560 -0.782961 0.537835 0.357367 -0.151734 -0.152515 -1.152146 -0.114901 0.787354 -0.692360 -0.071179 -0.211195 -0.431026 0.031073 0.281436 0.613368 0.474723 0.120561 -0.411922 -0.101524 -0.303948 -0.147003 -0.036592 0.568538 -0.390219 0.227161 0.325321 -0.088511 0.356667 -0.772532 0.011451 0.270405 -0.058493 -0.145792 0.093782 0.044227 0.434911 0.004338 -0.295279 -0.181558 0.471890 0.162028 -0.506344 -0.307655 -0.479634 0.145249 -0.054312 -0.162189 0.024679 0.348422 -0.015479 -0.119837 -0.609304 -0.241138 0.032341 -0.357128 0.725667 0.053553 0.846268 -0.538939 0.466156 -0.208723 -0.238905 -0.227959 -0.685619 0.189441 0.377859 0.139440 -0.536579 -0.653594 0.218127 -0.473116 0.597290 0.548715 -0.921686 0.264415 -0.550511 -0.501209 -0.533039 -0.107920 0.057874 -0.047098 0.133120 0.348262 -0.376013 -0.001959 0.250482 0.092657 0.404228 0.505423 -0.073153 0.168282 -0.451857 0.333300 -0.541185 0.146959 0.366475 0.295469 -0.221930 0.287675 1.208955
romances 1.257060 0.458342 0.302861 0.087811 0.151617 0.119759 -0.375546 0.934680 0.541324 -0.384997 0.169538 0.056050 -0.341109 -0.335573 0.148219 -0.785459 0.405345 -0.085930 0.675440 -0.597730 0.018145 -0.054649 -0.521971 -0.274329 -0.187290 -0.215485 0.113105 -0.329517 -1.259025 -0.409904 -0.165228 -0.127832 -0.198567 0.574364 -0.017390 -0.117658 0.149243 0.363378 0.227554 -0.610243 -0.193321 -0.229126 0.009522 -0.093889 0.666857 0.468880 -0.030627 -0.342143 0.730643 0.428334 0.031382 -0.411239 -0.424943 -0.612792 0.297134 0.151246 0.297933 -0.412827 -0.433152 -0.280293 -0.294850 -0.042321 0.089223 -0.157258 -0.566444 -0.053463 0.433763 1.045527 -0.222925 0.355718 -0.057187 -0.480427 0.521814 -0.010661 0.089461 0.306064 0.734480 0.272245 -0.828786 -0.419156 -0.068758 -0.206417 -0.563221 0.426414 -0.220157 0.130341 -0.174846 0.212497 0.150633 -0.224810 -0.098354 -0.021326 -0.281133 0.252457 0.631375 0.578632 -0.206882 -0.490568 0.114181 -0.807281 -0.690361 0.643477 0.224662 0.128683 0.586865 -1.346912 0.416752 0.309597 -0.215355 -0.080364 -0.339730 -0.526647 -0.555062 -0.236111 0.154128 0.180428 -0.610008 0.141546 -0.123997 -0.169711 0.146821 0.348076 0.745586 -0.549623 0.100085 0.368636 0.007729 0.311265 -0.342762 0.120521 -0.277865 -0.217371 -0.002765 0.112162 0.301733 0.443629 -0.107012 -0.011752 -0.476561 0.724000 0.340660 -0.702878 -0.401443 -0.660534 -0.358744 -0.339527 -0.045940 0.040640 0.320056 0.044245 -0.127203 -0.871776 -0.435267 0.135143 -0.336323 0.811489 -0.054574 0.636900 -0.644122 0.592758 -0.353613 -0.199326 -0.174813 -0.356640 0.272266 0.219042 -0.155757 -0.467504 -0.261750 -0.043064 -0.249949 0.491061 0.488977 -0.483709 0.152627 0.178779 -0.618477 0.280561 0.280263 -0.194279 0.072079 -0.061644 0.426430 0.193027 -0.192317 0.186759 -0.358428 0.276990 0.830769 0.190333 0.111105 0.038223 0.098789 -0.232038 -0.337637 0.431816 0.415071 -0.267504 0.074285 0.635927
rut 0.255600 0.058390 0.017084 0.189120 0.507867 -0.252608 0.024700 0.519724 0.048066 -0.203032 -0.225067 -0.159263 -0.238726 -0.110518 -0.060480 -0.289974 -0.041351 0.246195 0.135117 -0.450483 0.002190 -0.379143 0.187565 0.054747 -0.073769 -0.110098 0.229314 -0.137188 -0.320256 -0.172593 0.120360 0.068131 0.261443 -0.065023 0.115690 -0.211480 0.189706 -0.074527 0.144460 -0.326773 -0.339819 -0.017022 0.055130 0.040322 0.377039 -0.086098 0.121479 0.008992 0.170272 0.285279 0.278717 -0.083651 -0.056181 -0.358637 0.012500 -0.227576 0.119076 -0.241554 -0.214350 -0.236700 -0.076112 0.035107 0.082138 -0.227136 -0.478710 0.010583 -0.084881 0.273795 -0.390119 0.029435 -0.223082 0.141567 0.024405 -0.095883 0.142859 0.013272 0.113421 -0.051590 -0.031646 -0.235843 -0.257542 0.059419 0.020799 0.175775 -0.084644 -0.103266 0.326228 0.183829 -0.052217 -0.089366 -0.018606 0.188631 0.184540 0.291044 0.358546 0.167800 0.353561 0.134524 -0.030599 -0.114873 -0.488379 0.336413 0.129123 0.028326 -0.298906 0.011021 0.058891 -0.047389 -0.329781 -0.499298 -0.013963 -0.211221 -0.225739 0.172677 0.024408 0.166157 0.377234 -0.300462 -0.070899 -0.316339 -0.291832 0.393761 0.154030 -0.267299 0.264776 0.238048 -0.403532 -0.024955 -0.105695 -0.116928 0.146144 0.070477 0.171162 -0.494406 -0.122787 0.231142 -0.010271 -0.003064 0.075738 -0.219838 0.132209 -0.253501 -0.326239 -0.136788 -0.508388 -0.143876 -0.302993 0.184378 -0.177759 0.081640 -0.045907 -0.247162 0.101193 0.554541 -0.107533 0.534259 0.170515 0.148724 -0.077579 0.290117 -0.038070 0.085241 0.108665 -0.027180 0.000966 0.184807 0.011565 -0.389699 0.134677 0.070320 -0.501185 0.122721 0.139455 -0.473680 -0.048992 -0.101860 -0.379407 0.148362 -0.111853 -0.208857 -0.234918 -0.045013 0.067511 0.105869 0.377684 -0.218525 -0.227171 0.029085 0.374146 0.230019 0.557272 -0.062058 -0.099176 -0.262668 0.125117 -0.032947 0.122224 -0.066101 -0.249448 0.110027
sag 0.019418 -0.037550 -0.417919 -0.065656 0.032232 -0.242502 0.496989 0.294541 -0.001038 -0.194324 -0.022355 -0.275432 -0.279800 0.090472 0.007105 -0.204724 -0.121970 0.346495 -0.135868 -0.726131 -0.093369 -0.532783 0.028280 0.026285 0.080503 -0.152248 0.207964 0.282592 -0.055889 -0.312648 0.078403 -0.048710 0.407153 -0.065078 -0.089956 -0.254512 0.399901 0.025991 -0.003969 -0.373642 -0.064791 -0.147414 0.164351 -0.028992 -0.009785 0.194916 -0.276994 0.379088 -0.083016 -0.212563 0.424902 -0.056583 -0.431378 -0.040866 -0.006374 0.301142 -0.114155 0.113477 -0.242258 -0.099804 -0.060064 0.115675 0.294859 -0.130538 -0.602731 0.330180 -0.127741 0.446060 -0.309447 0.204251 -0.195832 0.191374 0.181743 -0.152764 0.356292 -0.161900 0.384483 -0.035217 -0.152321 -0.127697 -0.433240 0.212999 -0.364248 0.352578 -0.445701 0.038015 0.370924 -0.051191 0.064124 -0.277006 -0.101464 0.133787 -0.037615 0.476185 0.263871 0.080185 0.193824 -0.159939 -0.213261 -0.353045 -0.241551 0.107690 0.272760 0.044014 -0.330567 -0.172380 0.011440 0.139197 0.060970 -0.331760 -0.188091 -0.122263 -0.325911 -0.173908 0.023298 0.001522 0.287164 -0.504639 0.063017 -0.619865 -0.094580 0.127266 0.205014 -0.158494 0.304568 0.143523 -0.105100 -0.246224 -0.195558 0.209222 0.212544 0.248188 -0.050111 -0.392999 -0.273775 0.219969 -0.311259 -0.099783 -0.277742 -0.246552 0.263664 -0.216050 -0.470107 0.106487 -0.279464 -0.118933 -0.240292 -0.020603 -0.197462 -0.052916 -0.040196 -0.197897 0.165190 0.333832 -0.110820 0.462177 0.215589 -0.009898 -0.189426 -0.010222 0.027466 0.100050 -0.039038 -0.081416 0.051540 -0.149068 0.407632 -0.236114 -0.014476 0.077201 -0.257110 0.134634 0.276929 -0.302762 0.271847 0.002494 -0.469892 0.118355 -0.092364 0.051628 -0.403839 0.067902 0.015922 -0.017505 -0.103709 0.081633 -0.329968 0.187360 0.208601 -0.134343 0.046045 0.285880 -0.055884 -0.391646 0.252641 0.100893 -0.079327 0.268234 -0.272157 -0.069937
saga -0.229956 -0.083568 -0.232991 0.342144 -0.086054 -0.364355 0.495517 0.258089 -0.106213 -0.112846 0.154474 0.057986 -0.353531 -0.077732 -0.032002 -0.526078 0.219597 0.225201 0.349747 -0.815219 0.073004 -0.413068 -0.065367 0.050091 0.144840 -0.212478 0.480004 -0.355203 -0.363387 -0.102771 -0.058993 -0.112865 0.266452 0.439770 -0.206719 -0.150993 -0.036929 -0.001774 -0.205653 -0.270715 -0.025398 -0.187565 0.118602 0.066568 0.077230 0.132921 -0.041503 0.352232 -0.066261 -0.001630 0.316677 -0.050448 -0.506127 -0.321066 0.365411 0.045130 0.437610 -0.009319 -0.455054 -0.073663 -0.209452 0.243464 0.012326 -0.032968 -0.690834 0.486077 -0.111525 0.215233 -0.408374 0.364508 0.189195 0.052517 0.034615 -0.006354 0.509412 -0.061845 0.372121 -0.074033 -0.738595 -0.272660 -0.145826 -0.054830 -0.533627 0.450113 -0.854054 -0.054568 0.391388 0.066115 -0.010583 -0.014912 -0.293858 0.077573 -0.108136 0.078717 0.201934 0.366949 0.193951 -0.186198 -0.178197 -0.435851 -0.359100 0.373108 -0.285267 -0.013421 -0.268243 -0.165873 -0.073588 0.239697 -0.076255 0.150448 0.004603 -0.584836 -0.460625 0.096003 0.075672 0.134916 -0.097348 -0.248772 0.311601 -0.712696 -0.134818 0.194774 0.074880 -0.539914 0.008133 0.376029 -0.014824 -0.063505 -0.045720 -0.239204 0.398858 0.106184 -0.092861 0.198181 -0.171411 0.285972 -0.204290 -0.025004 -0.390342 -0.344349 0.316851 -0.139078 -0.351122 -0.027049 -0.153258 -0.004621 0.069913 0.217078 -0.477722 0.082164 0.209542 -0.291641 0.133954 0.341477 -0.376641 0.768982 0.248324 -0.110668 -0.052788 0.305412 0.115376 0.125739 -0.063949 -0.017054 -0.028190 0.054937 0.259356 -0.372239 0.128580 -0.032695 -0.081382 0.049938 0.273378 -0.471507 -0.006157 0.242707 -0.400405 0.146570 0.105147 -0.166523 -0.439933 -0.262488 0.033584 0.111142 -0.070251 0.226227 -0.099050 0.158286 0.353632 -0.107981 0.177485 0.140806 -0.195876 -0.155650 -0.261345 -0.223071 0.259866 0.133544 -0.283511 0.233837
sang 0.415641 0.149936 0.322023 0.233483 0.466598 -0.108518 0.017800 0.348281 0.186542 0.152647 -0.108828 0.095900 -0.319169 -0.133187 0.132607 -0.547904 -0.191359 0.302839 0.200613 -0.283860 0.252475 -0.138695 0.012291 -0.593305 0.372078 -0.521611 0.713636 -0.257857 -0.238691 -0.119769 0.391665 0.106912 0.394696 0.510907 0.176857 -0.063817 0.498170 0.144211 -0.473416 -0.045595 -0.212875 -0.111780 0.309492 0.210791 0.645560 -0.021848 0.429385 0.083872 0.593187 -0.096779 0.198678 -0.222782 -0.054987 0.037796 -0.061508 0.086606 0.269728 -0.431220 -0.108823 -0.202525 -0.085488 -0.030415 0.879378 0.358281 -0.780056 0.187388 0.920101 0.596467 -0.244289 0.882384 0.195599 0.217845 0.931068 -0.448112 0.329324 0.149965 0.083897 -0.401534 -1.045254 -0.796341 -0.056341 -0.253905 -0.476318 0.392816 -0.694118 -0.098420 -0.316713 0.019596 0.278355 -0.206876 -0.437312 0.046610 -0.082734 -0.164742 0.761667 0.588475 0.237762 -0.262887 -0.351790 -0.617835 -0.355907 0.685827 -0.062799 0.637709 0.305685 -0.448103 -0.513675 0.115291 0.088108 -0.803152 -0.220895 -0.376916 -0.492683 0.505996 0.380304 -0.039283 0.567687 -1.057316 -0.266388 -0.129387 -0.654123 0.226131 0.832306 0.077185 0.675537 0.128545 0.055057 0.045743 -0.321188 -0.040705 0.170343 0.029877 -0.367381 -0.475553 -0.096944 0.206505 -0.096763 -0.415296 -0.473527 -0.269769 0.018233 -0.602441 -0.261486 -0.291197 -0.256373 0.518633 -0.043953 -0.116891 0.757032 0.263960 0.076827 -0.533392 -0.040669 -0.083798 -0.014025 0.471403 -0.065636 0.119590 -0.226632 0.271821 0.748495 0.210469 0.138990 -0.036778 0.181681 -0.264496 -0.052018 -0.454251 -0.140232 0.026334 -0.215180 -0.019962 0.272088 -0.584492 0.441703 -0.076463 -0.614428 -0.020911 -0.105915 0.518327 -0.385328 -0.066358 -0.347841 0.342696 0.005940 0.218387 -0.400283 0.653434 0.483358 0.401842 0.445092 -0.052179 -0.162613 -0.376091 0.072489 0.115447 0.576070 -0.298292 0.364395 0.010890
santi 0.492316 -0.336137 0.291745 0.171582 0.336285 -0.125476 0.025789 0.046028 0.101788 0.012678 -0.122872 -0.264561 -0.275590 0.031950 0.321868 -0.033722 -0.185271 -0.015923 0.208757 -0.317890 0.064018 -0.242605 -0.318833 -0.244162 -0.068363 -0.172019 0.000575 -0.152223 -0.428192 -0.149718 0.072207 0.120970 0.163233 0.469417 0.368997 -0.273370 -0.019202 -0.077892 -0.045863 -0.251313 -0.071234 -0.187638 0.048091 0.301530 0.531456 -0.094061 0.152175 -0.272857 0.052931 0.313557 -0.074278 -0.065437 -0.308081 -0.017616 0.060813 -0.014492 0.281780 -0.253258 -0.039550 -0.122073 -0.068094 0.279149 0.213918 0.129674 -0.200240 -0.052201 -0.060883 0.430789 -0.406634 0.176863 0.000481 -0.014147 0.412653 -0.187334 -0.055071 -0.114724 0.251897 -0.183729 -0.376291 -0.365200 0.161422 -0.061071 -0.339000 -0.006336 -0.020947 0.034800 -0.113916 0.171127 0.053598 -0.115695 -0.150061 0.196205 0.140288 0.117361 0.475222 0.285655 0.242479 0.025609 0.107577 -0.258917 -0.287627 0.362794 0.118768 -0.134397 0.099782 -0.413478 0.271520 0.139353 -0.015191 -0.192133 -0.096555 -0.220666 -0.308698 0.224344 0.263320 -0.226617 -0.013855 -0.375740 -0.035635 -0.140407 -0.456100 0.217070 0.164707 -0.169083 0.264662 0.201433 -0.097272 0.009338 -0.252275 -0.199691 0.169719 -0.111402 -0.163694 0.063186 -0.079589 0.204816 0.012990 -0.179674 -0.325521 -0.342519 0.372050 -0.431018 -0.302938 -0.216543 -0.052156 0.057066 -0.087306 0.132854 0.225375 0.204349 0.067563 -0.270088 -0.184728 -0.027698 -0.124608 0.220980 0.087835 -0.036021 -0.136551 0.134635 -0.045665 -0.158266 0.066147 -0.178556 0.227883 -0.132329 -0.026013 -0.102194 0.095270 -0.116277 -0.350274 0.034629 0.226321 -0.114714 -0.113666 -0.048282 -0.154389 -0.186232 0.261808 0.223106 -0.148938 -0.103129 0.142934 -0.086061 -0.044459 -0.020648 -0.309646 0.012732 0.349507 0.133289 -0.008825 -0.060713 -0.121318 -0.155157 0.054781 0.073755 -0.139198 -0.207272 0.141834 0.214751
screw -0.060860 -0.630825 0.618062 -0.183543 0.738701 -0.102972 1.015005 -0.043806 -0.489758 -0.279505 -0.421285 0.448949 -0.549626 0.476911 0.329141 -0.363615 -0.598768 0.627037 -0.281226 -0.833317 0.423957 -0.271988 0.477635 0.274383 -0.463603 -0.189251 -0.309490 0.335912 0.011617 -0.532797 0.282001 -0.520855 0.510696 0.378329 0.093429 0.110298 0.740103 -0.051151 0.053092 0.233609 0.489247 -0.250407 0.168944 0.111442 0.512454 0.690158 -0.791332 0.510908 -0.308485 0.083056 -0.073332 0.279122 -0.063277 -0.886204 0.031742 0.755384 0.174578 0.289545 0.228271 -0.001987 0.382373 -0.250039 0.122611 -0.224523 -0.584605 -0.219377 0.611182 0.301400 -0.057106 0.998638 -0.366269 0.200009 0.664708 0.323201 0.424276 0.233261 0.759147 0.429519 -0.012146 0.600157 -0.241937 0.590724 -0.743240 0.567746 0.302435 0.260575 0.191263 -0.048606 0.408818 -0.230899 0.085764 0.703121 0.500287 0.479303 0.374194 0.657487 -0.487338 0.391755 0.873344 -0.772908 -1.366632 1.323796 0.579736 -0.271525 -0.629377 -0.077506 0.081997 -0.229218 -0.686771 -0.012301 -0.251220 0.520920 -0.598454 0.222644 0.200414 0.347716 0.178304 -0.209863 0.459502 -0.394247 0.046499 -0.027878 -0.023787 0.056677 0.735726 0.263368 -0.004725 -0.320285 -0.219043 -0.469246 0.417273 -0.169180 0.358210 -0.194038 0.402934 0.916251 0.486254 -0.919280 0.144075 -0.060883 1.175793 -0.509378 0.476576 -0.242932 0.373236 0.203312 -0.403047 0.543751 -0.722072 -0.291076 0.006824 -0.817443 -0.254793 0.256572 0.064812 0.672221 -0.256672 0.236722 -0.209412 0.065498 -0.093402 -0.325956 -0.222840 -0.713047 0.188456 0.950905 -0.064241 -1.252046 0.163087 -0.331706 -0.250033 -1.042645 0.148919 -0.493895 -0.360842 0.008229 -0.417359 -0.404529 0.461204 0.083570 -0.138365 -0.185000 0.142185 -0.121358 -0.156631 0.969762 -0.147042 0.321608 0.405095 -0.401135 0.679361 0.339716 0.513528 0.208753 0.165329 0.390101 0.435406 0.184206 0.171936 -0.339189
semis 0.014743 0.121574 -0.266344 0.063427 0.082456 -0.429614 0.240001 0.444531 -0.208396 -0.012021 0.032797 -0.103956 0.041027 0.081818 0.039458 -0.241848 -0.134105 0.070059 0.273702 -0.419263 -0.060941 -0.647089 0.017045 -0.149100 -0.119642 -0.063889 0.304766 -0.095999 -0.254809 -0.238046 -0.283579 0.144559 0.391383 0.109450 -0.092738 -0.255232 0.029204 0.015927 0.064561 -0.331273 -0.139755 -0.067835 0.211520 0.072139 0.404322 0.173414 -0.124892 0.182724 0.106140 0.326893 0.457831 0.133396 -0.520877 -0.307442 0.026534 0.109954 0.076895 -0.208224 -0.390007 -0.305048 -0.209270 -0.045915 -0.049766 -0.076102 -0.590795 0.256260 -0.028579 0.505112 -0.288374 0.164351 -0.164596 0.123534 0.246680 -0.062218 0.165464 0.061456 0.422504 -0.086065 -0.344697 -0.419194 -0.019922 0.150873 -0.139221 0.386190 -0.116245 0.049253 0.158509 -0.108813 -0.025972 -0.385979 -0.239170 0.375404 -0.041255 0.434326 0.307392 0.065294 0.364027 0.037502 -0.164728 -0.232273 -0.492432 0.551217 0.106260 -0.073516 -0.179143 -0.321702 0.005335 0.015660 -0.153285 -0.085362 -0.246509 -0.426135 -0.535842 -0.253385 0.048128 0.063117 0.149956 -0.426423 0.301279 -0.512233 -0.081267 0.553613 0.261591 -0.558904 0.007629 0.266177 -0.036320 -0.050385 -0.193669 0.234864 0.128891 0.101114 -0.004610 -0.290821 -0.149572 0.189683 0.014920 -0.081651 0.014899 -0.401288 0.142266 -0.101132 -0.238903 -0.052277 -0.140650 0.188028 -0.055448 0.217834 0.076884 0.191517 -0.129037 -0.358091 0.173720 0.185596 -0.071064 0.432013 0.143740 -0.058939 -0.090562 0.362510 0.202112 0.432281 -0.004157 -0.225257 0.101819 -0.043716 0.282405 -0.159418 -0.044991 0.294106 -0.525853 0.028804 0.406541 -0.286831 -0.113747 0.261002 -0.192852 -0.042614 0.141411 -0.077071 -0.175567 -0.209046 -0.047357 -0.039673 -0.261102 0.386789 -0.517646 0.039711 0.108279 -0.218087 0.264596 0.180792 -0.144189 -0.079379 0.071440 0.075347 0.090982 -0.045568 -0.162974 -0.029676
serial 0.766977 0.176421 0.678643 -0.284149 -0.279634 -0.195632 0.043891 0.539541 0.580659 -0.192720 -0.328104 0.149662 -0.518265 -0.284457 0.327374 -0.780451 -0.145335 -0.058255 0.043570 0.034115 0.641346 -0.513673 -0.168935 -0.410922 -0.273389 -0.447235 0.198497 -0.441417 -0.711025 -0.100506 0.332745 -0.190943 0.287289 0.572929 -0.315294 0.002681 0.348836 -0.288033 -0.426919 -0.685835 0.193151 -0.001560 0.144871 -0.032074 0.203665 0.708918 -0.052868 -0.224808 0.369948 0.866762 -0.072779 -0.488695 -0.226918 -0.357547 0.557073 -0.021981 0.416682 -0.135087 -0.199131 -0.098603 0.172376 0.656104 0.079410 -0.153312 -0.092031 0.068179 0.281441 0.363483 -0.842265 1.006757 0.140918 -0.153163 0.311278 -0.655638 0.145526 0.659121 0.473791 -0.219155 -0.594531 -0.384111 -0.246592 0.258807 -0.169817 0.353868 -0.787124 -0.054432 -0.468918 -0.619581 -0.317674 -0.624959 -0.034908 -0.046603 0.343509 0.435178 0.867828 0.354874 -0.501977 -0.141710 0.215775 -0.526465 -0.324390 0.721727 -0.146614 0.241530 -0.354287 -0.823198 0.669612 0.852840 -0.084437 0.174043 0.152074 -0.459926 -0.978701 -0.023387 0.525690 -0.058639 -0.025817 -0.114169 0.000498 -0.304683 -0.099257 0.323580 0.111969 -0.550358 -0.162694 0.143797 -0.447925 -0.061770 -0.195526 0.255555 0.051190 0.289564 0.195371 -0.081254 0.204112 0.360855 0.686672 -0.277985 -0.744617 0.063533 0.013762 -0.487428 -0.735136 0.074785 -0.940588 -0.145880 -0.062166 0.884319 0.863868 -0.280470 -0.294279 -0.286560 -0.653828 -0.142164 -0.151845 0.757707 0.462028 0.668515 -0.468667 -0.130523 -0.171085 -0.432809 0.298685 -0.076764 0.145799 0.681462 0.042754 -0.016985 -0.015638 -0.434295 -0.638184 0.722197 0.059567 -0.161341 0.310684 -0.186554 -0.488796 0.047623 -0.686718 0.471690 -0.274061 0.386862 0.236007 -0.247831 -0.313268 0.031347 0.006575 -0.023793 0.786520 0.175455 0.831970 -0.326118 0.694826 -0.345580 -0.279635 0.283525 0.590391 -0.351973 0.476067 0.681699
ship -0.286507 -0.149302 0.329786 -0.045693 0.490204 -0.247209 0.330677 0.533384 0.115553 -0.376237 -0.607226 -0.131542 -0.395844 0.230162 0.484471 -0.278450 -0.510613 0.108377 -0.026084 -0.845784 0.315790 -0.354037 -0.223940 0.188297 0.108056 -0.105400 0.176722 0.547285 -0.271390 0.109680 0.270685 -0.635114 0.066450 0.467052 0.104004 0.034716 0.445167 0.412434 -0.197075 0.123037 0.109994 -0.059139 0.440163 -0.092865 0.237546 0.174555 -0.433499 0.329418 0.023308 0.153114 0.053001 0.034830 -0.367103 -0.805903 0.113165 0.826696 0.504374 0.230085 -0.647064 -0.306851 0.661596 -0.238912 -0.048504 0.319401 -0.262903 0.126923 0.525841 0.079537 0.213635 0.519557 -0.394766 0.139116 0.281957 0.138702 0.229428 0.789027 0.030253 0.056782 -0.388522 0.381714 -0.068874 0.393160 -0.615874 0.429272 -0.276599 0.443647 0.194760 -0.012964 0.294534 -0.213871 -0.028496 0.012542 0.505415 0.616759 0.564448 0.759896 -0.334277 -0.174587 -0.092599 -0.606814 -0.514869 0.208337 0.257235 -0.598257 -0.531864 -0.454036 -0.295947 -0.115935 -0.543059 -0.120291 0.076755 0.638458 -0.348298 -0.183030 0.077865 -0.222799 0.652838 -0.365997 0.366298 -0.068624 -0.109721 -0.007021 0.304163 0.016770 1.021272 0.370753 0.174633 -0.108873 0.058970 0.055740 0.220235 -0.173657 0.086406 -0.302361 0.440591 0.962382 0.120273 -0.208118 0.408172 -0.503397 0.356607 -0.289653 0.289408 -0.667329 0.013690 0.104474 -0.379910 0.156630 -0.403446 0.256555 0.556286 -0.719363 0.067840 -0.088998 -0.529674 0.501257 -0.030953 0.085095 -0.338781 -0.124696 0.294315 -0.358940 -0.150717 0.156484 0.124909 1.166610 0.554216 -0.597044 0.399802 -0.229741 -0.584190 -0.360163 0.621296 -0.774539 0.116432 0.104023 -0.083662 -0.050167 -0.151488 0.144561 -0.715329 -0.041540 0.363474 -0.423374 0.297734 0.323741 -0.689607 0.056988 0.843176 -0.311159 0.341877 0.413424 0.218849 0.037232 0.296493 0.221185 0.334513 0.257991 -0.127734 -0.259418
sings 0.368130 0.289539 0.476963 -0.541494 0.281220 -0.024269 0.237613 0.422868 0.456668 0.095501 -0.111375 0.020345 -0.663418 0.399307 0.237769 -0.262162 -0.119673 -0.101575 0.514109 -0.441184 0.114644 -0.042796 -0.006386 -0.254335 0.043932 -0.302634 0.407352 -0.063713 -0.599745 -0.505666 0.289886 0.577150 0.465464 0.406905 0.380692 0.010757 0.403140 -0.240887 -0.573692 -0.337581 -0.313989 -0.282199 -0.103315 0.229772 0.501124 0.113674 0.266611 -0.327294 0.321148 -0.348391 0.249952 -0.418759 -0.295569 -0.072967 0.161275 0.006933 -0.042396 -0.147573 -0.588301 -0.088800 0.381441 0.194312 0.169892 -0.034043 -0.598664 0.170309 0.515344 0.836344 -0.543149 0.837572 -0.107504 0.144317 0.455204 -0.367559 0.479708 -0.096618 -0.161129 -0.641105 -1.117651 -0.724289 -0.126530 -0.533626 -0.410161 0.672222 -0.898302 -0.251713 -0.151133 0.124377 0.089890 -0.278597 0.074487 0.440686 0.171660 0.051929 0.846208 0.773541 0.020881 -0.101982 -0.106283 -0.061415 -0.345969 0.526814 -0.131066 0.162116 0.472783 -0.973950 -0.039166 0.059247 -0.173584 -0.554165 0.113285 -0.864429 -0.411402 0.555484 0.016203 -0.100398 0.004113 -0.260871 -0.720838 -0.615974 -0.329704 0.287461 1.070198 0.054648 0.565001 0.245747 -0.053872 0.205427 -0.381411 0.065523 0.165020 -0.353127 -0.309314 -0.268664 0.231646 0.441965 -0.027533 -0.011874 -0.332847 -0.300929 0.339506 -0.745368 -0.411225 -0.145055 -0.027769 0.384602 0.075721 0.224791 0.187047 0.117066 0.217100 -0.796054 0.225538 0.289015 -0.082029 0.351550 -0.009456 0.258051 -0.002757 0.420421 0.500585 0.050496 0.006784 -0.102909 -0.181339 -0.050839 -0.048815 -0.398341 -0.139841 -0.112267 -0.348307 -0.008904 0.328012 -0.414315 -0.126127 -0.147630 -0.033560 0.013079 0.115696 -0.009451 -0.202528 -0.078446 0.038793 -0.077876 -0.112584 0.094630 -0.411487 0.321998 0.616302 0.419336 0.053716 0.043108 -0.267425 -0.526043 0.101838 -0.225684 0.006657 -0.128535 0.027171 -0.030518
soliloquy 0.406263 0.316446 0.635418 0.009431 0.440170 -0.021357 -0.051485 0.444838 0.004303 -0.006707 0.189058 -0.008083 -0.719929 0.260833 0.403758 -0.399144 -0.035470 -0.024235 0.904034 -0.584038 0.169337 -0.118259 -0.313432 -0.329663 -0.014354 -0.208056 0.444287 -0.343328 -0.430038 -0.235638 -0.152708 -0.103755 0.072576 0.121086 -0.169536 -0.213249 0.169355 -0.028039 -0.516143 -0.820598 -0.401846 -0.110806 0.348990 0.497889 0.396197 -0.146208 -0.562036 -0.608361 0.291964 0.321392 -0.086482 -0.449609 -0.537725 0.092765 0.003881 -0.281662 0.303285 -0.479985 -0.224115 0.108906 0.360998 0.255410 0.266315 -0.147537 -0.319012 0.001568 0.243503 0.920197 -0.529131 0.621098 -0.167338 0.186135 0.609190 -0.132619 -0.434754 0.262103 0.509259 -0.183348 -0.930621 -0.498729 0.425544 -0.155882 -0.348175 0.765777 -0.473220 -0.227151 -0.518571 -0.122855 0.267507 -0.267223 -0.260034 0.302369 0.091142 0.060815 0.914987 0.993794 0.364392 -0.333077 -0.111300 -0.566307 -0.374888 0.589509 0.047121 0.016894 -0.044823 -0.730433 0.044322 0.402809 -0.469460 -0.256450 -0.108338 -0.466064 0.076086 0.290199 0.396578 -0.128950 -0.013630 -0.556665 0.019358 -0.208362 -0.042911 0.096074 0.254664 -0.378900 0.401498 0.345652 -0.197655 0.178375 -0.726612 0.162937 0.080142 -0.105128 0.173351 -0.046902 0.188250 0.032014 0.124172 -0.539863 -0.515198 0.335869 0.171871 -0.323961 -0.141190 -0.466353 -0.435629 0.332409 0.017483 0.055501 0.158243 0.047902 -0.376766 -0.660723 -0.324935 -0.051824 -0.256259 0.690162 -0.075581 0.474751 -0.007980 0.535510 0.217457 0.076140 0.035319 -0.074196 -0.155131 -0.133536 0.029734 0.069071 -0.273200 -0.261760 -0.413125 0.350402 0.226267 -0.220909 -0.182330 -0.422653 -0.323236 -0.460406 -0.146008 0.172760 -0.263787 -0.542622 -0.339348 0.113302 0.638188 0.109473 -0.228791 0.131651 0.887618 0.214275 0.225148 -0.320803 -0.133151 -0.583782 0.198781 -0.258630 0.187801 -0.406692 0.247503 0.004643
song 0.385028 -0.089465 0.205507 -0.331237 0.435291 -0.451281 -0.189352 0.609106 0.218594 0.066765 0.118621 0.249840 -0.202234 -0.328607 0.311594 -0.449899 -0.151255 0.613584 0.826879 -0.215346 0.113167 -0.132259 -0.204716 -0.193045 0.258312 -0.094228 0.796243 -0.234425 -0.443068 -0.244009 0.260870 0.003238 0.542446 0.665471 -0.373140 0.046686 0.610125 0.096593 -0.640803 -0.531065 -0.044774 -0.076486 0.080991 -0.044501 0.702674 0.297697 0.197154 0.419569 0.502559 -0.160940 0.071734 -0.518429 -0.241232 -0.158152 -0.112813 0.139301 -0.043818 -0.033727 -0.616956 -0.023983 -0.031638 -0.007681 0.676007 -0.040843 -0.825999 0.016764 0.555658 0.919285 0.030461 0.935528 0.055410 0.243200 0.531844 -0.369691 0.293170 0.181734 0.116779 -0.036938 -1.110775 -0.605146 -0.383981 -0.259549 -0.624182 0.631109 -0.629133 0.087821 -0.451513 0.136885 -0.281067 0.236251 -0.597951 -0.160753 0.003637 -0.147648 1.292410 1.277208 -0.006247 -0.317293 -0.150118 -0.851385 -0.105828 0.554919 -0.111822 0.486408 0.695869 -0.829903 -0.308764 0.005358 -0.275571 -0.635161 -0.129573 -0.357392 -0.378384 0.748002 -0.049007 0.113681 0.157270 -0.600524 -0.114142 -0.133348 -0.482192 0.134733 0.755419 -0.091074 0.269727 -0.000385 -0.001037 0.078106 -0.506342 0.097069 -0.000649 -0.084281 -0.152041 -0.166533 0.365359 0.130442 0.215276 -0.208972 -0.241071 0.336181 -0.213119 -0.363735 -0.277445 -0.142180 -0.369884 0.524504 -0.389878 0.165195 0.745128 -0.239672 0.187659 -0.403623 -0.048509 0.240721 -0.071293 0.521914 0.169963 0.697622 0.043803 0.056840 0.111352 -0.225987 0.188455 -0.520977 -0.597374 0.128219 -0.109593 -0.704592 -0.251417 -0.200004 -0.227171 0.053690 0.253048 -0.507949 0.157757 -0.088552 -0.513177 0.163422 -0.328888 0.373703 -0.415090 -0.005741 -0.362141 -0.018868 0.123975 0.120633 -0.364749 0.551943 0.749611 -0.049822 0.035812 0.098777 -0.112255 -0.474861 -0.045857 0.351452 0.386812 -0.468708 0.140266 0.398218
songs 0.674267 -0.274259 -0.308614 -0.516686 0.607758 0.020153 -0.238727 0.685871 0.225316 -0.473753 0.214563 0.221530 -0.404245 -0.773844 0.436559 -0.797477 0.051827 0.494639 0.770578 -0.441344 -0.354200 -0.378568 0.128982 -0.595500 -0.417828 -0.327464 0.754223 -0.663404 -1.065930 -0.179970 0.281448 -0.129599 0.639885 0.957291 -0.249193 0.107055 0.524678 0.311827 -0.791511 -0.199080 0.357167 -0.130453 0.012563 0.190822 1.359019 0.514474 0.401745 0.070214 0.374122 0.715602 0.136786 -0.563019 -0.171435 -0.332948 0.129714 0.245776 0.243244 -0.008757 -0.220093 -0.193148 -0.262505 0.297258 0.697796 0.441046 -0.804353 0.202743 0.321393 0.882528 0.089773 0.567907 0.203443 0.023831 0.628707 -0.779712 0.015879 -0.182517 -0.174233 -0.528052 -1.314656 -0.578896 -0.572936 -0.286012 -0.495061 0.697718 -0.493666 0.265452 -0.781991 -0.046641 0.052597 -0.063175 -0.600506 0.087952 -0.288922 -0.501176 1.470695 0.850846 0.421959 -0.359192 -0.319015 -0.835696 -0.190605 0.617618 0.258202 0.394899 0.861723 -0.567683 -0.438356 0.151868 -0.021576 -1.283689 -0.086487 -0.341497 -0.436267 0.872458 0.120056 0.087623 -0.028161 -0.148104 0.083004 0.127968 -0.591291 0.600948 0.796933 -0.213731 0.565051 0.246207 -0.028131 0.165297 -0.537464 0.232118 -0.788421 -0.210413 -0.263461 -0.492281 0.227715 0.116896 -0.046256 -0.493267 -0.660355 0.282755 -0.018228 -0.346078 -0.172061 -0.210947 -0.196000 0.771186 -0.317153 0.318051 0.705544 -0.281132 -0.171818 -0.438649 0.156591 0.206340 -0.375000 0.489374 0.444816 0.169521 -0.091878 0.226010 0.395420 0.087065 0.077756 -0.395821 0.049027 0.084504 -0.178054 -0.606205 -0.098401 -0.062154 0.121772 0.207412 -0.012522 -0.402199 -0.064641 0.017919 -0.792910 0.218466 0.346503 0.558718 -0.066967 -0.246301 -0.050859 0.258411 -0.330661 0.209171 -0.312455 0.652992 1.073285 -0.089262 0.579386 0.105302 0.156846 -0.630399 -0.265651 0.672204 0.704934 -0.530725 -0.316149 1.169589
songster 0.489722 0.042242 0.274989 -0.184404 0.461067 -0.139394 0.260766 0.270965 0.426260 0.073536 -0.137209 -0.022688 -0.162924 0.018775 -0.035912 -0.535453 -0.115540 -0.028944 0.496110 -0.272152 0.052260 -0.167743 -0.256854 0.023823 0.191282 -0.052851 0.288783 -0.200588 -0.445766 -0.417786 0.025734 0.021934 0.383962 0.131841 -0.021204 0.165689 0.096057 0.176082 -0.342512 -0.559016 -0.184806 -0.136787 0.249030 -0.091268 0.424221 0.132169 -0.385534 -0.278768 0.409832 0.084228 0.153897 -0.149301 -0.504553 -0.502310 0.137726 0.213077 0.191534 -0.357924 -0.317068 -0.074252 0.067341 0.189657 0.097338 -0.172799 -0.471101 0.439624 0.180229 0.951168 -0.328241 0.246594 -0.077161 0.100025 0.360817 0.184250 0.372119 0.044760 0.095335 -0.323279 -0.884771 -0.728914 0.055383 -0.217873 -0.084658 0.519276 -0.361429 -0.248066 -0.294995 0.350402 -0.201433 -0.005616 -0.166121 0.097418 0.225872 0.134127 0.675661 0.848200 0.453433 -0.131236 -0.186303 -0.549161 -0.643839 0.348141 -0.100674 0.310341 -0.008518 -0.644472 0.126273 0.298395 -0.079342 -0.143053 -0.082484 -0.431914 -0.439575 0.085178 0.060993 -0.157842 -0.156724 -0.385444 -0.163186 -0.224467 -0.045316 -0.044273 0.518121 -0.329718 0.327819 0.070304 0.187333 0.376493 -0.281908 0.080242 0.033488 0.175825 -0.071651 0.018535 0.073510 0.346854 -0.102016 -0.172294 -0.371256 0.033546 0.433919 -0.385188 -0.270535 0.049665 -0.250025 0.353293 -0.050072 -0.163350 0.134083 -0.478521 0.001996 -0.570703 -0.216732 0.303896 0.026950 0.420422 -0.135191 0.200500 0.043066 0.394208 0.240468 0.092278 -0.046022 -0.349533 0.073092 -0.082629 0.111899 -0.143984 -0.084047 0.116952 -0.292011 0.373822 0.109115 -0.202331 0.127653 0.263744 -0.274872 0.105836 -0.091933 0.189751 -0.262111 -0.159129 0.107351 0.065944 -0.088475 0.187938 -0.081526 0.056344 0.484296 0.287731 -0.117537 -0.498453 -0.274001 -0.431515 -0.031148 0.000862 -0.017219 0.123770 0.257285 0.346663
sonnets 1.009348 0.447414 0.592047 -0.246161 0.399480 0.177598 -0.159589 0.194726 0.614929 -0.133947 0.234970 -0.417698 -0.322032 0.229660 -0.178151 -0.340556 0.384298 -0.159298 0.551232 -0.682224 0.145705 0.186407 -0.739650 -0.060592 -0.436967 -0.116566 0.398453 -0.455938 -0.696072 -0.068735 -0.016407 0.226251 0.038962 0.393458 -0.151953 0.116584 0.612414 0.001095 -0.119649 -0.645592 -0.394381 0.197678 0.343239 0.031751 0.343878 0.318638 -0.320047 -0.084011 0.145744 0.236981 -0.103976 -0.199943 -0.439727 -0.098199 0.249550 0.062056 0.435592 -0.141637 -0.382890 -0.226573 0.185461 0.147210 -0.177084 -0.004009 -0.437399 0.190694 0.315701 0.729116 -0.108471 0.599006 -0.064949 -0.210457 0.688507 -0.344026 -0.160317 -0.115525 0.714272 -0.304340 -0.610749 -0.618380 -0.010814 -0.087090 -0.478923 0.201878 -0.532675 0.334557 -0.405653 0.063874 0.410226 -0.221332 0.097245 -0.157671 -0.453450 -0.378071 0.577356 1.061825 -0.071630 -0.533817 0.306368 -0.805841 -0.385750 0.621762 0.319480 0.391403 0.146627 -0.830624 -0.292929 0.614881 -0.418498 -0.255691 0.049905 -0.948839 -0.822131 -0.144926 0.063815 -0.200553 -0.067533 -0.022001 -0.034421 -0.265177 -0.212855 0.332262 0.289144 -0.708354 0.242111 0.122486 -0.034331 0.210603 -0.546534 0.119776 -0.024660 -0.128612 -0.019745 -0.110733 -0.402670 0.524999 -0.276511 0.303504 -0.141114 0.513437 0.378182 -0.355860 -0.486294 0.100160 -0.679125 0.468351 -0.313788 0.419509 0.576430 -0.022226 0.177776 -0.848841 -0.068168 0.112176 -0.061042 0.489769 0.341989 0.308564 -0.021468 -0.182898 0.012142 -0.125124 0.061973 -0.460471 0.238707 0.001453 0.068652 -0.120669 -0.042017 -0.447269 -0.403830 0.655541 -0.269603 -0.449338 0.008608 0.595483 -0.809045 0.709205 0.012905 -0.015526 -0.064680 0.044285 0.017053 0.170708 0.089863 0.177265 0.248977 0.120961 0.357630 0.320593 -0.019100 -0.048876 -0.149412 -0.304532 -0.352219 -0.000051 -0.387844 0.304963 0.158111 0.494077
sophocles 0.651794 0.127450 0.586832 -0.097805 0.395743 -0.021681 -0.006957 0.346458 0.303984 0.207749 -0.056617 -0.198800 -0.223710 -0.056410 -0.055094 -0.333382 -0.173848 0.207467 0.719573 -0.329966 0.049338 -0.042367 -0.527009 -0.502225 -0.067415 0.149632 0.026897 -0.528435 -0.472612 -0.151745 0.032733 0.011766 -0.312143 0.441890 0.280529 0.319565 0.410476 0.032634 -0.101379 -0.762437 -0.171398 -0.230696 0.202523 -0.015858 0.469092 0.212978 -0.149875 -0.124513 0.136825 0.308768 -0.115774 -0.493868 -0.512067 -0.256685 0.046106 -0.029914 0.223093 -0.187773 -0.100842 0.044790 0.035732 0.348315 -0.123324 -0.038116 -0.589431 0.029252 0.001737 0.702295 -0.357815 0.307055 0.105715 -0.062268 0.417438 -0.152280 -0.061912 0.368662 0.621841 -0.247439 -0.509992 -0.426990 -0.236417 -0.082315 -0.133915 0.388842 -0.041058 -0.134052 -0.335765 0.038959 0.035222 -0.239338 -0.196446 0.214773 -0.353402 -0.100755 0.411254 0.815320 0.165242 -0.328843 -0.207547 -0.526556 -0.541078 0.281427 0.159163 0.096366 0.324159 -0.376606 0.439765 0.317076 -0.235335 0.090916 -0.206611 -0.189658 0.087480 0.205362 0.195834 -0.352086 -0.060533 -0.064538 -0.145944 -0.191618 -0.037028 0.350495 0.513605 -0.517459 0.340320 0.257181 0.224285 0.524993 -0.611712 0.045000 -0.092047 -0.228354 -0.040067 0.128642 -0.058551 0.486211 -0.306146 -0.139002 -0.565530 0.014471 -0.020641 -0.273337 -0.305583 -0.584361 -0.083164 0.332234 -0.054424 -0.288560 0.222857 -0.124507 -0.077396 -0.630539 -0.222308 0.083243 -0.133849 0.546255 -0.141649 0.332723 0.088502 0.113202 -0.071420 0.013197 -0.044441 -0.505588 0.201289 0.126258 -0.244816 -0.114921 -0.068998 -0.142407 -0.686604 0.196240 0.179001 -0.620857 0.042393 0.165644 -0.046418 0.093268 0.187978 0.102890 -0.383595 -0.078106 0.146860 -0.068940 0.035961 0.330359 -0.268107 0.055054 0.328112 -0.063085 -0.161102 -0.124229 -0.255798 -0.357038 0.151245 0.065350 -0.074722 -0.281942 0.118961 0.277641
sorcery 0.396837 -0.145838 0.409095 0.256751 0.488847 -0.063989 0.012334 0.242591 0.117292 -0.363120 -0.169563 -0.089174 -0.106978 0.095595 0.097571 -0.358033 -0.227169 -0.184521 0.338445 -0.442984 0.219533 -0.355661 -0.653577 -0.012002 -0.024654 -0.132304 0.188510 -0.285428 -0.569952 -0.115867 -0.050765 0.071769 0.124257 0.218939 0.111817 -0.063000 0.149524 -0.068486 -0.256580 -0.638619 -0.535816 0.226215 0.283467 0.035144 0.602458 0.205158 -0.053887 -0.007095 0.277708 0.281082 0.174286 -0.330246 -0.143733 -0.717937 -0.053622 0.292728 0.198439 -0.198429 -0.193108 0.048221 0.003676 0.111423 -0.011719 0.099393 -0.414971 0.105567 -0.244459 0.698104 -0.334375 0.180742 -0.119919 0.088523 0.566176 -0.107411 0.119378 0.405472 0.211682 -0.147367 -0.324573 -0.517614 -0.012763 -0.337924 -0.335664 0.295161 -0.162366 -0.042106 -0.482633 0.492455 -0.074881 0.180547 -0.011806 0.297701 0.060429 -0.037970 0.208025 0.431939 0.214671 -0.417666 -0.215520 -0.392316 -0.588820 0.001844 0.175136 -0.137722 -0.246478 -0.687112 0.092513 0.484933 -0.108872 0.366946 -0.337195 -0.156814 -0.232163 0.166338 0.110611 -0.356046 -0.241114 -0.083236 -0.148260 -0.283979 -0.092567 0.390592 0.024584 -0.218025 0.249907 0.412689 -0.304837 0.162556 -0.136967 -0.067871 -0.132969 0.141462 0.004889 0.406030 0.016058 0.356528 0.042073 -0.219894 -0.249663 -0.081510 0.366935 -0.274463 -0.343652 -0.099364 -0.195818 -0.093975 -0.174689 -0.154803 0.124107 -0.253163 0.160035 -0.147732 -0.161472 0.194697 -0.267073 0.550025 -0.072078 0.368128 -0.036965 0.301508 -0.076747 -0.050950 -0.426971 -0.349187 0.230894 -0.258302 -0.090436 -0.191942 -0.096438 0.211703 -0.143337 0.633152 0.242646 -0.299011 -0.074476 0.094940 -0.608988 -0.128323 0.311262 0.167868 -0.205903 -0.153593 0.236801 -0.075269 -0.041148 0.041081 0.001394 -0.051441 0.517786 0.201871 -0.229526 -0.094726 -0.206693 -0.126129 -0.240345 -0.048260 0.197191 -0.047984 -0.082130 0.114977
stanza 0.637683 0.273802 0.438783 -0.377595 0.433500 -0.304823 0.446534 0.274448 0.036317 0.002011 -0.006258 0.253701 -0.469025 0.215119 -0.047944 -0.731519 0.232303 -0.306551 0.705685 -0.374363 -0.209268 -0.137553 -0.167234 0.015392 0.030394 0.135475 0.596672 0.120443 -0.651582 -0.450734 0.228264 0.243513 0.020422 0.427187 -0.031608 0.313589 0.263261 -0.240242 -0.688140 -0.595850 0.074120 -0.101282 -0.016905 0.195920 0.019108 0.093319 -0.323569 -0.402561 0.102742 0.178700 -0.158836 -0.226792 -0.334042 -0.028204 0.014410 -0.163925 0.143939 -0.172133 -0.224101 -0.356159 0.096308 -0.028054 0.503904 -0.189685 -0.585837 0.330570 0.553433 0.567753 -0.383124 0.955572 -0.515728 0.377834 0.412803 -0.298611 -0.107666 0.696526 0.449514 -0.072610 -0.799626 -0.427540 0.224902 -0.319188 -0.878828 0.712440 -0.722256 0.033407 -0.031721 -0.091132 0.040229 -0.375088 0.025242 0.376648 0.152276 -0.292358 0.627650 0.852437 -0.072721 -0.459867 0.326699 -0.720845 -0.536011 0.759613 0.293334 0.167844 0.422491 -0.432352 0.118777 0.206918 -0.353422 -0.343558 -0.119464 -0.512597 -0.114658 0.008481 0.227779 -0.059530 0.245513 -0.131674 -0.266556 -0.074421 -0.145388 0.509643 0.136849 -0.589059 0.506208 0.497400 0.052937 0.168484 -0.717304 0.496102 0.165125 0.059379 0.059940 -0.381582 0.479564 0.037471 -0.655231 -0.454526 -0.444739 0.265783 0.177494 -0.583089 -0.511855 -0.645797 -0.714603 0.086735 -0.403252 0.242990 0.443926 0.172162 -0.012936 -0.456258 0.092206 0.564143 0.163439 0.862503 0.160709 0.561111 0.274902 -0.152305 0.452011 -0.096503 0.030540 -0.363717 0.261995 -0.127767 0.156760 -0.270425 -0.210331 -0.057010 -0.331900 0.069954 0.219724 -0.520847 0.210671 -0.051345 -0.446976 0.080874 -0.174829 -0.083829 0.033392 0.153516 -0.105312 -0.077856 0.324134 0.378930 -0.264981 0.084740 0.486066 0.024688 -0.041066 0.156034 -0.560967 -0.685655 -0.154902 0.101430 0.159472 0.462561 0.122488 -0.828201
stanzas 0.881918 0.463406 0.038342 -0.408272 0.605059 0.198951 0.149184 0.782941 0.196654 0.278741 0.288731 -0.112129 -0.724757 0.082021 0.149923 -0.934280 -0.191145 -0.312941 0.868998 -0.954377 0.742185 -0.499087 -0.259762 0.039308 -0.372653 0.018827 0.856721 -0.402625 -0.642560 -0.246895 0.036823 -0.080096 0.056355 -0.128298 0.055820 -0.016713 0.321920 0.419109 -0.489306 -0.656220 -0.132405 -0.053009 0.331893 0.476182 0.541407 0.191228 -0.174017 -0.471495 0.063312 0.331919 0.005881 -0.514306 -0.282122 -0.034941 0.285601 -0.113240 0.444090 -0.212813 0.262648 0.363146 0.006678 -0.122913 0.373381 -0.196103 -0.908490 -0.263203 0.300433 0.951435 -0.402969 1.166219 0.414546 0.075693 0.574063 -0.229993 -0.095941 0.312033 0.235026 0.000651 -0.901541 -0.739385 0.128136 0.100696 -0.538265 0.663839 -0.567574 -0.308646 -0.269882 -0.267695 0.412106 -0.068211 -0.280144 0.014965 -0.135285 0.100172 0.725065 1.353688 0.023152 -0.257583 -0.149641 -1.155069 0.104397 0.495134 -0.103031 0.229115 0.180555 -0.661990 0.264063 0.431772 -0.509716 -0.614438 -0.421220 -0.576102 -0.612900 -0.054366 0.225852 -0.030570 0.053330 -0.014291 0.170152 -0.363123 -0.413000 0.719068 0.486362 -0.615155 0.181491 -0.006724 -0.258637 0.221168 -0.538334 0.253696 0.134088 -0.201904 -0.329576 -0.058145 0.155393 0.312050 -0.522814 0.009023 -0.602919 0.221349 0.278837 -1.028829 0.001125 -0.444812 -0.821979 -0.105002 -0.293734 0.437728 0.494744 0.457349 0.037509 -0.423189 0.081604 0.724757 0.089277 0.840417 0.076400 0.485365 -0.196697 0.312083 0.520373 -0.013079 0.246347 0.021983 -0.194663 0.099697 -0.266895 0.005191 -0.089132 0.435797 -0.228713 0.300329 0.189861 -0.491861 0.403715 0.272501 -0.353810 0.247927 0.048633 0.196921 -0.073046 0.248558 -0.265171 -0.074379 -0.127762 0.644253 0.040446 0.111535 0.640404 0.228216 0.390106 0.004052 -0.077182 -0.296991 0.122455 -0.010880 0.113281 0.502310 -0.188142 0.331103
startling 0.910957 0.175398 0.827624 0.539223 0.917502 -0.716603 -0.211528 0.613844 0.247885 0.281028 -0.257202 0.323031 -0.007471 -0.290455 0.340791 -0.739915 -0.007989 -0.385717 0.423653 -0.284262 0.493518 -0.439266 -0.303946 0.205202 -0.515038 -0.047459 0.313111 -0.652406 -0.747489 -0.146194 -0.312097 0.243335 0.020655 0.617079 0.083976 0.259799 0.090205 0.130012 0.346152 -0.687232 -0.477347 0.255567 -0.106787 0.080257 0.593246 0.167592 -0.114588 -0.180591 0.257769 0.217921 0.227099 -0.546925 -0.094527 -1.052175 -0.140673 0.071038 -0.045648 -0.774436 0.037481 -0.125823 -0.112408 0.303393 -0.254898 0.114720 0.201428 0.399051 0.221493 1.153716 -0.755238 0.494478 -0.288457 -0.306365 0.583050 -0.120756 0.206101 0.529063 0.531057 -0.065585 -0.376667 -0.634678 -0.325403 -0.128759 -0.312948 0.593574 -0.079700 -0.419492 0.042371 0.211285 0.113904 -0.201893 0.547458 0.081867 1.050358 0.870030 0.727651 0.841756 -0.195466 -0.484600 0.604013 -0.488983 -0.476531 0.337529 -0.066547 -0.060648 -0.455963 -0.730794 -0.065074 0.171673 -0.154765 0.243115 -0.372920 -0.211119 -0.380778 -0.020053 0.265495 -0.053052 -0.229472 0.122132 -0.029650 -0.192065 -0.093823 0.598553 0.092550 -0.033501 0.109460 0.891748 -0.238055 -0.684171 -0.333321 0.068519 -0.040174 -0.157358 0.145519 0.118481 0.108010 -0.323338 -0.414246 0.047681 -0.204629 -0.301035 0.484673 0.158409 -0.300517 -0.229323 -0.362545 0.018410 -0.041662 0.512762 0.001734 -0.137877 -0.624548 -0.187224 -0.346190 0.397505 -0.532265 0.335607 0.230306 0.105201 -0.112740 0.059910 0.049130 0.473192 -0.339411 -0.779942 -0.111886 0.093686 -0.231696 -0.136904 0.088721 0.065095 -0.818927 0.704868 0.244105 -0.096679 0.285652 -0.182628 -0.088254 0.523024 0.191191 -0.158560 -0.248199 -0.379386 0.240429 -0.130113 -0.074847 0.257676 0.366173 -0.337003 0.610222 0.400027 0.364630 -0.343861 -0.151913 -0.131228 -0.556198 -0.136549 0.476643 -0.710181 -0.241027 0.531999
station 0.243238 0.242804 -0.323009 0.438565 -0.041233 -0.162224 -0.258289 -0.008668 -0.021225 -0.332664 -0.502476 0.098990 -0.350348 0.148006 -0.112397 -0.328536 -0.033637 -0.147180 0.533182 -0.823942 -0.131113 -0.284320 -0.182192 0.257851 -0.157201 -0.163130 0.192924 0.053053 -0.681345 -0.092802 0.154850 -0.250201 -0.097814 0.314467 0.101299 0.341790 0.542880 -0.162336 -0.093021 0.274231 -0.237188 -0.260649 -0.181994 0.559769 0.183042 -0.049964 -0.408649 0.174548 0.387311 0.289593 -0.123809 0.140481 -0.344036 0.025480 0.155847 -0.400185 0.437776 -0.650067 -0.543267 0.007521 -0.067344 0.531983 -0.092671 1.024989 -0.572117 0.546030 -0.563676 0.114835 0.137011 -0.090648 0.338610 0.016357 -0.216319 0.419734 0.059428 0.678802 -0.143252 0.239214 -0.075937 -0.326865 -0.385795 -0.254168 -0.328673 0.871878 0.176476 0.710151 0.151363 0.633955 0.387799 -0.099644 0.224914 0.503662 0.593148 0.409022 0.526387 -0.085909 -0.421553 0.003357 -0.472730 -0.213104 -0.134750 0.520676 0.381367 0.064438 -0.672503 -0.780800 0.323801 0.285670 -0.172746 -0.125118 -0.237571 -0.341532 -0.529476 0.024744 0.625299 0.195483 0.288440 -0.388535 -0.050530 -0.403850 -0.423653 0.547584 0.494985 0.012886 0.420162 0.277101 -0.353479 -0.360141 0.176429 0.272692 -0.152326 -0.050937 0.129937 -0.516011 0.335553 0.443865 -0.460359 -0.542801 0.364881 -0.439264 0.566512 -0.017725 0.114161 0.199806 -0.261080 -0.197031 -0.294742 0.542093 -0.106192 -0.508289 0.039326 -0.779241 -0.739608 -0.056238 -0.097556 0.882379 0.126483 -0.189624 -0.409863 -0.057567 0.538831 0.195592 -0.151819 0.380101 0.330416 0.321960 0.348116 -0.229728 0.418622 0.221928 -0.605631 -0.309242 0.572030 0.058141 -0.111163 0.427468 -0.123184 0.191809 0.300099 0.191776 0.470987 0.017877 -0.626066 0.207862 0.674345 0.475847 -0.862429 -0.147641 0.523810 -0.303663 0.265505 -0.605890 -0.325460 -0.062451 -0.257305 0.301028 0.596786 -0.465074 0.194850 -0.033784
stea -0.249843 -0.026875 0.505737 0.233060 0.236394 -0.386874 0.422543 0.543775 -0.163773 0.242031 -0.528911 -0.048996 -0.600616 -0.389123 0.341492 -0.545393 -0.254849 -0.030852 -0.123841 -0.689875 0.100191 -0.666159 0.304803 -0.007653 -0.344436 -0.249063 0.094694 -0.157365 -0.153846 0.102291 0.154450 -0.312133 0.159913 0.518138 -0.159982 -0.258577 0.498156 -0.264460 -0.211244 -0.081295 -0.099342 -0.199710 0.010344 0.064753 0.296750 0.152246 -0.019224 0.755466 0.070246 0.268783 0.182697 0.370524 -0.519660 -0.864201 0.020094 0.141567 0.258797 -0.079875 -0.107336 -0.156363 0.386825 0.267523 -0.049668 -0.276062 -0.620504 0.004924 0.152146 0.180259 -0.454063 0.444274 -0.261613 0.449649 0.036092 -0.357952 0.216966 -0.473846 0.181112 0.101294 0.231470 -0.134481 -0.278030 0.188307 -0.118643 0.637786 -0.246465 0.445700 0.203478 0.093854 0.362776 -0.055368 -0.054218 -0.254093 -0.067636 0.700309 0.128597 0.020829 0.097478 0.487777 0.410819 0.017133 -0.765007 0.740444 0.197861 -0.722449 -0.418773 -0.338758 0.073532 -0.114214 -0.747425 -0.137490 0.254901 0.222135 -0.742753 0.033320 0.201895 -0.111993 0.071245 -0.080413 0.343773 -0.625079 -0.205594 0.090948 -0.216408 0.165328 0.569908 -0.046198 -0.381982 0.019656 0.164276 -0.033699 0.078556 -0.110231 -0.069756 -0.287517 0.330332 0.149266 0.064319 -0.102780 0.305412 -0.165401 0.138984 -0.398504 -0.227228 -0.261779 -0.230456 0.080347 -0.134674 0.466505 -0.359633 0.049605 -0.406517 -0.393442 -0.210807 0.473541 -0.082304 0.542217 0.162407 0.292738 -0.296941 0.348315 0.092857 -0.094832 0.229104 0.121677 0.026195 0.016455 -0.174231 -1.109136 0.538110 0.296637 0.130333 -0.136947 0.929989 -0.744197 0.057916 0.047090 -0.437530 -0.077557 0.430346 0.506530 -0.204542 0.079728 0.068499 -0.213312 0.573144 0.067462 -0.378247 -0.103874 0.138792 -0.049627 0.240877 0.063910 -0.086380 -0.401032 -0.227699 -0.080179 0.050516 -0.006757 -0.289073 -0.454211
steam -0.070847 -0.022019 0.527695 0.242820 0.722211 -0.377745 0.682331 0.242347 -0.481039 -0.103139 -0.624608 -0.020692 -1.000880 -0.188816 -0.316427 -0.771154 -1.082715 0.143067 -0.606047 -0.710230 0.111300 -0.129058 -0.022093 0.267827 -0.428658 0.210289 -0.345423 0.208406 -0.062778 -0.634456 0.626375 -0.470079 0.224292 0.368758 0.444019 0.319181 0.519483 0.193622 -0.316483 0.489518 0.549079 0.197758 0.094475 -0.437199 0.873305 0.664128 -0.653465 0.920637 0.575335 0.567085 0.587189 0.178251 -0.848481 -1.295010 0.087468 0.719828 0.102959 0.238792 0.161916 -0.116599 0.664915 -0.523816 -0.445335 0.594271 -1.149194 -0.186842 1.023716 0.534087 0.104533 0.312664 -0.307234 -0.001000 0.196612 -0.605193 0.009832 0.039099 0.437510 0.282129 0.517163 0.324137 -0.337087 0.329672 -0.607934 0.837947 0.373942 0.313838 0.578336 -0.095995 -0.125466 -0.029960 0.346029 -0.016195 0.346706 0.466715 0.465495 0.575394 -0.377475 0.043298 0.187728 -0.429484 -0.492440 0.743864 0.889763 -0.334725 -0.837720 -0.221584 0.195065 -0.243960 -0.380891 0.028165 -0.048337 0.507855 -1.167758 -0.018349 -0.120728 0.622011 0.335987 -0.012811 0.599950 -0.384673 -0.469081 0.755214 0.435902 -0.337864 0.778151 0.035974 0.075627 0.001397 -0.126444 -0.033460 -0.041568 -0.266973 -0.186585 -0.572665 0.578801 0.508662 -0.142982 -0.645771 0.357817 -0.418515 -0.060587 -0.114763 0.457078 -0.427879 -0.195517 -0.192325 -0.066411 0.773452 -0.242189 -0.284490 -0.282257 -0.131453 -0.063144 0.351574 -0.285419 0.739356 -0.332672 -0.125074 -0.341131 0.289108 -0.010391 -0.603934 -0.470596 -0.031441 0.406894 0.511751 -0.109946 -1.280974 0.573013 0.083389 -0.394580 -0.237333 0.481858 0.063725 -0.058689 -0.313607 -0.172774 0.372384 0.249558 0.520020 -0.729197 -0.397829 -0.105740 -0.276633 -0.046412 0.865053 -0.213369 0.246868 -0.190265 -0.265267 0.163376 0.139140 -0.104088 -0.123666 -0.500539 0.268770 0.429060 0.444144 -0.111733 -0.406647
steamer 0.673743 -0.330047 0.185422 -0.018767 0.499261 -0.220387 0.653724 0.230039 0.074426 -0.013413 -0.538956 0.415221 -0.732008 0.154814 0.590190 0.100471 -0.593426 0.086459 -0.295152 -1.158060 0.253444 -0.418406 0.385806 0.851746 -0.312979 -0.403269 0.235330 0.359229 -0.395117 -0.402619 0.229285 -0.727676 0.246466 0.310340 -0.080217 -0.244012 0.921715 -0.152517 -0.277996 0.172714 -0.340168 -0.207457 0.283410 -0.290930 0.631555 0.537826 -0.457032 0.406531 -0.875995 0.092826 -0.137196 -0.116971 0.198757 -1.219758 0.006678 0.326210 0.240960 0.004756 -0.715550 -0.251101 0.717350 -0.262101 -0.574173 0.307421 -0.638294 -0.024989 0.330450 0.033759 -0.112809 0.268159 -0.193919 -0.181186 0.340761 0.288918 0.440749 0.425466 0.522826 0.210652 -0.338326 0.496180 -0.469593 0.831992 -0.619181 0.562860 -0.287998 0.728826 -0.019139 0.586893 0.844795 -0.482609 -0.187620 0.511750 0.463779 0.313303 0.761609 1.003441 -0.590178 0.211452 0.291308 -0.260096 -0.957206 0.858615 0.409690 -0.282082 -0.709386 -0.488813 -0.066248 0.289460 -0.460705 -0.182616 -0.001022 0.488351 -0.735849 -0.056114 -0.161253 0.754607 0.481729 -0.434161 1.041242 -0.672460 -0.260658 0.050249 0.418053 -0.239336 0.747037 0.151168 -0.154487 -0.386766 0.266398 -0.242964 -0.002786 -0.165334 -0.072746 -0.142808 0.400047 1.001778 -0.012612 -0.743310 0.143509 -0.936072 0.628562 0.099662 0.453715 -0.659728 0.719867 0.251651 -0.437044 0.584102 -0.191146 0.360412 0.128058 -0.955059 -0.662931 0.057449 -0.252582 0.510446 -0.136489 -0.013094 -0.253679 0.246698 0.350720 -0.515491 -0.430090 -0.072393 0.290099 0.898534 0.105914 -0.725289 0.059017 0.081054 -0.054809 -0.688039 0.554731 -0.674051 -0.501646 0.213467 -0.234311 -0.293402 -0.087486 0.394703 0.003188 0.080734 0.518942 -0.534784 -0.124075 1.096571 -0.356410 0.078890 0.909237 -0.135848 0.148189 -0.065294 0.349064 0.362130 -0.010375 0.354851 0.744399 0.407557 -0.325307 -0.352340
steamers 0.612619 -0.188237 0.392610 -0.014262 0.480022 0.050102 0.311384 0.123011 0.150735 -0.036007 -0.737410 0.760173 -0.918599 0.328658 0.472340 -0.312463 -0.191622 -0.027811 -0.128202 -1.018176 0.408714 -0.789791 0.276611 0.527300 -0.784816 0.205215 0.302311 0.243369 -0.151041 -0.730595 -0.192216 -0.512807 0.368342 -0.109471 0.014667 0.003284 1.319525 -0.092688 -0.022929 0.371374 0.042207 -0.080423 0.637127 -0.544783 0.081120 0.452210 0.168196 0.634677 -0.421707 0.149497 0.168733 0.074461 -0.067024 -0.625759 0.273445 0.319348 0.147939 -0.110911 -0.270148 -0.458016 0.682398 -0.457869 -0.303887 0.120260 -0.847750 -0.151432 0.630443 0.357003 0.287307 0.469903 -0.186239 -0.322604 0.379854 -0.226227 0.170712 0.344490 0.299883 0.051621 -0.363597 0.450480 -0.422430 0.406638 -0.718086 0.711717 -0.059209 0.039033 0.238361 0.431594 0.407606 -0.409983 0.159629 0.294029 0.272335 0.376821 0.763798 0.408042 -0.585966 0.146276 0.731976 -0.167934 -1.028191 0.745831 0.312637 -0.173074 -0.202348 -0.287724 0.254422 -0.104346 -0.162767 -0.311977 -0.021631 -0.191664 -1.146871 -0.135468 0.121154 0.312863 0.272100 0.187770 0.616584 -0.602522 -0.147035 0.206439 0.611179 -0.361291 0.793079 0.342556 0.113468 -0.356503 0.245363 -0.454667 -0.145354 -0.389184 0.332605 -0.161708 0.441798 1.009073 0.096133 -0.566222 0.084000 -0.771917 0.512636 -0.121259 0.003598 -0.537530 0.235411 0.101878 -0.259213 0.415323 -0.178159 0.251432 -0.187116 -1.143091 -0.633009 0.341953 -0.555019 0.265249 0.099911 0.194191 -0.325924 -0.354240 0.107884 -0.836974 -0.392433 -0.214610 -0.059046 0.451031 0.139480 -1.035036 0.335045 0.746526 -0.173058 -0.548373 0.559454 -0.490328 -0.608514 0.340636 -0.324540 0.059823 0.065665 0.403614 0.239301 0.533354 0.043589 0.002332 0.213176 0.618702 -0.182461 -0.073135 1.026962 -0.380530 0.562367 -0.031525 0.484947 0.422378 -0.390412 0.115428 0.478800 -0.067442 -0.098779 -0.636613
steams -0.106183 0.000425 0.007145 0.116784 0.331479 0.209138 0.596862 0.417256 -0.146550 -0.171661 -0.104882 0.502440 -0.122544 0.167746 0.042668 -0.324340 -0.600062 0.194239 -0.305220 -0.844270 -0.039214 -0.207911 -0.131820 0.080008 -0.522478 0.063114 0.220639 -0.173269 0.054749 -0.344899 0.261349 -0.172668 0.174289 0.343364 -0.006143 0.130478 0.485030 0.002058 0.051090 -0.100888 0.135006 -0.119837 -0.216595 0.171065 0.487050 0.394316 -0.188063 0.263542 -0.100288 0.297242 0.303924 0.224949 -0.824287 -0.480861 -0.014261 0.374806 0.015501 0.129290 -0.294983 -0.139258 -0.002607 0.237623 0.100671 0.278133 -0.739619 0.323940 0.220119 0.623190 -0.284110 0.223986 0.135213 0.114784 0.516089 -0.088397 0.451265 0.006588 0.018118 0.072289 0.076790 0.168126 -0.055625 0.267568 0.006618 0.594165 -0.089281 -0.050155 0.444657 -0.329639 0.222081 0.005830 0.170109 -0.266967 0.173972 0.286867 0.690304 0.315591 -0.213963 0.292191 0.028994 -0.242852 -0.501370 0.232012 0.077357 -0.460389 -0.552158 -0.637058 0.142439 0.172424 -0.401216 -0.109487 -0.090674 -0.320442 -0.419496 -0.204166 -0.064674 -0.107630 0.388682 -0.288491 0.155436 -0.505440 -0.341419 0.625722 0.429002 -0.189014 0.417366 -0.254300 -0.421365 -0.376684 0.033175 0.117510 0.357201 -0.053492 -0.104873 -0.181474 0.417781 0.495689 -0.175967 -0.304034 0.464945 -0.504789 0.268473 -0.267359 0.066900 -0.355218 -0.152028 0.374237 0.026742 0.677757 -0.178290 -0.085029 -0.603170 -0.466720 -0.208461 0.259770 -0.428040 0.489282 -0.030717 -0.179831 -0.062604 0.150806 -0.053323 -0.329231 -0.042510 -0.268018 0.085115 0.390409 0.334173 -0.836966 0.087777 0.331827 -0.136506 0.066825 0.697396 -0.423676 0.042870 -0.008287 0.089716 0.275426 0.066804 0.054626 -0.572004 0.263080 0.099798 -0.085438 -0.027221 0.177375 -0.550711 0.302008 0.972590 -0.178448 0.258737 0.355517 0.060497 -0.300489 -0.296068 0.307364 0.461888 0.208857 -0.057392 -0.215286
stories 0.501082 0.355601 0.444242 0.160438 0.278538 -0.372839 -0.163233 1.055020 0.615916 -0.822488 -0.082996 0.005531 -0.537229 -0.140904 0.056556 -0.472200 0.031748 -0.311053 0.645959 -0.745848 0.252355 -0.099147 -0.254441 -0.002007 -0.384462 -0.349297 0.331692 -0.135906 -0.608472 -0.261234 -0.243666 -0.174129 0.354209 0.560746 0.312640 -0.356603 0.251890 0.597272 -0.255440 -0.162787 -0.252649 -0.039459 0.228398 -0.104962 0.701971 -0.008530 -0.480085 -0.091233 0.368899 0.859253 0.044951 -0.508930 -0.548576 -0.404925 0.028914 0.078968 0.266106 -0.695366 -0.098538 -0.273781 -0.238674 0.441589 0.211413 -0.343093 -0.478784 0.263085 0.185599 0.961394 -0.056642 0.382701 -0.549417 -0.033174 0.796731 -0.295765 -0.297517 0.191787 0.212931 0.166720 -0.454679 -0.682526 0.126179 0.272811 0.015764 0.405982 -0.661663 -0.607441 -0.527278 -0.154562 0.075287 -0.131643 -0.170951 0.380074 0.117157 -0.207284 0.799161 -0.010721 0.111984 -0.319974 0.312259 -0.559378 -0.528256 0.182551 -0.025253 -0.056832 -0.371089 -0.847887 0.000365 0.740244 0.155366 0.319414 -0.301320 -0.330309 -0.588016 0.098479 0.788960 0.145785 0.000896 0.245254 -0.619099 -0.087717 -0.288875 0.655454 0.326073 -0.094777 0.256480 0.425577 -0.188021 0.104206 -0.220588 -0.174279 -0.247699 0.042323 -0.155511 0.039514 0.111650 0.535639 -0.142729 -0.539702 -0.462702 0.280177 0.598591 -0.548764 -0.209552 -0.071936 -0.484697 -0.011773 -0.084601 0.365402 0.318147 -0.504909 -0.084141 -0.571355 -0.434568 0.379584 -0.680321 1.105242 -0.009459 0.764751 -0.512324 0.007866 -0.518099 -0.110356 -0.563747 -0.006518 0.151862 0.266327 -0.261732 -0.241868 -0.475801 -0.277960 0.004401 0.828656 0.177751 -0.640874 0.368218 -0.032243 -0.349019 0.532344 0.097370 0.152706 0.388714 -0.108524 0.475958 -0.226604 -0.268337 -0.351352 -0.371665 -0.139067 0.949093 0.139356 0.716350 -0.146438 0.072773 -0.314510 -0.588798 0.131311 0.593157 -0.104361 -0.305699 0.164410
story 0.572349 0.288078 0.617240 0.223762 0.254475 -0.552068 -0.530746 0.206982 0.542070 -0.613844 0.507016 0.051794 -0.237589 -0.003832 0.364176 -0.358461 0.088679 -0.123446 0.486124 -0.480964 0.069983 -0.436227 -0.430005 0.098547 0.058547 -0.431384 0.155692 -0.187902 -0.564071 -0.189579 -0.384697 0.175248 0.277005 0.372100 0.120873 -0.465362 0.187391 -0.058484 -0.578339 -0.418770 -0.007337 -0.157890 0.044701 0.140302 0.114583 0.033330 -0.292243 -0.180452 0.184453 0.441471 -0.081879 -0.528318 -0.109142 -0.330716 -0.234446 -0.292138 0.236809 -0.501532 -0.184889 -0.205073 0.002972 0.058398 -0.015268 -0.248435 -0.267031 0.349054 0.305459 0.762207 -0.349722 0.412292 0.018220 -0.028459 0.565561 -0.039845 -0.202796 0.328995 0.559302 0.154492 -0.193651 -0.417685 0.157481 -0.190346 -0.130226 0.411909 -0.647170 -0.483180 -0.241995 0.064095 -0.019497 -0.164621 -0.086998 0.435735 0.180864 -0.207735 0.937385 0.384222 0.089991 -0.432241 0.178759 -0.411234 -0.700380 0.483502 0.108318 -0.243298 -0.269223 -0.792189 0.072004 0.470991 -0.096229 0.029885 -0.093165 -0.019053 -0.271549 0.375539 0.863134 0.224757 0.064699 -0.222478 -0.370573 -0.141292 -0.259897 0.410833 0.381808 0.057019 0.086903 0.626735 -0.638773 0.106941 -0.450317 -0.068348 0.024347 0.134633 -0.365627 0.013218 0.126715 0.579764 0.188217 -0.558063 -0.374075 0.410517 0.292048 -0.515133 -0.064608 -0.091247 -0.299189 -0.055859 -0.033638 0.226679 0.080417 -0.114728 -0.267955 -0.570974 -0.639257 0.190042 -0.519828 0.920809 0.140800 0.578789 -0.425173 0.249527 -0.488874 0.133110 -0.179313 -0.124821 -0.178861 0.505511 -0.149123 0.012056 -0.405773 -0.466704 -0.427282 0.696287 0.276167 -0.442807 0.374580 -0.267779 -0.277519 0.094421 0.020124 0.260714 -0.071264 -0.158450 0.187390 -0.268961 0.028294 -0.211580 -0.454038 0.228039 0.688330 0.240378 0.592982 -0.264220 0.010013 -0.457222 -0.228093 0.196951 0.321519 -0.173387 -0.097487 0.341168
suzanne 0.231082 -0.224862 0.239332 -0.082215 0.299417 -0.207705 -0.031808 0.130486 0.169385 0.032847 0.154126 -0.057973 -0.135995 0.228886 0.088476 0.098242 -0.123393 0.278105 0.235145 -0.283974 0.335458 -0.239129 -0.052412 0.108452 0.060852 -0.300303 0.037644 -0.137841 -0.369968 -0.132572 0.117277 -0.011408 0.168931 0.074682 0.031677 -0.065138 0.090182 0.198906 0.003607 -0.332085 -0.039243 -0.079848 0.027616 0.186519 0.331420 0.125755 -0.109932 -0.150314 -0.293904 0.214855 -0.027977 -0.065503 -0.259768 -0.216559 0.003297 0.001994 0.153571 -0.283058 0.054385 -0.033425 -0.104676 0.122789 -0.118254 0.083787 -0.263348 0.135997 0.148669 0.356279 -0.070603 0.391990 -0.079811 0.223263 0.442418 -0.027976 0.050404 0.180745 0.093123 -0.062486 -0.417796 -0.068528 0.035923 -0.296686 -0.445690 0.032924 -0.078559 0.173826 -0.038033 0.341198 0.082470 0.217428 -0.026485 0.047997 -0.032011 0.014081 0.356876 0.286318 0.124372 0.059366 0.020235 -0.165253 -0.315003 0.341790 0.244736 -0.232713 -0.165725 -0.500366 0.014088 -0.110960 -0.211178 -0.307228 0.147185 -0.018144 -0.291601 0.011729 0.274213 -0.316800 0.092899 -0.338566 -0.027904 -0.121838 -0.027692 0.331228 0.424243 -0.286609 0.067008 0.195944 -0.016536 0.037064 -0.140235 -0.259958 0.056676 -0.059513 -0.165625 -0.089827 -0.008108 0.261346 0.081649 -0.119783 -0.193770 -0.217336 0.347987 -0.225072 -0.153359 -0.116434 -0.066690 0.117031 -0.098334 0.089661 0.072494 0.183100 0.111737 -0.369942 -0.233567 0.234813 -0.269508 0.325531 0.026626 0.098044 -0.138536 0.204330 -0.083229 -0.015698 -0.145540 -0.167776 0.195466 0.135642 -0.051753 -0.144525 -0.059822 0.053454 -0.326791 0.122657 0.242957 -0.056282 -0.001632 0.062938 -0.283184 0.018384 0.126205 0.289237 -0.403273 -0.105892 0.003919 0.100866 0.001486 0.020724 -0.197386 0.174676 0.214537 -0.118438 -0.016220 -0.170992 -0.006578 -0.092940 -0.154142 0.007343 0.014119 -0.031264 -0.013522 0.049034
sweetly 0.623451 0.141964 0.162351 -0.049875 0.366119 -0.279648 0.351766 0.432566 0.282396 0.343633 -0.002932 0.398222 -0.415428 -0.467235 0.290981 -0.789630 -0.260655 0.268415 0.500952 -0.476501 0.083826 0.057100 -0.113223 0.007240 0.033342 -0.198499 0.361159 -0.219679 -0.233716 -0.141306 0.123512 -0.218910 0.741558 -0.108865 0.140635 -0.040689 0.667202 0.151885 -0.495111 -0.756252 -0.124296 -0.260179 0.102499 0.034320 0.933201 0.027477 -0.446419 -0.581635 0.344214 -0.067194 0.159724 -0.080303 -0.289044 -0.346578 -0.120066 0.436146 -0.603136 -0.364917 -0.299971 -0.193746 0.184398 -0.218224 0.343783 -0.093497 -0.372490 0.248197 0.585803 0.955102 -0.463314 0.587988 0.499040 -0.187978 0.668271 -0.327692 0.609849 0.170892 -0.181663 -0.566380 -0.858505 -0.739068 -0.308207 -0.242685 -0.415123 0.555721 -0.252097 0.116875 -0.526237 0.466729 0.101187 -0.120292 0.079283 0.206863 0.140097 -0.102149 0.965270 0.952986 0.153847 0.030058 0.100024 -1.034135 -0.560026 0.486468 0.063964 0.294443 0.025530 -0.819389 0.254012 0.478355 0.040074 -0.595077 0.157647 -0.444749 -0.893766 0.219826 0.366908 0.005681 0.190625 -0.633536 0.003085 -0.362072 -0.240905 0.324091 0.728194 -0.330156 0.481997 0.225959 -0.035009 0.303374 -0.732029 0.322147 0.179997 0.012630 0.296394 -0.089558 -0.136387 0.349848 -0.253151 -0.204649 -0.549756 -0.220234 0.139770 -0.525938 -0.086251 0.467999 -0.156786 0.162441 0.036336 -0.183104 0.429673 -0.023651 -0.074999 -0.349171 0.269823 -0.026866 -0.066343 0.542894 -0.257648 0.429414 -0.201532 0.215296 0.232069 0.150162 -0.017348 0.330734 -0.327097 0.103207 -0.082475 -0.242315 -0.151371 -0.091896 -0.634355 -0.138346 0.276014 -0.231647 0.091908 -0.174679 -0.719478 0.333603 0.033807 -0.088947 -0.473364 0.243820 0.027188 0.394318 0.036618 0.117954 -0.395721 0.498776 0.432540 0.529778 -0.078032 -0.083151 -0.435209 -0.466841 -0.252497 -0.129679 0.280536 -0.142713 0.135391 0.004914
talc 0.098726 0.106340 0.185213 0.266743 0.557703 -0.296779 -0.109831 0.534453 0.056186 -0.220847 0.252379 -0.206249 0.001475 -0.121735 0.252431 -0.494835 0.290219 -0.096538 0.264402 -0.620755 -0.211395 -0.691443 0.136360 -0.120652 -0.231120 -0.166443 0.368347 -0.361126 -0.480430 -0.025000 -0.257161 0.126221 0.259531 0.480702 0.141391 0.000818 0.260556 0.442947 -0.195189 -0.624597 0.094294 0.005184 0.283751 -0.017095 0.204695 -0.048912 -0.016799 0.113662 0.200491 0.348635 0.179402 -0.188508 -0.313540 -0.037914 0.263969 0.054366 0.041421 -0.201484 -0.166964 0.163382 0.076246 0.025001 -0.077130 -0.452326 -0.318436 0.016184 0.025518 0.620836 -0.202181 0.287701 -0.023072 -0.273146 0.159499 -0.221035 0.502246 0.328813 0.415508 -0.094429 -0.141542 -0.452185 0.108352 0.206384 -0.107891 0.360598 -0.411052 -0.266600 0.197253 0.086451 -0.104780 -0.365455 -0.306577 -0.274598 -0.145796 0.245740 0.417250 0.093854 0.378441 -0.114561 -0.030812 -0.288917 -0.474087 0.484620 0.206818 -0.419066 -0.416400 -0.126798 0.182212 0.110486 -0.307911 -0.282804 -0.000294 -0.469623 -0.277067 -0.155591 0.027153 0.202946 0.056636 -0.164793 -0.324348 -0.700364 -0.229928 0.389635 0.357092 -0.028988 -0.122364 0.610009 -0.283814 0.036365 -0.167530 0.180344 -0.048783 -0.045430 -0.197001 -0.412856 0.195284 0.012268 0.248943 -0.021530 -0.325504 0.131852 0.060871 -0.181899 -0.280101 -0.314060 -0.556926 0.100622 -0.036727 0.127618 -0.175742 0.042819 0.052021 -0.255086 -0.606195 0.426712 -0.116283 0.623909 0.287310 -0.027829 -0.011061 0.239611 -0.455786 0.086215 -0.135963 0.101453 0.212864 0.040082 -0.084680 -0.232930 -0.090885 -0.129947 -0.228798 0.068945 0.279637 -0.381101 -0.004667 0.148044 -0.476320 0.273939 -0.056168 -0.124730 -0.192973 0.005822 0.361240 -0.058371 0.543983 -0.273591 -0.274119 0.194469 0.583433 0.341919 0.303536 0.027995 -0.060738 0.018119 -0.098758 -0.020543 0.171272 -0.068676 -0.374532 0.134741
tale 0.474510 0.436776 0.235282 0.207416 0.383225 -0.574554 -0.205222 0.713682 0.136695 -0.602229 0.455763 0.072905 -0.031680 -0.105438 0.158210 -0.465782 0.221902 -0.145224 0.403355 -0.526076 0.254793 -0.503026 -0.432843 0.196531 0.156807 -0.321911 0.102719 -0.054783 -0.181505 -0.198983 -0.497795 0.372214 0.346359 0.267437 0.090134 -0.241239 0.074854 0.157680 -0.067475 -0.313496 -0.182217 0.268754 -0.033984 0.004564 0.303051 -0.205787 0.104681 -0.028937 0.243663 0.223409 0.157837 -0.232814 -0.197664 -0.234624 0.514080 -0.045786 -0.052147 -0.632486 -0.376006 -0.098526 -0.212446 -0.183069 -0.343766 -0.156287 -0.511650 -0.031276 0.176023 0.346379 -0.345110 0.611013 -0.214560 0.027540 0.120107 -0.160318 0.004721 0.459549 0.464710 0.241681 -0.168327 -0.438844 0.066551 0.156318 -0.051165 0.554427 -0.594364 -0.315960 0.129492 -0.125595 0.091772 -0.140110 -0.267246 0.170545 -0.053303 -0.019327 0.705308 0.293000 0.317863 -0.277847 0.112566 -0.420221 -0.478977 0.299940 0.340595 -0.233074 -0.411812 -0.340028 -0.017663 0.425088 -0.242471 -0.154443 0.033637 -0.093714 -0.210659 0.184473 0.241674 0.703151 0.137800 -0.302755 -0.362931 -0.449884 -0.188089 0.185665 0.148063 -0.100998 -0.324277 0.697053 -0.229664 0.100631 -0.294203 0.054381 -0.025559 0.160101 -0.283584 -0.495115 0.284102 0.209279 0.483278 -0.287760 -0.416879 0.334459 0.079627 -0.416502 -0.073825 0.045861 -0.354931 -0.131582 0.068325 0.111239 0.124000 0.006374 -0.377127 -0.349822 -0.575587 0.369318 -0.245638 0.770793 0.012112 0.454033 -0.183990 0.385941 -0.295057 0.066173 -0.314452 0.000837 -0.181506 0.441089 -0.235567 -0.273333 -0.113681 -0.113565 -0.304561 0.508398 0.679697 -0.499142 0.121512 -0.201210 -0.395119 0.354027 0.054336 -0.064188 -0.266648 -0.167574 0.191345 0.116847 0.178125 -0.303617 -0.532651 0.187240 0.534687 0.127168 0.858502 -0.273086 0.137693 -0.206492 0.113806 0.374665 0.111497 0.071257 0.111816 0.187724
tales 0.296324 0.139781 0.534766 0.278621 -0.034190 -0.030894 0.170480 0.668862 0.699279 -0.825765 0.111058 -0.230736 -0.167010 -0.136676 0.300098 -0.854990 0.131497 -0.234180 0.203959 -0.640844 0.169558 -0.156105 -0.246512 0.262943 -0.126432 -0.194782 0.402647 -0.202816 -0.545273 -0.059690 0.128025 0.205417 0.176149 0.645654 -0.145313 -0.158583 0.086661 0.467804 -0.176906 -0.313112 -0.109951 0.294012 0.336999 -0.146136 0.710299 0.149607 -0.141639 -0.399491 0.382937 0.423137 0.598826 -0.243560 -0.661532 -0.883784 0.183226 0.343211 0.383410 -0.604034 -0.063106 -0.447014 -0.239159 0.239488 -0.066806 -0.058522 -0.517636 -0.170660 0.192929 0.604360 -0.585613 0.712137 -0.025934 0.002802 0.721651 -0.133012 0.094296 0.249665 0.583911 0.271218 -0.457915 -0.585634 -0.041834 -0.391128 -0.344301 0.544489 -0.405834 -0.190450 -0.541046 -0.174494 -0.379956 -0.107558 -0.203835 0.139818 -0.302120 -0.069931 0.674450 -0.057881 0.185241 -0.214678 -0.258350 -0.332473 -0.233768 0.223053 0.293454 0.123107 -0.378137 -0.562055 0.309147 0.636439 -0.281905 -0.108581 -0.593497 -0.014807 -0.210269 -0.061302 0.229935 0.448403 0.088384 0.090324 -0.081706 -0.432595 0.076120 0.047488 0.598952 -0.114131 0.290298 0.504796 -0.162475 0.161927 -0.108259 -0.068978 0.027146 0.231706 0.273384 -0.264119 0.116437 0.249751 -0.206868 -0.480253 -0.449719 0.588307 0.055631 -0.491433 -0.012540 -0.069634 -0.196440 -0.376886 0.089363 0.401292 0.255817 0.256448 0.003061 -0.542605 0.150807 0.053395 -0.230279 1.045073 0.395968 0.475065 0.030531 -0.169795 -0.664192 -0.026283 -0.408747 -0.210949 0.439474 0.253034 -0.130863 -0.240459 -0.344338 -0.385848 0.168364 0.511320 0.384018 -0.461867 0.012778 0.021660 -0.516142 0.558064 0.368152 -0.196156 -0.129243 0.315895 0.587263 0.043165 -0.242097 -0.036992 -0.489997 0.026217 1.210646 0.457239 0.184948 -0.169901 -0.030255 -0.046375 -0.196995 0.548858 0.252365 0.272314 0.133287 0.476919
tantalizing 0.366352 0.191777 0.303397 0.037171 0.415076 -0.184259 -0.027694 0.284967 0.260024 -0.181334 -0.377080 -0.002251 -0.054921 0.142801 0.118294 -0.198643 0.086650 -0.102957 0.524660 -0.392640 0.290387 -0.136399 -0.037527 0.021509 -0.150386 -0.136275 0.127737 -0.259041 -0.292924 -0.194827 0.075452 -0.177622 0.072347 0.105098 0.068363 0.166677 0.141511 -0.005397 -0.115658 -0.291905 -0.274286 0.039042 0.082394 0.177286 0.444909 0.117268 -0.139781 -0.210576 0.395171 0.432595 0.108025 -0.285233 -0.333178 -0.408917 -0.095554 -0.017347 0.115980 -0.267811 -0.180168 -0.111207 0.061025 0.251864 -0.185452 0.128941 -0.097529 0.335542 -0.001533 0.875489 -0.443621 0.181203 -0.133448 -0.117998 0.495334 -0.044962 0.005479 0.413790 0.251011 -0.055074 -0.385979 -0.450360 -0.064053 -0.031699 -0.150719 0.169370 -0.126871 -0.049383 -0.047682 0.264039 0.256596 -0.309351 -0.016353 0.231114 0.270930 0.433145 0.491808 0.405360 0.129742 -0.112711 -0.100110 -0.109660 -0.559944 0.468729 0.171286 0.069000 -0.272246 -0.331635 0.291224 0.280556 -0.024846 -0.297311 -0.101440 -0.318622 -0.193381 -0.062483 0.053784 0.080432 0.009046 -0.280099 0.203603 -0.086865 -0.038467 0.471890 0.344007 0.011619 -0.037625 0.312564 -0.145788 -0.053852 -0.277486 0.144552 0.057033 0.098392 0.011632 0.397299 0.128955 0.373132 0.061321 -0.156765 -0.204225 0.002207 0.204248 -0.112984 -0.094080 -0.263812 -0.447780 0.236989 -0.126639 0.106457 0.189145 -0.154002 -0.260464 -0.424922 -0.251376 0.174232 -0.159387 0.358660 0.155539 0.258799 0.136180 0.368030 0.031000 0.223193 -0.046702 -0.180546 -0.113127 -0.001295 -0.019969 -0.066300 -0.261206 0.158385 -0.553214 0.409006 0.131523 -0.472254 0.083395 0.015850 -0.511634 0.144495 -0.093581 0.243790 -0.098890 -0.124651 -0.092774 -0.066118 0.146850 0.119855 -0.238396 -0.205868 0.373117 -0.076574 0.059586 -0.326565 0.127865 -0.267474 -0.370337 -0.188866 0.194495 -0.240376 0.166743 -0.070984
team 0.044645 -0.034398 0.327676 0.238439 0.139402 -0.328518 0.396079 0.488666 -0.260363 -0.054322 -0.352705 -0.044150 -0.423890 -0.066564 0.066735 -0.515803 -0.127354 0.469188 -0.050167 -0.620776 0.092045 -0.281747 -0.035069 -0.063606 -0.051932 -0.192200 0.319244 -0.336815 -0.275985 -0.372867 0.300555 -0.241290 0.185684 -0.063823 0.114055 -0.027404 0.295054 -0.034871 -0.541283 0.130327 -0.138282 0.299283 0.168205 -0.065191 0.235642 0.290595 0.231020 0.146420 0.176021 0.084023 0.370826 0.183901 -0.780283 -0.457965 0.314956 0.174064 -0.202712 -0.087629 0.020681 -0.329086 0.036240 -0.304262 0.165476 0.184058 -0.407675 0.270252 -0.213996 0.096822 -0.249336 0.425674 0.069188 -0.121694 0.046062 -0.208713 0.055270 0.077333 0.421400 -0.308386 -0.031168 -0.269903 -0.062747 0.093538 -0.164237 0.456610 -0.049347 0.102326 0.243393 -0.109704 0.408591 -0.187497 0.139780 -0.113727 0.109978 0.233707 0.476576 -0.156701 0.256254 0.000190 -0.033944 -0.283876 -0.593584 0.704684 0.293775 -0.330469 -0.289952 -0.295260 0.154933 0.042814 -0.439743 -0.199866 0.076012 -0.262486 -0.690457 -0.076661 0.207848 0.020255 0.123903 -0.171354 0.333959 -0.572680 -0.143809 0.461210 0.067831 -0.327787 0.331725 0.085399 -0.133736 0.003288 -0.112106 -0.131431 0.058174 -0.028266 -0.305334 -0.560445 0.276473 0.250971 0.138133 -0.067428 0.096312 -0.007539 0.072612 -0.485101 0.084031 0.239580 -0.323711 -0.314083 -0.046343 0.375785 0.107471 -0.231037 0.182637 -0.178868 -0.247203 0.289599 -0.542726 0.442161 0.090774 0.119138 0.023296 0.299007 0.312702 -0.262596 -0.074602 -0.141110 0.068018 0.085158 0.199510 -0.891483 0.198212 0.342167 -0.671994 -0.082590 0.129586 -0.294228 0.183265 -0.215573 -0.350691 0.082144 0.001073 0.254079 -0.351660 0.234182 -0.298376 -0.055844 -0.040409 0.562542 -0.042737 0.262544 0.216323 -0.285423 0.268454 0.021426 -0.062140 -0.413929 -0.245128 0.254858 -0.169656 0.003920 -0.263214 -0.132335
tella 0.091690 -0.294302 0.265343 0.156543 0.169499 0.062611 0.091977 0.300460 -0.020532 -0.122001 0.062888 -0.063272 -0.038258 0.150422 0.056209 -0.384332 0.097729 -0.074539 0.461894 -0.719016 0.347329 -0.289697 0.149708 0.007380 -0.148488 -0.011186 0.269679 -0.209207 -0.722799 -0.043706 0.207201 -0.071671 0.171324 0.113307 0.321927 0.093821 -0.003007 0.113834 -0.171584 -0.340780 -0.173218 -0.153965 0.115226 0.169437 0.337139 0.054400 -0.193316 -0.051664 0.016535 0.429560 0.258593 -0.100445 -0.256145 -0.303797 0.190050 0.055085 0.135814 -0.144886 -0.228661 0.055747 -0.379276 0.125879 -0.212518 -0.225848 -0.394670 0.217366 -0.088161 0.079809 -0.239279 0.531747 -0.143708 0.022399 0.039161 -0.064203 0.121172 -0.084226 0.432190 -0.004960 -0.124569 -0.263162 -0.009568 -0.037929 -0.197138 0.051857 -0.620854 -0.145753 0.249676 0.063652 0.028565 0.212167 -0.282027 0.020042 0.025993 0.057950 0.272267 0.102127 0.202127 -0.120897 -0.143819 -0.216977 -0.351453 0.353040 -0.092190 -0.137018 -0.406303 -0.553879 0.203951 0.098538 -0.333969 -0.227218 -0.295905 -0.072209 -0.189320 -0.115528 -0.000748 0.099510 0.064348 -0.167294 -0.089060 -0.287773 -0.291636 0.224658 0.310149 -0.377994 0.087301 0.324079 -0.422963 -0.174370 -0.247213 -0.093996 0.097524 0.054379 -0.088015 -0.365235 0.184015 0.219214 0.213279 0.017660 -0.290055 -0.173102 0.228341 -0.236686 -0.166859 -0.222569 -0.273962 -0.115137 -0.092447 0.021543 -0.112070 -0.046237 0.105107 -0.233945 -0.140575 0.439606 -0.201728 0.534866 0.249869 0.300049 -0.106675 0.296010 -0.032772 0.225539 0.116384 -0.084166 0.127682 0.030410 0.254580 -0.380529 0.135401 0.136879 -0.229536 0.314278 0.177804 -0.130791 0.108565 -0.124117 -0.231178 0.100864 -0.059030 -0.001521 -0.000243 0.064269 0.134412 -0.207959 0.158533 0.068444 -0.050222 0.052889 0.393618 0.222391 0.252954 0.086975 -0.137824 -0.357116 -0.184214 0.184018 0.084596 0.053211 -0.063639 0.207443
terminus 0.763815 0.149326 -0.004353 0.158378 -0.191944 -0.055947 -0.345937 0.008325 0.037461 -0.895874 -0.882553 -0.324650 -0.433877 0.159163 -0.106688 -0.782865 -0.305384 -0.608746 0.841972 -0.913446 0.198762 -0.032377 -0.141263 0.048738 -0.393089 -0.378961 0.593641 0.546103 -1.034288 0.177980 0.684851 0.287920 0.255071 -0.197839 0.307905 0.229821 0.926740 -0.045686 -0.372495 -0.293180 -0.013792 -0.304392 -0.664155 0.070541 -0.117547 -0.160975 -0.487507 0.170733 0.706273 0.250155 0.015773 0.085562 -0.488213 -0.008373 -0.021585 -0.914828 0.466788 -0.581798 -0.532253 0.034317 0.307912 0.966280 -0.235686 0.464572 -0.512457 0.304333 -0.157769 0.109641 0.191966 0.412489 -0.097231 -0.641150 0.388193 0.455350 0.157008 0.918868 -0.242302 -0.185125 0.043841 -0.058351 -0.404396 -0.070208 -0.380844 0.936375 0.442106 0.947185 0.412394 -0.066606 0.400967 -0.167934 -0.110047 0.980331 0.751212 0.476173 0.620446 0.207573 0.003969 -0.010496 -0.733198 -0.127567 0.010733 0.469030 0.110991 -0.281180 -0.267846 -0.400886 0.224953 -0.047075 -0.724224 -0.191835 -0.337070 -0.935129 -0.330867 0.226176 0.383835 0.105337 0.479541 -0.509312 0.563895 -0.127117 -0.015912 0.645998 0.752418 -0.074475 0.834084 0.381109 -0.246327 -0.197752 -0.075883 0.064606 -0.120939 0.106407 0.458560 -0.191254 0.609601 0.245935 0.263749 -0.974284 0.371370 -0.484297 0.963796 -0.766269 -0.130759 -0.537585 -0.366457 -0.422253 -0.639647 0.172323 -0.686816 -0.481007 -0.270654 -0.211555 -0.727506 0.370422 0.121667 1.157993 0.139172 -0.024470 -0.574822 -0.533115 1.237217 -0.234809 -0.157491 0.576449 0.120681 0.124147 0.432854 -0.276809 0.876066 -0.005334 -0.609476 -0.245104 0.625377 -0.381928 -0.442110 0.412714 0.162639 0.073839 0.177047 0.599107 0.373518 0.023153 -0.633035 0.195695 0.542398 0.108296 -0.596023 -0.286835 0.344410 0.117839 -0.325806 -0.568497 -0.298398 -0.067345 -0.492322 0.057218 0.454233 -0.804568 0.079470 0.236370
thessalonians 0.395935 -0.192951 0.182711 0.104128 0.299387 0.024067 0.142623 0.302366 -0.058372 0.186910 -0.018414 -0.119298 0.161313 -0.059042 0.126178 -0.271538 -0.104637 0.042348 0.343040 -0.322906 0.327971 -0.135562 -0.116026 -0.186457 -0.002180 -0.083899 0.167123 0.097287 -0.324082 0.090630 0.192303 0.157114 -0.144669 -0.028991 0.044148 0.064299 0.311104 0.039300 -0.391998 0.037663 -0.116094 -0.025002 0.080252 0.111423 0.179679 -0.083722 -0.534407 -0.151378 0.003899 0.395065 -0.119843 -0.166066 -0.376651 -0.344379 -0.012853 -0.307338 0.380292 0.054305 -0.110632 -0.012505 -0.189984 0.119679 0.087095 -0.118326 -0.650543 0.238903 0.061899 0.899634 -0.586127 0.510288 -0.285416 0.066166 0.284631 -0.492440 -0.315985 0.406011 0.363114 -0.400750 -0.643620 -0.514289 0.344702 -0.183672 -0.176069 0.273500 -0.494774 -0.129854 -0.351654 0.408590 0.025139 -0.415400 0.070622 0.355443 0.051411 0.072297 0.383936 0.779278 -0.007742 -0.189825 -0.042591 -0.384949 -0.316486 0.442686 0.327879 -0.182644 -0.040917 -0.386366 0.397932 0.604158 -0.284320 -0.190509 -0.033338 -0.170366 0.271955 0.106256 -0.035027 -0.331410 0.224454 -0.215648 -0.285806 -0.102978 0.036225 0.606572 0.109161 -0.563088 0.301266 0.337176 -0.179197 -0.094094 0.044606 0.301050 0.220749 -0.182399 0.192019 -0.225814 0.032011 0.290121 -0.146496 -0.382738 -0.055757 -0.199581 0.131157 -0.285150 -0.125914 -0.375870 -0.494969 -0.212182 0.036964 0.041248 0.076864 0.111362 0.107350 -0.261703 -0.322454 0.330662 0.079261 0.490946 0.353810 0.387691 0.116057 0.055954 0.091318 0.400350 0.087862 -0.348300 0.067773 -0.103434 -0.294334 -0.163454 -0.115297 -0.141977 -0.130148 0.440716 -0.117105 -0.322227 0.191279 0.034742 -0.290812 0.178339 -0.207036 0.032136 -0.060026 -0.117494 -0.149308 -0.078411 0.472682 0.331907 0.175638 -0.170558 0.147578 0.201640 0.502977 0.070390 -0.127154 -0.522602 0.223697 -0.032313 -0.209052 0.098605 -0.237604 0.362038
traffic 0.785824 0.512423 0.204418 0.280999 -0.354042 0.159106 0.340757 -0.172012 -0.138338 -0.242156 -1.167868 -0.169787 -0.432615 0.074484 0.330604 -0.232583 -0.051223 -0.212051 0.266322 -0.466616 0.116619 -0.816580 0.263612 0.121584 -0.967248 -0.341662 0.064317 -0.429918 -0.311865 -0.493261 0.142605 0.614766 0.437446 -0.152626 0.180386 -0.158392 0.458441 0.066533 0.183397 -0.066670 -0.482282 -0.016113 -0.081480 0.194422 0.663081 -0.193615 0.137115 0.025314 0.840270 0.281311 0.295141 0.640548 -0.983329 -0.075398 0.129637 -0.136765 -0.359164 -0.344777 0.215783 -0.796928 0.067915 1.355436 0.006013 -0.035721 0.005667 -0.116323 -0.183647 0.394280 0.141420 0.431157 0.447684 -0.631178 0.704634 0.456334 -0.217863 0.287028 -0.142291 -0.033317 -0.201807 0.334964 -0.281860 -0.372618 -0.013284 0.656823 0.466020 0.093431 0.548657 0.939644 0.352929 -0.272618 0.286270 0.445122 0.736421 0.592670 0.404339 0.322223 -0.332220 -0.142451 0.109055 -0.598935 -0.406085 1.290409 0.245135 -0.380932 -0.032089 -0.533675 0.091351 -0.206253 -0.371428 -0.133037 -0.205784 -0.285161 -0.150316 0.079642 -0.293507 0.459314 0.919693 0.085595 0.560022 -0.948928 -0.025061 0.421566 0.422344 -0.227121 0.655552 0.487572 -0.075771 0.054964 0.151454 -0.303679 -0.813522 0.097001 0.636747 0.269420 0.608388 -0.555296 0.066672 -0.715168 -0.211216 -0.494596 -0.028753 -0.292506 -0.181355 0.026125 -0.906826 -0.004504 0.392746 0.734542 -0.424364 0.289023 -0.810294 -0.109786 -0.773191 -0.296689 -0.117178 0.438989 0.282417 0.093409 -0.701517 0.142272 0.800267 -0.399808 0.049681 0.373305 -0.149255 0.299103 0.236220 -0.187746 0.838988 -0.348503 -0.729460 -0.061857 0.168274 -0.103550 -0.535248 0.438818 -0.272380 0.542851 -0.639029 0.835595 -0.039120 0.386480 -0.517962 0.160234 0.473497 0.710961 0.004549 -0.311632 0.900541 -0.557257 0.276895 -0.931188 0.048725 0.368658 -0.323954 0.197769 0.263884 0.262951 -0.110854 -0.502229
traffics 0.549660 0.473977 0.392802 -0.058124 -0.190549 0.115744 0.273128 -0.210122 0.050254 -0.271065 -1.274988 -0.541666 -0.353881 -0.033837 -0.062324 -0.327651 -0.138045 -0.100437 0.116245 -0.352440 0.482528 -0.533525 0.273599 0.207110 -0.582618 -0.320928 0.121263 -0.376674 -0.521903 -0.138471 0.092791 0.367702 0.056075 0.152297 0.157088 -0.083510 0.551760 0.046937 0.143508 -0.508119 -0.518053 0.051039 0.381775 0.073032 0.458941 0.153739 0.228322 -0.043525 0.548888 0.067912 0.387540 0.135416 -0.762612 0.048834 0.211502 -0.284993 -0.341534 -0.309726 -0.242562 -0.494942 0.160674 0.540020 0.190338 -0.211234 -0.291098 -0.145146 -0.033405 0.546734 0.053099 0.358036 0.146306 -0.342791 0.501450 -0.078294 0.164777 0.734787 0.134733 -0.238344 0.138324 0.039983 -0.481638 -0.210177 -0.285796 0.510401 0.233202 -0.058397 0.061025 0.563349 0.438133 0.185079 0.016889 0.375680 0.410985 0.801517 0.626573 0.182677 -0.082540 0.030289 -0.402641 -0.784394 -0.126810 1.498788 0.103101 -0.698713 -0.607407 -0.763680 0.572472 -0.126229 -0.100851 -0.102823 -0.402907 -0.574569 -0.514958 0.032613 0.055809 0.325920 0.477950 0.309808 0.102123 -0.412527 0.352442 0.770036 0.223611 0.210757 0.900277 0.706138 -0.318742 0.017152 -0.020661 0.066298 -1.022045 0.357793 0.183093 0.215830 0.192106 0.028229 -0.322326 -0.361269 0.203758 -0.286940 0.201132 -0.266977 -0.140420 0.222935 -0.874723 0.057463 0.068620 0.386474 0.045266 0.065515 -0.356544 -0.044094 -0.583026 -0.222686 -0.182345 0.983814 0.064200 0.515107 -0.457087 0.096685 0.360367 0.156765 0.106457 0.339671 -0.315915 0.095809 -0.127192 -0.122919 0.840556 0.012204 -0.459325 -0.159650 0.296652 -0.344392 -0.145543 0.555578 -0.420569 0.187964 -0.253538 0.037902 0.159180 0.132571 0.050545 -0.414658 0.458542 0.558893 -0.085075 0.001743 0.552685 -0.336197 0.680245 -0.579661 -0.161784 0.043935 -0.303392 0.537248 0.434588 -0.218017 -0.274512 -0.023467
tragedians 0.794868 0.341050 0.417270 0.187722 0.572499 0.075816 -0.067163 0.282754 0.373153 -0.112720 -0.346453 -0.120757 -0.294948 -0.121951 -0.142277 -0.493935 -0.206726 0.055747 0.734834 -0.414079 0.140203 0.188102 -0.179940 -0.339423 -0.090350 -0.153934 0.320236 -0.381065 -0.449889 -0.175196 0.231006 -0.184952 0.057255 0.325597 0.166847 0.033991 0.373711 -0.080783 -0.177580 -0.315092 -0.035536 -0.403191 0.468763 -0.167876 0.423267 0.533626 0.130213 -0.282945 0.282466 0.305072 -0.147067 -0.528364 -0.370416 -0.230060 0.093272 0.035141 0.334165 -0.504792 -0.138615 -0.342688 -0.179649 0.446336 0.021771 0.033215 -0.474544 0.258080 -0.016891 0.763945 -0.060287 0.352111 -0.304774 0.039492 0.388474 -0.285794 -0.240741 0.281574 0.535509 -0.208695 -0.311434 -0.454414 -0.024775 -0.302361 -0.158730 0.238937 -0.244909 -0.133970 -0.253623 0.296623 -0.004248 -0.151255 -0.244310 0.330077 0.055050 0.325659 0.629244 0.582952 0.299982 -0.426423 0.154789 -0.606975 -0.390954 0.640744 0.185248 -0.121228 0.236471 -0.747901 0.109203 0.526060 -0.049434 0.022241 -0.093163 -0.347382 0.114988 0.189810 0.100372 -0.145512 0.104656 -0.235624 -0.256284 -0.018384 -0.178344 0.150933 0.631263 -0.537896 0.325342 0.072196 0.022255 0.309522 -0.296484 0.044043 -0.263905 -0.189596 0.118702 0.313607 -0.003334 0.615493 -0.198806 -0.200592 -0.052086 -0.036789 0.260467 -0.629454 -0.242423 -0.628750 -0.028958 0.244846 -0.400976 0.157908 0.219759 0.065000 0.048288 -0.317820 -0.357033 -0.144133 -0.094615 0.598105 -0.096116 0.331052 -0.262328 0.030388 0.285775 0.193734 -0.289259 -0.345885 0.287787 -0.058325 -0.161025 -0.131118 0.172949 0.046328 -0.472747 0.333905 0.140018 -0.414355 0.053919 -0.146391 -0.419327 0.057708 -0.128010 -0.013381 -0.297405 -0.246642 0.230847 -0.090909 0.141602 0.323107 -0.184375 -0.063479 0.550464 0.052417 -0.031223 -0.157528 -0.031387 -0.374719 -0.019236 0.404197 0.367474 -0.251924 -0.130433 0.364917
tramway 0.326114 0.108054 0.405415 0.148829 0.277436 -0.369526 -0.100154 -0.034968 0.327141 -0.348260 -1.153971 -0.157497 -0.609084 0.173581 0.078265 -0.578015 0.292097 -0.149330 0.036558 -0.617340 0.035091 -0.814603 0.239997 -0.163110 -0.611098 -0.191190 0.131430 -0.038468 -0.653727 -0.435630 0.513998 -0.100505 0.265300 -0.357466 0.562029 -0.266682 0.365022 0.269281 -0.826962 -0.679180 -0.402986 -0.186266 0.351066 0.550566 0.488822 -0.102837 -0.058242 0.060910 -0.041585 0.474079 0.288698 -0.154172 -0.792507 -0.736959 0.179736 -0.234946 0.129432 -0.364927 -0.033226 -0.197960 0.293711 0.601764 -0.128580 0.041065 -0.420869 -0.196251 0.056861 0.443156 0.516700 0.376377 0.288587 -0.173297 0.297806 0.316824 0.479889 0.502589 0.584062 0.228297 -0.304419 -0.463725 0.085305 -0.496154 -0.041549 0.545459 0.563346 0.155465 0.273484 -0.156951 0.453316 -0.301517 0.251907 0.011055 0.739236 0.411590 0.392973 0.279876 0.248302 0.508176 0.063697 -0.177157 -0.280404 0.739617 -0.171938 -0.220946 -0.415690 -0.052762 0.353536 -0.569195 -0.662814 -0.388819 -0.715698 -0.180373 -0.276253 0.143629 0.282082 0.412673 0.273685 -0.068728 0.161960 -0.481431 -0.239498 0.759195 0.540100 -0.112912 0.504867 -0.027806 -0.069806 -0.276557 -0.205417 -0.709787 -0.222212 -0.380094 0.302827 -0.073618 0.538478 0.570312 0.374098 -0.492138 0.344822 -0.521175 0.304795 -0.232909 -0.251475 -0.064442 -0.655486 -0.764363 -0.217350 0.356740 -0.160433 -0.080996 -0.102405 0.116152 -0.325399 0.272350 -0.365989 1.241185 0.073703 -0.279084 -0.278233 -0.026002 0.665445 -0.121840 -0.027173 -0.083695 0.221751 0.061646 -0.396274 0.024247 0.249667 -0.089039 -0.900234 -0.335548 0.337239 -0.100036 0.300974 -0.048514 0.020228 -0.310943 -0.389958 0.933016 0.252771 -0.172690 -0.206492 0.367921 0.485443 0.480255 -0.738748 -0.224392 0.515644 -0.340562 0.435494 -0.017164 -0.472271 0.136665 -0.432774 0.543604 0.372142 -0.095144 0.037471 0.137318
travesty 0.470714 0.107830 0.143020 0.255421 0.416139 -0.049680 -0.226908 0.288122 0.301350 -0.105535 -0.248951 -0.239474 -0.071245 -0.011913 -0.051695 -0.381870 0.051625 -0.099257 0.367754 -0.662689 0.163006 -0.200473 -0.479268 -0.076911 -0.400009 -0.216838 0.048877 -0.211866 -0.584353 -0.105269 -0.063513 -0.239784 -0.309462 0.251261 0.021987 -0.099350 0.115009 -0.109255 -0.192400 -0.225877 -0.350370 -0.022983 0.269458 0.150496 0.542254 0.001230 -0.115886 -0.039330 0.443143 0.292263 0.005321 -0.261480 -0.365799 -0.616427 0.054528 0.001222 -0.059370 -0.318117 -0.188022 -0.158790 -0.017583 0.260181 0.035716 -0.038714 -0.315350 0.012005 -0.182562 0.619905 -0.293564 0.156958 -0.206030 -0.174340 0.341573 -0.242824 0.001169 0.298479 0.178300 -0.070977 -0.306273 -0.305383 0.065076 -0.056168 -0.163875 0.410168 -0.095704 -0.180559 -0.249749 0.416716 -0.143073 -0.082557 0.212320 0.201159 0.006623 0.412695 0.198772 0.370865 0.153742 -0.168752 -0.137161 -0.394243 -0.424230 0.443062 -0.037433 0.118086 -0.157402 -0.209006 0.212424 0.203807 -0.185793 0.152678 -0.099583 -0.218513 0.043526 0.077194 0.062716 -0.174325 -0.278247 -0.241489 -0.158966 0.052497 -0.208082 0.550465 0.490647 -0.185061 0.111692 0.427432 0.040966 0.107130 -0.187493 0.179963 -0.217155 0.035063 0.112564 0.272366 -0.165258 0.310387 0.111536 -0.363038 -0.215354 -0.026084 0.334990 -0.138074 -0.429583 -0.175567 -0.133915 0.266014 -0.144625 -0.066035 -0.070921 -0.091159 0.032230 -0.367887 -0.196703 0.167001 -0.154700 0.385600 0.037286 0.193679 -0.088580 0.255711 0.219098 0.187687 -0.069060 -0.451247 -0.053090 -0.210796 0.045673 -0.205211 -0.239574 -0.009918 -0.345055 0.456505 0.022916 -0.407559 -0.048282 0.083927 -0.244956 0.066837 -0.091185 0.095497 -0.350805 -0.288560 -0.082756 -0.094908 -0.081713 0.103070 -0.263322 -0.015485 0.162479 -0.112663 -0.048581 -0.215471 -0.047941 -0.380395 -0.204466 -0.223354 0.073807 -0.247159 0.155954 -0.019076
tug -0.095814 -0.266033 -0.012577 0.069928 0.309153 -0.143207 0.453172 -0.020660 0.229782 -0.282848 0.187834 0.118464 -0.550803 -0.031023 0.071858 -0.551952 -0.413078 0.083370 -0.399439 -0.654439 -0.251873 -0.486989 -0.071495 0.507109 -0.309136 0.181856 -0.052597 0.159731 -0.240490 -0.283333 0.157920 -0.048889 -0.228211 0.234176 -0.073524 0.027434 0.415164 0.075797 0.200401 -0.507700 -0.198990 0.011973 0.263199 0.155297 0.434866 0.246646 -0.617846 0.296083 0.157526 0.224427 0.540931 -0.294606 -0.094035 -0.645032 0.226413 0.417222 0.316542 0.008056 -0.060819 0.110924 0.408027 -0.006621 -0.234941 0.782349 -0.869831 0.019171 0.254615 0.340771 -0.387451 0.551509 -0.107848 -0.251955 -0.219364 -0.322648 -0.044637 0.188968 0.076593 -0.044602 -0.097302 0.024368 -0.453800 0.349456 -0.176165 0.228684 -0.347796 0.254563 0.211029 0.390928 0.275791 -0.234279 -0.039271 -0.256842 0.264319 0.173486 0.530514 0.484097 0.251557 0.125924 0.096497 -0.251149 -0.383444 0.401944 0.439429 -0.389232 -1.139666 -0.780160 -0.160765 0.382285 -0.706518 -0.383879 -0.143400 -0.000022 -0.477366 -0.218949 0.132574 0.391422 0.692330 -0.075005 0.541134 -0.369154 -0.428586 0.088428 0.497083 0.043898 0.303576 -0.301538 -0.531613 0.121982 -0.368085 0.045516 0.413379 0.099749 -0.243118 -0.723683 0.265998 0.362998 0.303802 0.040034 0.157816 -0.283736 0.295605 0.026852 0.047888 -0.360889 -0.007130 0.305924 -0.103176 0.668126 -0.323276 -0.246968 -0.142339 -0.600016 -0.208057 0.405653 -0.415420 0.449872 0.146161 0.092485 0.296647 0.322913 0.117866 -0.290921 -0.178472 0.010532 0.061671 0.095298 0.245708 -0.527823 0.021418 0.357542 -0.252267 -0.196718 0.225847 -0.331337 0.341099 -0.229544 -0.217365 -0.016043 0.133562 -0.152504 -0.121595 -0.098920 0.189549 0.239793 0.267149 0.126896 0.071902 -0.125872 0.235280 -0.334638 0.341570 0.417823 0.100383 0.195830 -0.342101 0.057318 0.136774 0.120792 -0.291395 -0.286755
tugs -0.001148 -0.305342 0.232171 0.197330 0.331210 0.033426 0.466368 -0.014883 -0.035510 -0.852495 -0.509076 0.134751 -0.562917 0.272436 0.380826 -0.459672 -0.479538 0.399783 -0.347085 -0.967571 0.149890 -0.305668 -0.140983 0.353887 -0.621246 -0.136367 0.352634 0.100376 -0.212298 -0.247651 -0.075065 -0.534544 0.250284 -0.098859 0.226633 0.228803 0.764001 -0.002019 0.077220 -0.307382 -0.481607 0.106613 0.629248 -0.028199 0.433482 -0.009523 -0.204445 0.636618 0.502330 0.725232 0.460741 -0.274517 -0.765426 -0.424280 0.256975 0.457512 0.329372 -0.213586 0.289504 0.006394 0.207868 0.000024 -0.539457 1.065487 -0.817122 -0.058673 0.639905 0.389583 -0.269633 0.550018 -0.133433 -0.114415 0.084889 -0.341118 0.157316 0.229656 -0.071777 -0.250954 -0.630154 -0.067010 -0.554819 0.242934 -0.796566 0.554365 0.225068 0.030154 -0.280539 0.123063 0.042879 -0.362686 -0.339042 0.051204 0.406274 0.398219 0.729473 0.577196 0.228539 -0.105818 0.419181 -0.069871 -0.381529 0.612845 0.110542 -0.402448 -0.765906 -0.447626 0.276588 -0.201750 -0.532168 -0.452925 0.077059 -0.778168 -1.009685 -0.351066 0.071878 0.137322 0.334998 -0.148182 0.425758 -0.264858 -0.274996 0.488769 0.307202 -0.369471 0.347037 -0.198242 -0.149935 -0.432476 0.320727 -0.295247 0.362536 -0.048041 -0.079460 -0.447512 0.499652 0.785543 0.153545 -0.516834 -0.025930 -0.660976 0.290228 0.147384 -0.230323 -0.302085 -0.101845 0.212520 -0.734011 0.805974 -0.374741 -0.172782 -0.285603 -0.961166 0.373407 0.462454 -0.405353 0.498448 0.050268 0.296512 -0.035160 0.160059 0.599768 -0.426322 -0.531885 -0.023798 0.006340 -0.223089 0.083220 -0.649079 0.368916 0.315700 -0.683708 -0.145803 0.474274 -0.338238 0.542409 0.140107 -0.271286 0.120559 0.319214 -0.258073 -0.026610 0.155832 -0.070805 0.277675 0.099791 0.729585 -0.053108 -0.235234 0.068157 -0.224093 0.537187 0.342490 0.132896 0.291151 -0.527233 0.400006 0.526648 0.013108 0.150753 -0.522240
valentina 0.530467 -0.108064 0.223902 -0.002561 0.344351 -0.234232 -0.014999 0.314791 -0.126404 0.071226 -0.090082 -0.102121 -0.048775 0.212247 0.431739 -0.284595 0.048628 0.173054 0.642138 -0.307876 0.424457 -0.286675 0.033613 0.008037 0.141786 -0.169166 0.328112 0.018091 -0.263188 -0.341621 0.121539 0.011798 0.220814 0.391938 0.277112 -0.177136 0.000662 -0.029215 -0.333346 -0.425517 0.011616 -0.173475 0.049397 0.198035 0.432349 0.174508 0.091620 -0.215494 -0.019049 0.381117 0.037074 -0.256421 0.035552 -0.283362 -0.021797 0.120512 0.447121 -0.549691 -0.168535 -0.081118 0.291652 0.239096 -0.036677 -0.013939 -0.629488 0.088278 0.053551 0.274790 -0.079049 0.316111 0.052102 0.207963 0.704210 0.153495 0.064915 0.284276 0.240460 -0.228672 -0.657320 -0.286920 -0.141696 -0.116425 -0.436049 0.122490 -0.320254 -0.237808 0.058748 0.210879 0.207609 0.059277 -0.206231 0.262840 -0.120315 0.066666 0.294707 0.515125 -0.200392 0.068905 -0.046931 -0.302596 -0.246990 0.246876 0.287216 -0.178253 0.018745 -0.788666 -0.007373 0.002027 -0.296045 -0.548472 0.000541 -0.447691 -0.067959 0.235404 0.228062 -0.144655 0.035763 -0.281911 -0.162469 -0.379124 -0.356430 0.073216 0.251188 -0.536404 0.184617 0.234024 -0.066681 0.115366 -0.229962 -0.437739 0.319393 -0.193596 -0.131075 -0.054234 0.023190 0.197800 -0.046620 -0.057704 -0.277386 -0.416639 0.411295 -0.055009 -0.194735 -0.373104 -0.122758 -0.086832 -0.062748 0.175840 0.409667 0.186544 0.060379 -0.471309 -0.308958 0.081929 -0.321146 0.705639 -0.109673 0.165509 -0.182084 0.351431 0.039958 0.185540 -0.409139 -0.133600 0.330026 -0.169588 0.024381 -0.418914 0.095939 0.048736 -0.390216 0.117382 0.168434 0.050485 -0.157700 -0.388690 -0.134426 -0.116803 0.155664 0.301549 -0.194874 0.022247 0.175613 0.025369 0.041081 0.024684 -0.082102 0.171148 0.342535 0.140734 -0.047439 -0.290024 -0.061144 -0.171977 0.024071 -0.076758 0.158455 -0.400353 0.056919 0.025883
vapor -0.160187 -0.157625 0.054445 0.192671 0.051143 -0.230331 -0.043124 0.279603 -0.048706 0.068095 -0.059033 -0.186850 -0.277320 0.078547 0.027899 -0.251194 0.250650 0.066947 0.123220 -0.438766 0.002107 -0.250457 0.112904 -0.035020 -0.086227 -0.260444 0.417932 -0.211980 -0.371921 -0.153332 0.286205 0.258906 0.122016 0.011202 0.133256 0.084071 0.045340 0.164564 -0.207663 -0.512466 0.101563 -0.103588 0.010571 0.321929 0.294271 0.090830 0.039453 0.058908 -0.047947 0.338465 0.303829 -0.044668 -0.386035 -0.467640 0.299261 0.049390 0.164324 0.090977 -0.224997 0.109616 -0.247440 0.039941 0.072803 -0.080296 -0.385372 0.103364 0.104829 0.245450 -0.171883 0.275902 -0.074526 0.118826 0.151089 -0.073182 0.331292 0.045182 0.445306 -0.214730 -0.383968 -0.334321 -0.018067 0.142868 -0.231594 0.145776 -0.408859 -0.165748 0.230845 0.011423 0.132221 -0.278316 -0.332321 0.087162 -0.227044 -0.004129 0.309970 0.294664 0.238522 -0.007698 0.195484 -0.083848 -0.358423 0.433457 0.155655 -0.187955 -0.367078 -0.247592 0.096307 0.277876 -0.278996 0.092982 -0.216235 -0.403247 -0.159547 0.189611 -0.066888 0.008102 0.181747 -0.364797 0.031016 -0.525451 -0.293418 0.349607 0.015218 -0.310119 0.359828 0.143549 -0.291378 -0.013230 -0.108782 0.066121 0.313222 0.121584 0.110981 -0.213335 -0.203865 0.163725 -0.175590 -0.127577 -0.054165 -0.181665 0.141837 -0.146699 -0.343471 -0.247351 -0.139647 0.046212 0.045144 0.288988 0.225122 -0.013464 -0.052019 -0.221188 -0.024761 0.624989 -0.201793 0.677614 0.229822 0.012007 0.062357 0.440067 0.069280 0.032917 -0.015638 -0.022261 -0.073126 -0.055130 0.273721 -0.057076 0.062940 0.113231 -0.329258 0.141592 0.025031 -0.316950 0.085943 0.071392 -0.158216 0.101945 -0.033919 -0.173635 -0.097953 0.113273 0.178257 0.033175 -0.093530 0.357521 -0.157334 0.155325 0.088162 0.259356 0.161743 -0.187053 -0.197305 -0.270310 0.294567 0.017856 0.024982 -0.000299 -0.272036 0.175112
vecchio 0.407877 0.024959 0.073675 0.311274 0.349113 -0.067627 -0.094787 0.026543 0.023319 -0.338522 0.034617 0.028963 -0.271720 -0.080095 0.185731 -0.284505 -0.252041 0.193993 0.277680 -0.510391 0.489132 -0.024586 0.121987 0.019345 0.268104 -0.414496 0.285561 0.138286 -0.581551 -0.310484 0.192816 0.021277 -0.055690 0.066637 0.349006 -0.008139 -0.037623 0.045931 -0.396220 -0.034494 -0.155243 -0.079265 0.167938 0.093646 0.391998 0.028468 -0.327762 -0.074274 -0.070267 0.526441 -0.113111 -0.122846 -0.191720 -0.140256 0.030997 -0.114752 0.282273 -0.489813 0.203573 0.212985 0.020304 0.116109 -0.168900 0.229166 -0.342092 0.156481 0.345488 0.482434 -0.343910 0.395107 -0.128666 -0.082869 0.290749 0.054704 -0.201624 0.139789 0.103673 -0.137893 -0.440074 -0.377481 0.208311 -0.102664 -0.427859 0.280630 -0.026527 0.149425 -0.078421 0.548171 0.139294 -0.162767 0.157585 0.246331 0.172219 0.088376 0.617776 0.387608 0.133241 -0.042560 -0.102925 -0.132705 -0.220732 0.313144 0.011851 0.215017 -0.097079 -0.549442 0.143003 -0.173903 0.112173 -0.321625 -0.194126 -0.416280 -0.464663 0.304865 0.081145 -0.025032 -0.101201 -0.337814 -0.016471 0.122468 -0.593380 0.620853 0.375216 -0.272115 0.332294 0.143243 -0.047200 -0.108412 -0.248851 -0.409547 0.294484 0.000967 -0.397370 0.202781 -0.148827 0.117103 -0.166241 -0.203902 -0.521846 -0.273222 0.578066 -0.393665 -0.262042 -0.441879 -0.173026 0.005953 -0.141247 -0.107967 0.153759 0.161880 -0.078799 -0.700492 -0.303831 0.156244 -0.290792 0.301192 -0.344854 -0.052897 -0.038741 0.389900 0.110174 0.425910 -0.432802 -0.283227 0.248413 -0.252214 -0.065251 -0.389380 -0.249178 -0.178340 -0.449148 0.166408 0.177920 -0.404973 -0.229849 0.062682 -0.341290 -0.015308 0.210946 0.368188 -0.026834 0.038124 0.126523 0.109272 -0.239424 0.078078 -0.532136 0.255424 0.127828 0.181502 -0.142558 0.000649 -0.063242 -0.131577 -0.430069 0.217284 0.160880 -0.337380 0.001900 0.046756
verse 0.515903 0.127508 0.485574 -0.153220 0.361231 -0.195483 0.291332 0.344266 0.006285 0.223586 -0.182470 0.393098 -0.381349 0.119928 -0.028059 -0.529806 -0.169803 0.202505 0.504335 -0.063238 0.264862 -0.318911 -0.293568 -0.057405 -0.360794 0.063819 0.688326 -0.080646 -0.649770 -0.009805 0.098532 0.118158 -0.085532 0.361147 -0.138479 0.044915 0.774069 0.238823 -0.359745 -0.410323 -0.400718 -0.009510 0.095514 0.221389 0.302263 -0.184697 -0.747278 -0.207617 0.345672 0.370396 -0.011288 0.116653 -0.388025 0.166774 -0.199623 -0.159399 0.555389 -0.348311 -0.213184 -0.018705 -0.040970 0.297395 0.201054 -0.279231 -0.912606 0.336455 0.159922 1.172489 -0.484036 0.809896 -0.237711 -0.062212 0.571405 -0.514104 -0.323987 0.437202 0.693721 -0.353286 -0.597617 -0.589391 0.552323 -0.341351 -0.192170 0.798130 -0.828706 -0.367709 -0.570542 0.576860 -0.198343 -0.413273 -0.014547 0.341705 -0.416982 -0.042193 0.653259 1.286475 0.222875 -0.307778 0.006180 -0.827391 -0.753513 0.603122 0.086226 0.236667 0.602123 -0.641937 0.392027 0.604429 -0.525693 -0.218810 -0.187861 0.081607 0.058541 0.258138 -0.054718 0.061638 0.154273 0.112480 -0.222873 0.127802 -0.051893 0.751891 0.124258 -0.503716 0.877199 0.220930 -0.082117 0.077819 -0.509566 0.644396 0.256219 -0.562852 0.184067 -0.588396 -0.065308 0.289231 -0.338401 -0.674704 -0.517137 -0.015064 -0.015390 -0.488764 -0.132111 -0.185860 -0.480269 -0.018989 -0.305074 0.120701 0.517335 0.027770 -0.007045 -0.729502 -0.274325 0.515650 0.728136 0.885515 0.096235 0.511862 -0.172799 0.259786 0.219697 0.070972 0.488841 -0.301765 0.118696 0.577206 0.101943 -0.676613 -0.318109 -0.359890 -0.128638 0.084750 0.040607 -0.754067 0.302749 0.267419 -0.486528 0.096633 -0.085198 -0.062409 -0.029349 0.164914 -0.204478 0.107380 0.274497 0.630977 0.165759 0.097745 0.736253 0.249628 0.231633 0.029940 -0.147029 -0.408758 0.185342 -0.071279 0.042640 0.274418 -0.064483 0.283689
verses 0.645771 0.346814 0.396266 -0.251485 0.541072 0.045610 0.253517 0.382254 0.156911 0.319175 -0.043143 0.072827 -0.271117 0.205990 0.166269 -0.305559 -0.192055 0.018447 0.610812 -0.063304 0.069885 -0.079503 -0.178472 -0.634209 -0.458332 -0.284496 0.558603 -0.402616 -0.848742 0.226687 -0.077079 -0.089548 0.071831 -0.148685 -0.134356 0.320819 0.876160 0.528941 -0.421849 -0.168860 -0.091281 -0.219344 0.244570 -0.028833 0.715685 0.210318 -0.343715 -0.492361 0.270395 0.184933 -0.394738 -0.078110 -0.418725 -0.132273 -0.032267 -0.214955 0.700165 -0.004105 0.186157 0.001475 -0.150030 0.035984 0.291033 -0.039428 -1.125751 0.279000 0.375135 0.752659 -0.562901 0.769348 -0.262747 0.002209 0.667788 -0.501087 -0.121200 0.438316 0.655641 -0.440263 -0.942841 -0.561593 0.508548 -0.167972 -0.366482 0.543026 -0.465739 -0.277127 -0.549859 0.008989 -0.047261 -0.053272 0.209400 0.362292 -0.152199 -0.197612 0.835500 1.265847 -0.008922 -0.545384 -0.223308 -0.976841 -0.493660 0.858733 -0.078025 0.425637 0.357876 -1.005045 0.270799 0.437585 -0.345855 -0.281187 -0.092908 -0.137610 0.096029 0.215042 0.010751 0.167487 0.287240 -0.265923 0.110813 -0.181659 -0.145986 0.466992 0.408115 -0.582064 0.386710 0.236894 -0.060807 0.141627 -0.317984 0.304719 0.351017 -0.137606 -0.029480 -0.428149 -0.170049 0.100066 -0.412030 -0.294392 -0.365550 0.366585 0.306586 -0.573990 -0.100944 -0.193218 -0.715339 -0.031549 -0.264825 0.684433 0.818306 0.377268 0.066051 -0.361734 0.096580 0.469499 0.098530 0.926591 0.222619 0.607362 -0.257795 0.312338 0.091284 0.044875 0.310134 -0.331830 0.026141 0.153319 -0.421001 -0.466355 -0.086981 0.106701 -0.368851 0.442589 0.154793 -0.767666 0.424495 0.311217 -0.729175 0.091425 0.014772 0.348394 0.297289 0.291887 -0.182754 0.021467 0.034012 0.121991 -0.066700 0.101916 0.927092 0.219947 0.228937 0.021510 -0.244807 -0.334455 -0.132986 -0.250446 0.154382 0.204762 -0.161132 0.203638
version 0.847491 -0.009223 0.874709 0.279808 0.470245 -0.845889 -0.536389 0.093204 0.241744 -0.073743 0.214594 0.064788 -0.246629 -0.315760 0.415983 -0.297329 0.160625 0.136951 0.739160 -0.412585 -0.055357 -0.301697 -0.496130 -0.125461 -0.099975 0.027747 0.556556 -0.181960 -0.880384 -0.347703 -0.113177 0.496908 -0.193792 0.528353 -0.095329 -0.113973 0.564800 -0.405714 -0.471697 -0.286228 -0.280574 -0.380863 0.306330 0.397254 0.118484 0.226285 0.067130 -0.252232 0.431278 0.734687 -0.486744 -0.219736 -0.156990 -0.079664 -0.494451 0.056243 0.487274 -0.301138 -0.315044 -0.195909 0.242788 0.355812 0.121223 -0.244179 -0.696375 0.005333 0.113134 0.842961 -0.529507 0.201463 -0.035630 -0.056740 0.839179 -0.110752 -0.100368 0.582591 0.766805 0.281393 -0.462590 -0.585174 -0.058398 -0.357221 -0.486642 0.815593 -0.590017 -0.341853 -0.239856 -0.234048 0.170853 0.062456 -0.153909 0.661600 -0.192109 -0.210862 0.629494 0.712233 0.047230 -0.040269 -0.165006 -0.305453 -0.626876 0.776713 -0.410061 0.212477 0.164354 -1.154780 -0.028831 0.281879 -0.082708 -0.094376 0.010917 0.116396 -0.042657 -0.121042 0.213620 -0.202293 0.377962 -0.168671 -0.427946 -0.013821 -0.397292 0.802767 0.717791 -0.526213 0.241081 0.604822 -0.602804 -0.159405 -0.109358 0.583289 -0.150089 -0.271753 -0.010359 0.090775 -0.037242 0.804933 0.252473 -0.396012 -0.324877 -0.247988 0.176854 0.219528 -0.514244 -0.362658 0.166403 0.687435 -0.012514 0.380825 0.184928 -0.093951 -0.231424 -0.885773 -0.589205 0.421951 0.102976 1.017758 0.351553 0.164152 -0.283109 0.097852 0.068732 -0.391359 -0.079419 -0.551194 0.213831 0.139197 -0.578899 0.054068 0.141327 -0.306374 -0.676495 0.122072 0.209282 -0.602624 0.404022 -0.563387 0.250794 0.740791 -0.059547 0.673159 -0.341220 0.113902 0.165912 -0.147858 -0.037568 -0.156036 0.072843 0.221936 0.574741 0.203562 0.391413 -0.055403 -0.234949 -0.569337 -0.357441 0.128670 0.368899 -0.272322 0.008132 0.476509
versions 0.989087 0.196659 0.165284 0.299943 0.586278 -0.263463 -0.361743 0.078613 0.227082 -0.417535 -0.026754 -0.124396 -0.076262 -0.332308 0.253791 -0.659730 -0.362757 -0.117102 0.754319 -0.572563 0.474347 -0.252019 -0.265932 -0.309576 -0.288850 -0.232395 0.578043 -0.391323 -0.951506 -0.328812 0.006127 0.069459 0.159439 0.394403 -0.179069 -0.022229 0.771144 0.168447 -0.143068 -0.382535 -0.246815 -0.514486 0.145599 0.452124 -0.121938 0.095356 0.220769 -0.593833 0.426094 0.504540 -0.300506 -0.640144 -0.278826 -0.319050 -0.507775 -0.081300 0.812222 -0.448725 -0.087718 -0.235866 0.067559 0.643578 -0.159456 -0.069507 -0.539731 0.065044 0.155508 1.015501 -0.165741 0.030737 -0.543634 0.168469 1.406186 -0.499243 -0.054759 0.533475 0.489243 -0.241107 -0.241821 -0.609544 -0.075513 -0.072926 -0.253566 0.066109 -0.053953 -0.132667 -0.667094 -0.069481 0.489983 -0.234931 -0.430341 0.811212 -0.649033 -0.409690 0.447995 0.646446 0.079913 0.149708 0.105173 -0.508960 -0.598531 0.322788 -0.447980 -0.191504 -0.411821 -1.271878 -0.076723 0.239740 -0.249749 0.077693 -0.315903 -0.513790 -0.068207 -0.353788 -0.076863 -0.291736 -0.105595 0.494138 0.050654 0.042718 -0.255477 0.944038 0.594136 -0.528315 0.418524 0.613469 -0.173828 0.009310 0.160985 0.176024 -0.361430 -0.145259 0.099667 0.398241 -0.433124 0.644865 -0.131024 -0.309844 -0.602858 -0.216555 -0.161690 -0.442488 -0.737998 -0.042188 -0.056717 0.262269 -0.389960 0.302279 0.358266 0.049588 -0.005731 -1.012557 -0.375948 0.403253 -0.572634 0.700548 0.223973 0.334619 -0.318631 -0.273108 0.104842 0.267776 -0.378840 -0.200242 -0.067834 0.059699 -0.300614 -0.155975 -0.075356 -0.062565 -0.362251 0.866090 -0.004867 -0.384595 0.409416 -0.111594 -0.155902 0.611261 -0.130986 0.067702 0.158846 0.101124 -0.092705 -0.088578 -0.343439 -0.119882 0.083055 0.018456 0.668349 0.405741 0.357806 -0.532200 -0.179329 -0.310644 -0.025401 0.333556 0.484665 0.199952 -0.164079 -0.231199
verso 0.191551 -0.026757 0.260601 0.368316 0.396904 -0.445083 0.106964 0.564780 -0.094759 -0.232336 -0.061799 0.183854 -0.110912 -0.068512 0.021382 -0.208237 0.353099 -0.002655 0.189089 -0.348049 0.169523 -0.369044 -0.014901 -0.195484 -0.172887 -0.313888 0.154107 -0.184875 -0.794679 -0.185955 -0.255195 -0.022967 0.076323 0.363017 -0.027366 0.020110 -0.032314 -0.005400 -0.328836 -0.422844 -0.295630 0.091639 -0.191755 0.342626 0.306536 -0.166388 -0.363148 -0.196004 0.042468 0.421965 -0.213614 0.116623 -0.276021 -0.088353 -0.133377 -0.040158 0.267918 -0.076538 -0.219437 -0.088897 0.314136 0.088600 0.075048 -0.305200 -0.990818 0.262758 -0.131618 0.675566 -0.403887 0.562372 -0.454921 -0.103512 0.559964 0.090751 0.079839 0.274681 0.528210 -0.204022 -0.338732 -0.259603 0.035158 -0.107654 -0.336826 0.560987 -0.429377 -0.304594 -0.517993 0.179658 -0.154788 -0.215900 0.073328 0.378193 -0.179964 0.473223 0.415701 0.663558 0.394742 -0.131879 -0.243914 -0.127137 -0.303810 0.508783 0.090870 -0.242305 -0.096500 -0.177381 0.338088 0.650985 -0.305532 -0.147228 -0.196726 -0.103129 -0.221206 0.170229 -0.149659 -0.057638 -0.074785 -0.077813 -0.030027 -0.053617 -0.081851 0.527708 0.368980 -0.664010 0.568315 0.154843 -0.343021 -0.093413 -0.353452 0.386566 0.397128 -0.398350 0.143986 -0.351804 -0.017818 0.239044 -0.148995 -0.167409 -0.195547 -0.380402 0.286331 -0.484933 -0.316092 -0.426893 -0.290518 -0.059364 -0.265700 0.294173 0.119164 0.300293 -0.474926 -0.402896 -0.007111 0.302147 -0.196704 0.603456 -0.079346 0.085229 -0.172259 0.587948 0.069101 0.014053 -0.024738 -0.117259 -0.109106 0.034019 0.259157 -0.395411 -0.080561 -0.014516 -0.263082 0.108832 0.118288 -0.524821 0.059876 0.225553 -0.215638 0.427385 -0.095128 0.111663 -0.124784 0.016385 -0.118184 -0.074099 -0.106419 0.294067 -0.238106 0.314830 0.694783 0.238875 0.613861 0.258436 0.133078 -0.441139 0.246567 -0.005872 -0.091671 -0.037672 -0.108641 0.418546
warblers 0.352871 0.087726 0.173189 -0.135397 0.430711 -0.006917 0.232582 0.405367 0.275759 -0.074550 -0.196267 -0.121968 -0.327819 -0.162536 0.134135 -0.556275 -0.081121 -0.078517 0.385594 -0.367566 0.254168 -0.260323 -0.069925 0.111122 0.178193 -0.232554 0.041115 -0.146396 -0.310456 -0.422318 0.023422 -0.011009 0.466776 0.018089 0.124873 0.097433 0.223892 0.072585 -0.131863 -0.157836 -0.053609 0.114937 0.102064 0.039494 0.598239 0.178386 -0.191987 0.005935 0.406106 0.090620 0.288157 0.092749 -0.353727 -0.310907 0.190341 0.087842 0.115068 -0.236387 -0.286410 -0.246951 0.176230 0.243853 0.078326 -0.150812 -0.531337 0.187090 0.400259 0.753326 -0.172357 0.262239 0.179120 -0.010401 0.297201 0.138794 0.218382 -0.053948 -0.050315 -0.108444 -0.656534 -0.391952 -0.091914 -0.060209 -0.310929 0.393171 -0.205320 -0.065490 -0.086721 0.312182 0.005387 0.030191 -0.072175 0.452197 0.388247 0.302154 0.373238 0.534779 0.265973 0.025403 -0.178758 -0.269733 -0.476045 0.336293 0.093864 -0.064343 0.130363 -0.181608 0.126549 0.216409 -0.085849 -0.053251 -0.167670 -0.283845 -0.455311 -0.028501 -0.094359 -0.040617 -0.041123 -0.318931 0.009201 -0.108280 -0.198722 0.030753 0.398353 -0.125056 0.372795 -0.175661 0.138873 -0.049994 -0.364136 -0.059680 -0.064485 0.073357 0.096979 -0.253388 0.178524 0.159198 0.173947 -0.014234 -0.133853 -0.130106 0.185557 -0.241479 -0.074575 0.028397 -0.451762 0.261404 -0.196486 0.343197 0.046186 -0.306331 -0.130526 -0.449615 0.154933 -0.049689 -0.466270 0.289009 0.038778 0.270061 -0.000049 0.072073 0.313401 0.130092 0.143067 -0.007221 -0.139252 -0.023850 0.051817 -0.066907 -0.154563 0.162673 -0.220251 -0.031008 0.182287 -0.319623 0.034512 -0.046210 -0.387081 0.100945 0.055662 0.131283 -0.447191 -0.105607 -0.000463 -0.139932 0.156628 0.216856 -0.263587 0.248026 0.416804 0.179130 0.138597 -0.002426 -0.163165 -0.379559 -0.248661 0.007597 0.284495 -0.264819 0.041874 0.181008
warbling 0.676708 -0.032667 0.313614 -0.220296 0.626471 -0.155490 0.394805 0.400236 0.260566 0.261158 -0.332384 -0.030599 -0.176265 -0.033419 0.380502 -0.973154 -0.112321 0.389618 0.430220 -0.390544 0.186901 -0.058389 0.289767 -0.038102 0.419940 -0.376757 0.261078 -0.010146 -0.029127 -0.077666 0.203153 0.246252 0.505605 0.674601 -0.152046 0.290519 0.138023 -0.189971 -0.678109 -0.732491 -0.471605 0.187872 0.449319 0.041198 0.698936 0.242636 -0.099013 -0.558957 0.311457 -0.148624 0.048792 0.139628 -0.514576 -0.039461 -0.328586 0.456852 -0.149406 -0.475073 -0.406994 -0.101762 -0.145101 -0.123034 0.506438 -0.253716 -0.891108 0.189242 0.547748 0.762838 -0.524016 0.597524 0.197704 0.215812 0.627673 -0.399597 0.300833 -0.177303 -0.366608 -0.510573 -1.265469 -0.946394 0.003541 -0.421501 -0.226102 0.583081 -0.424894 -0.252070 -0.673457 0.245666 -0.111593 -0.258605 -0.146979 0.354006 0.249664 -0.136264 1.052706 0.884762 0.563521 -0.337639 -0.235434 -0.767313 -0.467734 0.237321 0.020971 0.312465 0.094402 -0.630833 0.270287 0.560460 -0.122338 -0.435592 -0.261408 -0.756926 -0.835346 0.138746 0.052653 -0.260917 -0.115383 -0.371808 -0.262551 -0.091425 -0.189525 0.241150 0.770396 -0.370834 0.353868 0.001405 0.037046 0.438295 -0.408519 -0.343047 0.027478 0.166357 -0.111759 -0.296411 0.019040 -0.224841 -0.124446 -0.250365 -0.360057 -0.064724 0.382955 -0.546735 -0.251023 0.077510 0.030967 0.248860 -0.370598 0.021622 0.641456 -0.082535 0.009737 -0.787364 0.231575 0.128056 -0.203475 0.618481 -0.339382 0.277112 0.217066 0.288073 0.540487 0.066053 0.038143 -0.015714 0.060202 -0.095619 0.011917 -0.085442 -0.408613 -0.059679 -0.311347 0.465096 -0.008463 -0.094375 0.305779 0.123770 -0.554393 0.256735 0.318343 -0.019401 -0.195949 -0.178236 0.041403 0.089694 0.084882 0.042885 -0.361592 0.613127 0.155705 0.501201 -0.221002 -0.102806 -0.435327 -0.519565 -0.139679 -0.016203 0.089069 -0.287246 0.067793 0.017829
writings 0.949580 0.527911 0.450718 0.110067 0.196447 0.359998 -0.115205 0.620351 0.261136 0.039323 -0.274322 -0.426275 -0.374934 -0.379605 0.253345 -0.457899 -0.261525 -0.139804 0.390558 -0.653642 0.217304 -0.291201 -0.392343 -0.613946 -0.607655 -0.094011 0.146218 -0.313530 -1.270130 0.140352 -0.104141 0.148730 -0.377563 0.637122 0.071163 0.060220 0.432380 0.392625 -0.022047 -0.202313 -0.235446 -0.141316 0.407058 0.003607 0.773276 0.120071 0.114261 -0.710097 0.106675 0.248030 -0.316724 -0.313527 -0.768937 -0.716534 0.196501 0.098152 0.484204 0.112660 -0.279757 0.042927 -0.089025 0.434869 0.448045 0.017001 -0.766195 -0.091934 0.069318 1.030576 -0.480165 0.388236 -0.064407 -0.398610 0.421521 -0.110185 -0.353006 0.237239 0.671642 -0.295741 -0.393032 -0.459961 0.043897 -0.201079 -0.300225 0.432405 0.158386 -0.328699 -0.606228 0.058709 0.020859 -0.213029 -0.203570 0.322589 -0.293229 0.364428 0.389124 0.385532 0.073024 -0.380043 -0.235346 -0.825864 -0.338737 0.870777 0.072816 0.173754 0.220339 -0.896159 0.180325 0.531913 -0.005726 0.296498 -0.203113 -0.089904 -0.146830 0.010582 0.276721 0.216962 -0.036196 -0.053641 0.149987 -0.548208 -0.249859 0.481809 0.534262 -0.765486 -0.056534 0.122187 -0.431885 0.454250 -0.196571 0.331014 -0.479419 -0.233848 0.060161 0.072447 0.177035 0.437477 -0.409824 0.027814 -0.141760 0.098880 0.104705 -0.224639 -0.461438 -0.237024 -0.407766 0.212923 -0.334446 -0.073549 0.331420 0.477864 0.106483 -0.528748 -0.532091 0.347752 -0.507814 0.298025 0.064471 0.604297 -0.152438 0.077067 -0.045610 0.117310 0.060576 -0.698996 0.234940 -0.162621 -0.145591 -0.157790 -0.161737 -0.409051 -0.293446 0.657843 0.076325 -0.726854 0.155898 0.386976 -0.859681 -0.106544 0.325151 -0.188090 -0.048749 0.100182 0.466395 -0.246198 0.207146 0.426715 -0.105210 -0.225672 0.905905 0.074894 0.369658 -0.744104 0.441922 -0.840077 0.133089 -0.141322 0.474983 -0.173666 0.021553 0.607759
