record_id,title,author,date,place,country,language,publisher,genre,n_annotations
14603046,"The Canadian farmer. A missionary incident [Signed: W. J. H. Y, i.e. William J. H. Yates.]","Yates, William Joseph H.",1879,London,England,English,,Fiction,5
14605595,"A new musical Interlude, called the Election [By M. P. Andrews.]",,1774,London,England,English,,Can't tell,5
14605643,An Elegy written among the ruins of an Abbey. By the author of the Nun [E. Jerningham],,1765,London,England,English,J. Dodsley,Fiction,5
14616539,The Baron's Daughter. A ballad by the author of Poetical Recreations [i.e. William C. Hazlitt] . F.P,,1877,Edinburgh,Scotland,English,"Ballantyne, Hanson",Fiction,5
14616550,"A Little Book of Verse, etc","Bell, Raimonde, pseudonym [i.e. James Pickering Jones]",1893,London,England,English,Poetry & Prose,Fiction,4
14616561,The Autumn Leaf Poems,"Bingham, Ashton, Mrs",1891,Edinburgh,Scotland,English,Colston,Fiction,5
14616607,"The Battle of Waterloo, a poem","Cartwright, William",1827,London,England,English,Longman,Fiction,5
14616686,"Maximilian, and other poems, etc","Earle, John Charles",1868,London,England,English,,Fiction,5
14616696,Fabellæ mostellariæ: or Devonshire and Wiltshire stories in verse; including specimens of the Devonshire dialect,,1878,Exeter  London,England,English,"Hamilton, Adams ; Henry S. Eland",Fiction,4
14616791,"The Grave of a Hamlet and other poems, chiefly of the Hebrides ... Selected, with an introduction, by his son J. Hogben","Hogben, William Smith",1895,Edinburgh,Scotland,English,Darien Press,Fiction,5
14616823,Plays for my Pupils. In prose and verse,"Jackson, E. Maude",1893,London,England,English,E. Stanford,Fiction,5
14616840,"Sporting Songs, etc [Words only.]","Kay, Thomas",1897,,,English,,Fiction,5
14616869,Sonnets,"Lofft, R. E.",1879,Bury St Edmunds,,English,,Fiction,5
14616941,Lyrics. By Nomad,,1899,London,England,English,Jarrold,Fiction,5
14617054,"Songs of a Heart's Surrender, and other verse","Salmon, Arthur L. (Arthur Leslie)",1895,Edinburgh,Scotland,English,W. Blackwood,Fiction,5
14617070,"The Dual Image; or, the Renewal of the Temple. A mystical poem of life","Sharpe, William",1896,London,England,English,H. A. Copley,Fiction,5
14617094,'Shall he live again?' [A poem.],"Stapelton, Josiah Glode",1876,London,England,English,,Fiction,4
14617137,Trick for Trick or the Admiral's Daughter. A farce in two acts,,1812,London,England,English,,Fiction,5
14617192,The Equality of Mankind,"Wodhull, Michael",1799,London,England,English,,Fiction,3
14622865,"A critique on the performance of Master Herbert, the Youthful Roscius [By John Cole.]","Herbert, Henry, called 'the Infant Roscius'",1830,Scarborough,England,English,,Non-fiction,3
14622976,"Sailing Directions for the S.C. and its entrances at Port Saïd and Suez, with short notes on the Gulf of Suez, Jubal Strait, etc",,1870,London,England,English,,Non-fiction,4
14628768,"'Little Feet.' [A collection of verses, with illustrations.]","Briggs, Edith",1893,London,England,English,"Simpkin, Marshall",Fiction,5
14635292,Little Betty's Kitten tells her Story,"Burnett, Frances Hodgson",1894,London,England,English,F. Warne,Fiction,5
14643463,Verses,"Mackenna, Robert William",1897,Edinburgh,Scotland,English,W. Bryce,Fiction,4
14643548,Ver Lyræ. Selected poems ... With seven new lyrics,"Robinson, afterwards Newton-Robinson, Charles Edmund",1896,London,England,English,Lawrence & Bullen,Fiction,5
14750925,"Guide for Tourists to Peking and its environs. With a plan, etc",,1876,Hongkong,,English,'China Mail' Office,Non-fiction,4
14750943,"The Social Emancipation of the Gipsies, especially those of mixed blood, and resembling and living like other people, etc","Simson, James",1895,New York,United States of America,English,E. O. Jenkins',Non-fiction,3
14750976,"A Hand-Book to Auckland, New Zealand","Algar, Frederic",1870,London,England,English,Australian & New Zealand Gazette,Non-fiction,5
14756105,"Guide to Sevenoaks and the neighbourhood, by Cid",,1864,Sevenoaks,England,English,G. W. Harrison,Non-fiction,3
14756114,"The Ethnological Exhibitions of London, etc","Conolly, John",1855,London,England,English,John Churchill,Non-fiction,3
14756128,Route for a Month's Tour through the Alps of Switzerland,"Dana, James Dwight",1871,New Haven,United States of America,English,Charles C. Chatfield,Non-fiction,3
14756153,"Observation on improvements of the town of Manchester, etc","Fairbairn, William, Sir",1836,Manchester,,English,,Non-fiction,4
14756244,"Widford and Widford Church, Hertfordshire ... With an explanation of her recently completed painting by F. C. H. Gosselin","Lockwood, John Traviss",1883,Hertford,,English,A. Knight,Non-fiction,5
14756277,"Penzance; past and present. A lecture ... Illustrated, etc","Millett, George Bown",1876,Penzance,England,English,Beare,Non-fiction,5
14756278,Penzance. ... A second lecture ... With ... additional matter. Illustrated with wood engravings,"Millett, George Bown",1880,Penzance,England,English,Beare,Non-fiction,4
14756365,The Social Emancipation of the Gipsies [Articles reprinted from the London 'Journal of Science.'],"Simson, James",1884,New York,United States of America,English,Knox,Non-fiction,3
14756401,"A Visit to Vaucluse, Nismes, Orange, Pont-du-Gard, Avignon, Marseilles, &c. &c. in May MDCCCXXI. By the Author of the Trimester in MDCCCXX [S. Weston.]",,1822,London,England,English,,Non-fiction,3
14767508,"The Best Cruise on the Broads. With useful hints on hiring, provisioning and manning the yacht; clothing; angling; photography, etc ... Illustrated by the author","Bickerdyke, John, pseudonym [i.e. Charles Henry Cook]",1895,London,England,English,"Bliss, Sands & Foster",Non-fiction,5
14767697,"How to Obtain Cheap Flour; or, a few remarks upon the objects ... to be gained from the establishment of co-operative flour-mills ... By An Unobserved Observer",,1856,Doncaster,,English,,Non-fiction,5
14767713,"The Old Churchyards of Sheffield, with a brief selection of quaint epitaphs therein","Glassby, William J. J.",1896,Sheffield,England,English,Pawson & Brailsford,Non-fiction,5
14767725,"Ye Auncient Citie of Durham in Ye Olden Tyme. Descriptive, historical, traditional","Gradon, H. T. (Henry Thomas)",1883,Durham,,English,Thomas Caldcleugh,Non-fiction,3
14767753,On the Ancient Name of Dublin,"Haliday, Charles",1855,Dublin,Ireland,English,M. H. Gill,Non-fiction,3
14767796,"Repton: Village, Abbey, Church, Priory, and School","Hipkins, Frederick Charles",1894,Derby,England,English,Bemrose,Non-fiction,3
14767799,"Broxbourne Past and Present, etc [With plates.]","Hoare, Margaret Caroline",1897,Hertford,,English,Stephen Austin,Non-fiction,3
14767837,"Eltham Palace, Kent. A paper, etc","Jackson, Richard John",1896,Woolwich,,English,,Non-fiction,3
14767855,"Harborne and Its Surroundings: a lecture, etc","Kenward, James, f.s.a",1872,Birmingham,,English,M. Billing,Non-fiction,5
14767858,"The Historie of Darby-shire. By P. K. With pedigree of the Kynder Family. From 'The Reliquary,' and Ashmole MS. 788. Edited by ... W.G. D. Fletcher","Kinder, Philip",1883,London,England,English,,Non-fiction,3
14767897,Wensleydale and Swaledale Guide ... Illustrated,"Leyland, John, of Forest Hill",1896,London  Newcastle upon Tyne,England,English,A. Reid,Non-fiction,5
14767905,"Gems of Home Scenery. Views of Wicklow and Killarney, from original drawings by T. L. Rowbotham. ... With descriptive notes. Compiled by ... W. J. Loftie ... Second edition","Loftie, William John",1875,London,England,English,,Non-fiction,4
14767984,The Rover. A poem,"Mawhood, John P.",1844,Hull,England,English,Kay & Wilson,Fiction,5
14768030,"Tamworth Castle. Its foundation, its history, and its lords [New and enlarged edition.]","Norris, Henry, Reverend, of Tamworth",1899,Tamworth,England,English,D. Smith,Non-fiction,4
14768086,"A Guide to ... Hadleigh ... Third edition, an abridgment","Pigot, Hugh, curate of Hadleigh",1890,Hadleigh,,English,G. A. Hardacre,Non-fiction,4
14768138,The History of the Royal Pavilion at Brighton,"Sawyer, Frederick Ernest",1886,Brighton,England,English,D. B. Friend,Non-fiction,5
14768142,"Guide to Wimborne Minster, its monuments and curiosities","Score, George Frederick",1893,London,England,English,,Non-fiction,4
14768144,"Lectures on Socialism, etc","Scoresby, William, the Younger",1840,London,England,English,J. Nisbet,Non-fiction,5
14768203,"The Early History of Spennymoor. A paper read ... at a meeting of members of the Spennymoor Church Institute, etc","Tate, John, of Spennymoor",1888,Bishop Auckland,England,English,M. Braithwaite,Non-fiction,4
14768206,"The Pictorial Guide to Castle Rising, Norfolk ... Illustrated with five engravings","Taylor, William, antiquary",1858,Lynn,,English,W. Taylor,Non-fiction,3
14768208,On a plastic operation for the restoration of the lower lip,"Teale, Thomas Pridgin, the Elder",1855,London,England,English,J. E. Adlard,Non-fiction,4
14768252,Memorials of Stamford: past and present,"Walcott, Mackenzie Edward Charles",1867,London  Stamford,England,English,,Non-fiction,4
14768271,"The Matlock, Buxton and Castleton Guide, containing concise accounts of these and other remarkable places ... in the ... County of Derby","Ward, R., Reverend, of Wirksworth?",1827,Birmingham,,English,,Non-fiction,5
14774002,"The Shepherdess of Aranville: or, Father and daughter. A pathetic tale. In three acts",,1826,Brentford,,English,Norbury,Fiction,5
14774009,The Legend of the Xmas Rose ... Illustrated by Delapoer Downing,"Bartholeyns, A. O'D",1899,London,England,English,Hurst & Blackett,Fiction,5
14774012,Handbook to Hitchin and the neighbourhood ... Second edition,"Bishop, Charles, of Hitchin",1875,Hitchin,England,English,Paternoster & Hales,Non-fiction,3
14774063,"Squibs and Crackers, in verse or worse. Partly in the Lancashire dialect","Fairclough, T. S.",1895,Patricroft,,English,,Fiction,4
14774072,"Where to buy at Frome. An illustrated local trades' review. By the Editor of the 'Agents' Guide,' ... with illustrations of the West of England",,1891,Brighton,England,English,"Robinson, Son & Pike",Non-fiction,4
14774122,"Lapsus Calami [Verses.] By J. K. S [tephen] . New [Third] edition, with considerable omissions and additions. L.P","Stephen, James Kenneth",1891,Cambridge,England,English,Macmillan,Fiction,5
14774123,Doon Lyrics,"Leck, Jane",1894,Glasgow,Scotland,English,,Fiction,5
14774194,"Letters from Sicily. Written in the year 1798, etc","Richards, Thomas Bingham",1800,London,England,English,,Non-fiction,3
14774207,Ballads and Poems,"Sigerson, afterwards Shorter, Dora Mary",1899,London,England,English,J. Bowden,Fiction,5
14796195,"Afhandling om krossverk för jernmalm, etc","Bagge, Jonas Samuel",1851,Stockholm,,Swedish,,Non-fiction,1
14796218,"Three Months in Cyprus during the winter of 1878-9. A paper, etc","Brown, Samuel",1879,London,England,English,Edward Stanford,Non-fiction,3
14796330,"The Geological Examinator, containing progressive series of questions adapted to the Introductory and Advanced Text-Books of Geology","Page, David, f.g.s",1877,Edinburgh  London,England  Scotland,English,,Non-fiction,3
14803668,"Researches in Assyria, Babylonia, and Chaldæa; forming part of the labours of the Euphrates Expedition [With plans.]","Ainsworth, William",1838,London,England,English,J. W. Parker,Non-fiction,3
14803800,"Travels to the Seat of War in the East, through Russia and the Crimea, in 1829, etc [With plates and a map.]","Alexander, James Edward, Sir",1830,London,England,English,Henry Colburn & Richard Bentley,Non-fiction,3
14803831,All Wrong. A leaf from a drama [A tale. By Annie M. Griffen.],,1877,Philadelphia,United States of America,English,J. B. Lippincott,Fiction,5
14803938,"A Journal of a Tour in Italy, in the year 1821. With a description of Gibraltar. Accompanied with several engravings. By an American [i.e. Theodore Dwight]",,1824,New York,United States of America,English,,Non-fiction,3
14803956,A Short History of Clent,"Amphlett, John, barrister-at-law",1890,London,England,English,Parker,Non-fiction,3
14804023,Bygone Lincolnshire. Edited by W. Andrews,"Andrews, William",1891,Hull,England,English,A. Brown,Non-fiction,3
14804131,Nora Creina. A novel,"Argles, afterwards Hungerford, Margaret Wolfe",1896,London,England,English,Chatto & Windus,Fiction,3
14804169,The Sport of Circumstances,"Armstrong, Louis E.",1887,London,England,English,"Swan Sonnenschein, Lowrey",Fiction,3
14804173,"A Visit to Egypt in 1872. Described in four lectures, etc","Armstrong, W. G. (William George), Baron",1874,Newcastle upon Tyne,,English,J. M. Carr,Non-fiction,3
14804194,European Mosaic,"Arnold, Howard Payson",1864,Boston,United States of America,English,"Little, Brown",Non-fiction,5
14804287,They have their Reward: a novel,"Atkinson, Blanche",1890,London,England,English,George Allen,Fiction,5
14804296,"Oriental and Western Siberia; a narrative of seven years' explorations and adventures in Siberia, Mongolia, the Kirghis Steppes, Chinese Tartary, and part of Central Asia ... With a map and numerous illustrations","Atkinson, Thomas Witlam",1857,London,England,English,Hurst & Blackett,Non-fiction,3
14804323,Mansfield Park : a novel,"Austen, Jane",1870,London,England,English,Richard Bentley,Fiction,3
14804324,Mansfield Park : a novel,"Austen, Jane",1875,London,England,English,Groombridge,Fiction,3
14804343,Rome or Death! [A poem.],"Austin, Alfred",1873,Edinburgh  London,England  Scotland,English,W. Blackwood,Fiction,5
14804360,Austria and the Austrians [by Wenzel Blumenbach.],Austria,1837,London,England,English,Henry Colburn,Non-fiction,5
14804363,Poems and Paragraphs,"Aveling, Henry",1899,London,England,English,"Digby, Long",Fiction,5
14804455,England from a Back-Window; with views of Scotland and Ireland,"Bailey, James Montgomery",1879,Boston,,English,Lee & Shepard,Non-fiction,5
14804478,"Explorations in South-West Africa. Being an account of a journey in ... 1861 and 1862 from Walvisch Bay, on the western coast, to Lake Ngami and the Victoria Falls [With a preface by M. A. Baines, and maps and plates.]","Baines, Thomas",1864,London,England,English,Longman,Non-fiction,4
14804483,Betram de Drumont [A tale. Edited by Thomas Baker.],"Baker, Ella",1888,London,England,English,Kegan Paul,Fiction,5
14804490,The Gleaming Dawn. A romance of the Middle Ages,"Baker, James, of Clifton, Bristol",1896,London,England,English,Chapman & Hall,Fiction,3
14804550,"On India's Frontier; or Nepal, the Gurkhas' mysterious land","Ballantine, Henry",1895,New York,United States of America,English,J. S. Tait,Non-fiction,4
14804592,The Baptistery ... By the author of 'The Cathedral' [i.e. Isaac Williams] . Third edition,,1846,Oxford,,English,John Henry Parker,Fiction,4
14804603,"Mountain Life in Algeria ... With illustrations, etc","Barclay, Edgar",1881,London,England,English,Kegan Paul,Non-fiction,5
14804615,Wanderings by Southern Waters. Eastern Aquitaine ... With illustrations,"Barker, Edward Harrison",1893,London,England,English,R. Bentley,Non-fiction,4
14804673,"From Whose Bourne, etc [Three tales.]","Barr, Robert",1893,London,England,English,Chatto & Windus,Fiction,3
14804679,A Woman Intervenes ... Illustrations by H. Hurst,"Barr, Robert",1896,London,England,English,Chatto & Windus,Fiction,5
14804711,"Out of the jaws of death ... Copyright edition, etc","Barrett, Frank",1893,London,England,English,Cassell,Fiction,3
14804781,"The Life of E. M. Barttelot ... An account of his services for the relief of Kandahar, of Gordon, and of Emin, from his letters and diary, by W. L. Barttelot [With plates, including a portrait, and maps.]","Barttelot, Edmund Musgrave",1890,London,England,English,R. Bentley,Non-fiction,3
14804816,Verses,"Baughan, Blanche Edith",1898,London,England,English,A Constable,Fiction,5
14804818,"Winter Havens in the Sunny South. A complete handbook to the Riviera, with a notice of the new station, Alassio","Baughan, Rosa",1880,London,England,English,Bazaar,Non-fiction,4
14804835,"The Illustrated Book of Sacred Poems. Edited by ... R. H. Baynes ... Illustrated, etc","Baynes, Robert Hall",1867,London  New York,England  United States of America,English,Cassell,Fiction,4
14804922,The Dawn of Modern Geography. A history of exploration and geographical science from the Conversion of the Roman Empire to A.D. 900 (c. A.D. 900-1260-c. A.D. 1260-1420) ... With reproductions of the principal maps of the time,"Beazley, Charles Raymond, Sir",1906,London,England,English,John Murray,Non-fiction,4
14804961,Sidartha. A story of mystery,"Behenna, Kathleen",1896,London,England,English,"Digby, Long",Fiction,3
14805017,The Love Affairs of an Old Maid,"Bell, Lilian",1895,London,England,English,Sampson Low,Fiction,4
14805018,The Under Side of Things. A novel,"Bell, Lilian",1896,London,England,English,Sampson Low,Fiction,3
14805041,"Looking backward, 2000-1887 ... Third edition","Bellamy, Edward",1891,London,England,English,F. Warne,Fiction,3
14805113,Belhaven [A novel.],"Beresford, Max, pseudonym [i.e. A. S. Holdsworth]",1892,London,England,English,Hurst & Blackett,Fiction,5
14805160,London ... With ... illustrations,"Besant, Walter",1894,London,England,English,Chatto & Windus,Non-fiction,4
14805204,"The Student's Manual of Modern Geography. Mathematical, physical, and descriptive","Bevan, William Latham",1879,London,England,English,John Murray,Non-fiction,5
14805221,The Travels of a Hindoo to various parts of Bengal and Upper India. With an introduction by J. Talboys Wheeler [With a map.],,1869,London,England,English,Trübner,Non-fiction,3
14805267,"A Winter in Florida; or, Observations on the soil, climate, and products or our semi-tropical State ... To which is added a brief historical summary ... Illustrated. Third edition","Bill, Ledyard",1870,New York,United States of America,English,Wood & Holbrook,Non-fiction,5
14805324,"'A Peep into the Past': Brighton in the Olden Time, with glances at the present, etc [With plates, including portraits.]","Bishop, John George",1880,Brighton,England,English,J. G. Bishop,Non-fiction,5
14805399,The History of Black Hawk County ... Illustrated,,1878,Chicago,United States of America,English,Western Historical,Non-fiction,3
14805421,"The Remarkable History of Sir Thomas Upmore, Bart, M.P, formerly known as 'Tommy Upmore' ... Second edition","Blackmore, R. D. (Richard Doddridge)",1885,London,England,English,Sampson Low,Fiction,3
14805423,Springhaven. A tale of the Great War ... Third edition,"Blackmore, R. D. (Richard Doddridge)",1888,London,England,English,Sampson Low,Fiction,4
14805424,Tales from the Telling-House,"Blackmore, R. D. (Richard Doddridge)",1896,London,England,English,Sampson Low,Fiction,4
14805433,"The Chemical Analysis of Iron. A complete account of all the best known methods for the analysis of iron, steel, etc","Blair, Andrew Alexander",1888,Philadelphia,United States of America,English,J. B. Lippincott,Non-fiction,3
14805503,Birds of Passage. Songs of the Orient and Occident,"Blind, Mathilde",1895,London,England,English,Chatto & Windus,Fiction,5
14805618,"The Alpine Regions of Switzerland and the neighbouring countries. A pedestrian's notes on their physical features, scenery, and natural history ... With illustrations by E. Whymper","Bonney, Thomas George",1868,Cambridge,,English,"Deighton, Bell",Non-fiction,3
14805821,"New Pictures in Old Frames: being a book of verse for girls and boys, written in old French forms, etc","Bradley, Gertrude M.",1894,London,England,English,"Simpkin, Marshall",Fiction,5
14805823,The Flute of Athena: and other poems,"Bradley, Reuben",1894,London  Shrewsbury,England,English,Adnitt & Naunton ; Elliot Stock,Fiction,5
14805845,Historic Winchester. England's first capital,"Bramston, A. R.",1882,London,England,English,Longmans,Non-fiction,5
14805886,"The British Empire: a sketch of the geography, growth, natural and political features of the United Kingdom, its colonies and dependencies [With maps.]","Bray, Caroline",1863,London,England,English,Longman,Non-fiction,3
14805959,"A History of Dorking and the neighbouring parishes, with chapters on the literary associations, flora, fauna, geology, etc, of the district","Bright, John Shenton",1884,Dorking  London,England,English,"R. J. Clark ; Simpkin, Marshall",Non-fiction,3
14805969,Tour in Palestine and Syria ... With illustrations and map,"Brinton, John",1893,London,England,English,Chapman & Hall,Non-fiction,3
14806033,"A General Gazetteer, in miniature ... The whole revised ... by A. G. Findlay. Second edition","Brookes, Richard, m.d",1851,London,England,English,W. Tegg,Non-fiction,5
14806042,The Silver Cord: a story,"Brooks, Shirley",1865,London,England,English,Bradbury & Evans,Fiction,3
14806071,Dear Faustina,"Broughton, Rhoda",1897,London,England,English,R. Bentley,Fiction,3
14806080,Second Thoughts,"Broughton, Rhoda",1880,London,England,English,R. Bentley,Fiction,3
14806142,On the South African Frontier. The adventures and observations of an American in Mashonaland and Matabeleland ... With illustrations and maps,"Brown, William Harvey",1899,New York,United States of America,English,C. Scribner's,Non-fiction,3
14806155,Ice-Caves of France and Switzerland. A narrative of subterranean exploration,"Browne, George Forrest, successively Bishop of Stepney, of Bristol",1865,London,England,English,Longmans,Non-fiction,5
14806174,Dorothy. A tale ... With illustrations,"Browne, Tryphena Margaret",1885,London,England,English,Suttaby,Fiction,4
14806215,"A Cyclopædia of Geography, descriptive and physical, forming a new general gazetteer of the world and dictionary of pronunciation, etc","Bryce, James, f.g.s",1880,Glasgow  London,England  Scotland,English,W. Collins,Non-fiction,5
14806256,"The Great Plantagenet. Or, a Continued succession of that royall name, from Henry the Second, to our Sacred Soveraigne King Charles. By Geo. Buck Gent [or rather, written by Sir George Buck, and edited with additions and alterations by George Buck]","Buck, Geo (George), esquire",1635,London,England,English,Nicholas & Iohn Okes,Non-fiction,3
14806276,"Neerlands-Oost-Indië. Reizen over Java, Madura, Makasser ... gedaan gedurende het tijdvak van 1852-1857 ... Met platen","Buddingh, Steven Adriaan",1859,Rotterdam,,Dutch,,Non-fiction,1
14806287,John Bull's Neighbour in her True Light. Being an answer to some recent French criticisms. By a 'Brutal Saxon.',"Bull, John",1884,London,England,English,Wyman,Non-fiction,3
14806361,"The Dragon Knight. A poem, in twelve cantos","Burges, afterwards Lamb, James Bland, Sir, Baronet",1818,London,England,English,Longman,Fiction,5
14806408,Dolly. A love story,"Burnett, Frances Hodgson",1893,London,England,English,F. Warne,Fiction,3
14806414,Kate's Wise Woman. A novel,"Burnham, Clara Louise",1896,"Cambridge, Massachusetts  London",England,English,Gay & Bird,Fiction,3
14806477,"The Jew, the Gypsy, and El Islam ... Edited with a preface and brief notes by W. H. Wilkins","Burton, Richard Francis, Sir",1898,London,England,English,Hutchinson,Non-fiction,3
14806527,Deerhurst. A parish of the Vale of Gloucester [With plates.],"Butterworth, George",1888,London  Tewkesbury,England,English,"Simpkin, Marshall ; William North",Non-fiction,5
14806578,A Sequel to Don Juan [By G. W. M. Reynolds.],"Byron, George Gordon Byron, Baron",1845,London,England,English,Paget,Fiction,5
14806660,"The Tourists' Guide to the Principal Stations between Calcutta and Mooltan and Allahabad and Bombay. On the East Indian Railway, etc. (Fourth edition.)",,1875,Calcutta,,English,W. Newman,Non-fiction,3
14806729,The Camp of Refuge [By Charles MacFarlane.],,1887,London  Wisbech,England,English,"Leach ; Simpkin, Marshall",Fiction,3
14806916,"Journal of a Voyage from Boston to the West Coast of Africa, with a full description of the manner of trading with the natives on the coast","Carnes, J. A.",1852,Boston,,English,J. P. Jewett,Non-fiction,4
14806995,Old Rome and New Italy. Recuerdos de Italia ... Translated by Mrs. Arthur Arnold [With a portrait.],"Castelar Y. Ripoll, Emilio, President of the Spanish Republic",1873,London,England,English,Tinsley,Non-fiction,3
14807000,'La Bella' and others. Being certain stories recollected by E. Castle [and one by Agnes Castle],"Castle, Egerton",1892,London,England,English,Cassell,Fiction,5
14807013,"Letters and Notes on the Manners, Customs, and Condition of the North American Indians [With plates.]","Catlin, George",1841,London,England,English,,Non-fiction,3
14807035,Korea and the Sacred White Mountain ... with an account of an ascent of the White Mountain by Captain H. E. Goold-Adams. With ... illustrations and ... maps,"Cavendish, Alfred Edward John",1894,London,England,English,G. Philip,Non-fiction,3
14807056,Memories of French Palaces. With illustrations,"Challice, Annie Emma",1871,London,England,English,Bradbury & Evans,Non-fiction,3
14807086,"Chambers's Concise Gazetteer of the World. Topographical, statistical, historical",William and Robert Chambers,1894,Edinburgh  London,England  Scotland,English,W. & R. Chambers,Non-fiction,5
14807100,Chances and Changes; a story of love and friendship. By the author of 'My First Grief' [i.e. Charles Beckett],,1859,London,England,English,"Saunders, Otley",Fiction,3
14807212,"Transatlantic Sketches in the West Indies, South America, Canada, and the United States","Chester, Greville John",1869,London,England,English,"Smith, Elder",Non-fiction,4
14807259,"Longmans' Junior School Geography, etc","Chisholm, George Goudie",1891,London,England,English,Longmans,Non-fiction,5
14807261,Longman's School Geography for India and Ceylon,"Chisholm, George Goudie",1891,London,England,English,Longmans,Non-fiction,5
14807273,Orientalische Tageblätter. Nach der Natur und Wirklichkeit skizzirt,"Christ, Sophie",1888,Mainz,,Dutch  German,,Non-fiction,1
14807399,"The New Lancashire Gazetteer, or Topographical Dictionary, etc","Clarke, Stephen Reynolds",1830,London,England,English,H. Teesdale,Non-fiction,3
14807429,Too Apt a Pupil,"Cleland, Robert",1891,Edinburgh  London,England  Scotland,English,W. Blackwood,Fiction,5
14807435,A Tramp Abroad. By Mark Twain,"Clemens, Samuel Langhorne",1880,London,England,English,Chatto & Windus,Fiction,3
14807439,"Naples, the City of Parthenope, and its Environs ... Illustrated","Clement, Clara Erskine",1894,London,England,English,Gay & Bird,Non-fiction,3
14807450,A Narrative of Voyages and Commercial Enterprises,"Cleveland, Richard J. (Richard Jeffry)",1842,Cambridge  Massachusetts,,English,John Owen,Non-fiction,5
14807487,"The Captain of the 'Mary Rose.' A tale of to-morrow ... Illustrated, etc","Clowes, W. Laird (William Laird), Sir",1892,London,England,English,Tower Publishing,Fiction,3
14807548,John Chinaman: his ways and notions,"Cockburn, George, Reverend, formerly of Ichang",1896,Edinburgh,Scotland,English,J. G. Hitt,Non-fiction,3
14807592,"Open-Air Studies. An introduction to geology out-of-doors ... With ... illustrations, etc","Cole, Grenville A. J. (Grenville Arthur James)",1895,London,England,English,C. Griffin,Non-fiction,5
14807618,Minstrel Dick. A tale of the XIVth cent,"Coleridge, Christabel R. (Christabel Rose)",1896,London,England,English,"Gardner, Darton",Fiction,5
14807652,Marjorie Dudingstoune: a tale of old St. Andrews,"Collier, William Francis",1867,Edinburgh,Scotland,English,W. P. Nimmo,Fiction,3
14807691,The Woodleighs of Amscote ... Illustrated,"Collins, Frances",1881,London,England,English,W. Swan Sonnenschein & Allen,Fiction,5
14807755,"Letters written from Colombia, during a journey from Caracas to Bogotá, and thence to Santa Martha, in 1823 [By John Hankshaw. With a map.]",,1824,London,England,English,G. Cowie,Non-fiction,3
14807778,Gentle & Simple [A novel.],"Colvile, afterwards Paul, Margaret Agnes",1878,London,England,English,C. Kegan Paul,Fiction,5
14807779,"Round the Black Man's Garden ... With illustrations, etc [An account of travels in Africa.]","Colvile, Zélie Isabelle, Lady",1893,Edinburgh  London,England  Scotland,English,William Blackwood,Non-fiction,5
14807923,England. With sketches of society in the metropolis [Including Fenimore Cooper's 'Letter to his Countrymen.'],"Cooper, James Fenimore",1837,Paris,France,English,A. & W. Galignani,Non-fiction,3
14807929,Excursions in Switzerland,"Cooper, James Fenimore",1836,Paris,France,English,Baudry's European Library,Non-fiction,3
14807935,The Pursuit of a Chimera. Being a mid-winter's day dream,"Cope, C. Elvey",1893,London,England,English,"Digby, Long",Fiction,5
14808008,"Loiterings in Europe; or, Sketches of travel in France, Belgium, Switzerland, Italy, Austria, Prussia, Great Britain, and Ireland. With an appendix, containing observations on European charities and medical institutions ... Second edition","Corson, John W.",1848,New York,United States of America,English,Harper,Non-fiction,4
14808106,"Search for Winter Sunbeams in the Riviera, Corsica, Algiers, and Spain ... With numerous illustrations","Cox, Samuel Sullivan",1870,New York,United States of America,English,D. Appleton,Non-fiction,4
14808123,"Atlas, etc","Craandijk, Jacobus",1884,Haarlem,,Dutch,,Non-fiction,1
14808153,Only a Butterfly,"Craik, afterwards May, Georgiana Marion",1873,London,England,English,Sampson Low,Fiction,3
14808163,"The Doomed City; or, the Last days of Durocina. A tale of the Anglo-Saxon conquest of Britain, and the mission of Augustine","Crake, A. D. (Augustine David)",1885,London  Oxford,England,English,A. R. Mowbray,Fiction,4
14808323,For the Sake of the Family,"Crommelin, Maria Henrietta de la Cherois",1892,London  Sydney,England,English,"Eden, Remington",Fiction,3
14808339,Midge. (Third thousand.),"Crommelin, Maria Henrietta de la Cherois",1890,London,England,English,Trischler,Fiction,4
14808365,Highways and Byeways in Japan. The experiences of two pedestrian tourists [With a map.],"Crow, Arthur H.",1883,London,England,English,Sampson Low,Non-fiction,3
14808706,"Fællesrejsen til England og Skotland 1887, foranstaltet af Rejsestipendieforeningen. Rejseberetning ... Med Illustrationer, tegnede af Knud Larsen","Davidsen, N.",1887,Kolding,,Danish,,Non-fiction,1
14808723,"Miss Armstrong's, and other circumstances [Tales.]","Davidson, John",1896,London,England,English,Methuen,Fiction,4
14808766,Over the Waters [A novel.],"Davis, Frederick J.",1893,London,England,English,Digby & Long,Fiction,5
14808772,The Chinese: a general description of the Empire of China and its inhabitants ... Illustrated with woodcuts,"Davis, John Francis, Sir",1836,London,England,English,Charles Knight,Non-fiction,5
14808773,"Sketches of China; partly during an inland journey of four months, between Peking, Nanking, and Canton; with notices and observations relative to the present war","Davis, John Francis, Sir",1841,London,England,English,Charles Knight,Non-fiction,5
14808879,"Three Years in Savage Africa ... With an introduction by H. M. Stanley, M.P. With 100 illustrations and 5 maps, etc [With a portrait.]","Decle, Lionel",1898,London,England,English,Methuen,Non-fiction,3
14808918,"Summer days in Auvergne. By H. de K [i.e. H. de Kantzow], etc","De Kantzow, Herbert",1875,London,England,English,Richard Bentley,Non-fiction,3
14808972,"The Making of Birmingham: being a history of the rise and growth of the Midland metropolis ... With ... illustrations, etc","Dent, Robert Kirkup",1894,Birmingham  London,England,English,"J. L. Allday ; Simpkin, Marshall",Non-fiction,3
14809029,"On the Equator [An account of travels, mainly in Borneo. With plates.] By H. De W [i.e. Harry De Windt.]",,1882,London,England,English,Cassell,Non-fiction,3
14809038,The Dudleys [A novel.],"Dewsland, Edgar",1859,London,England,English,James Blackwood,Fiction,3
14809136,A Vicar's Wife,"Dickinson, Evelyn",1892,London,England,English,Methuen,Fiction,5
14809137,Yorkshire Life and Character: a Craven village sixty years ago,"Dickinson, Isaac W.",1894,Hull  London,England,English,"Simpkin, Marshall ; William Andrews",Non-fiction,4
14809157,A Woman's Cross,"Diehl, Alice Mangold",1896,London,England,English,"Digby, Long",Fiction,3
14809169,"Eccelino da Romano, surnamed the Tyrant of Padua. A poem, in twelve books","Dillon, afterwards Dillon Lee, Henry Augustus, Viscount Dillon",1828,London,England,English,E. Lloyd,Fiction,3
14809185,"The New Far East ... With twelve illustrations, etc","Diósy, Arthur",1898,London,England,English,Cassell,Non-fiction,3
14809206,"Circassia; or, a Tour to the Caucasus","Ditson, George Leighton",1850,New York,United States of America,English,,Non-fiction,3
14809238,Travels in Kamtchatka and Siberia; with a narrative of a residence in China,"Dobell, Peter",1830,London,England,English,,Non-fiction,5
14809253,"The D.'s Wife. By the author of 'Lady Audley's Secret,' etc [Miss M. E. Braddon.]",,1865,London,England,English,,Fiction,5
14809355,For Mrs. Grundy's Sake. A novel,"Douglas, Maud Isidore",1893,London,England,English,Digby & Long,Fiction,5
14809371,A Girl in the Karpathians. Fourth Edition,"Dowie, afterwards Norman, afterwards Fitzgerald, Ménie Muriel",1891,London,England,English,G. Philip,Non-fiction,5
14809522,The Duchess : A domestic romance,"Rymer, James Malcolm",1852,London,England,English,E. Lloyd,Fiction,3
14809538,"Notes of an Indian Journey, etc","Grant Duff, Mountstuart E. (Mountstuart Elphinstone), Sir",1876,London,England,English,,Non-fiction,3
14809630,"A Polish Conspiracy; or, a Wandering Star [A novel.]","Du Tertre, Fanny",1893,London,England,English,Sampson Low,Fiction,3
14809639,South Australia and its mines; with an historical sketch of the colony,"Dutton, Francis",1846,London,England,English,,Non-fiction,3
14809660,Pride and its Prisoners. By A. L. O. E [i.e. Miss C. Tucker.],A. L. O. E.,1860,London,England,English,,Fiction,3
14809808,Half-Way. An Anglo-French Romance ... New and revised edition,"Edwards, Matilda Barbara Betham",1889,London,England,English,Sampson Low,Fiction,5
14809816,Now or Never,"Edwards, Matilda Barbara Betham",1859,Edinburgh,Scotland,English,,Fiction,5
14809877,The Cyanide Process for the extraction of gold and its practical application on the Witwatersrand Gold Fields in South Africa,"Eissler, Manuel",1895,London,England,English,Crosby Lockwood,Non-fiction,5
14809915,"A Naturalist in Mid-Africa, being an account of a journey to the Mountains of the Moon and Tanganyika","Elliot, George Francis Scott",1896,London,England,English,A. D. Innes,Non-fiction,5
14810180,A Tale that is Told,"Escombe, Edith",1893,London,England,English,"Eden, Remington",Fiction,5
14810190,Recollections of my early days; and Mabel Emslie. By Esperance,,1857,London,England,English,,Fiction,5
14810223,"A Tour through Italy, exhibiting a view of its Scenery, its Antiquities, and its Monuments; particularly as they are objects of Classical Interest ... with an account of the present state of its cities and towns and occasional observations on the recent spoliations of the French. 3 vol. (Vol. III. A Classical Tour through Italy and Sicily; tending to illustrate some districts which have not been described by Mr. Eustace in his classical tour. By Sir R. Colt Hoare.)","Eustace, John Chetwode",1815,London,England,English,,Non-fiction,5
14810234,St. Elmo. A novel,"Evans, afterwards Wilson, Augusta Jane",1889,London,England,English,"Ward, Lock",Fiction,5
14810325,Mademoiselle Ixe di Lanoe Falconer. (Traduzione di Aster.) La Mano dello spettro di Wilkie Collins. (Traduzione di Lida Cerracchini.) [(Seconda edizione.)],"Falconer, Lanoe, pseudonym [i.e. Mary Elizabeth Hawker]",1895,Milano,Italy,Italian,,Non-fiction,1
14810331,A History of Old Middlesbrough,"Fallows, William",1861,Newcastle upon Tyne,,English,J. G. Forster,Non-fiction,3
14810337,"A Family Story, a comedy in five acts [and in prose] ; of which a few copies only have been printed, for the private use of the author",,1814,Manchester,,English,,Fiction,4
14810349,A Cardinal Sin. A story. By Hugh Conway (F. J. F.) ... Fifth edition,"Fargus, Frederick John",1888,London,England,English,Remington,Fiction,3
14810403,"How he Died, and other poems","Farrell, John, of Sydney",1887,Sydney,,English,Turner & Henderson,Fiction,4
14810417,"Rambling notes and reflections, suggested during a visit to Paris in the winter of 1826-1827","Faulkner, Arthur Brooke, Sir",1827,London,England,English,,Non-fiction,5
14810447,'The Root of all Evil.' A farmhouse tragedy of thirty years ago [A novel.],"Fearon, Alec",1888,London,England,English,Sonnenschein,Fiction,5
14810498,Nurse Elisia [A novel.],"Fenn, George Manville",1892,London,England,English,Hurst & Blackett,Fiction,5
14810539,Music Hath Charms [A novel.],"Ferguson, V. Munro",1894,London,England,English,Osgood & McIlvaine,Fiction,5
14810558,Claud Brennan [A novel.],"Ferrars, John",1893,Bristol,England,English,J. W. Arrowsmith,Fiction,4
14810593,The Secret of Fontaine-la-Croix [A novel.],"Field, Margaret",1889,London,England,English,America ; F. V. White,Fiction,3
14810787,Personal Narrative of three years' service in China,"Fisher, Arthur A'Court",1863,London,England,English,,Non-fiction,3
14810800,"A Pastor's Memorial of Egypt, the Red Sea, the Wildernesses of Sin and Paran, Mount Sinai, Jerusalem, etc","Fisk, George, Reverend",1843,London,England,English,,Non-fiction,3
14810805,Jack's Partner and other stories ... With introduction by J. Hatton,"Fiske, Stephen",1894,London,England,English,Gay & Bird,Fiction,5
14810923,"Rachel's Romance; or, the Countess Otto","Fogerty, J.",1894,London,England,English,Diprose & Bateman,Fiction,4
14810924,"Arabistan: or the Land of 'The Arabian Nights.' Being travels through Egypt, Arabia, and Persia, to Bagdad ... With an introduction by Bayard Taylor [Illustrated.]","Fogg, William Perry",1875,London,England,English,Sampson Low,Non-fiction,3
14810938,"Narrative of a Mission to India, and the countries bordering on the Persian Gulf, by way of the Red Sea [Translated from the French.]","Fontanier, V.",1844,London,England,English,,Non-fiction,5
14811009,"Norway in 1848 and 1849: containing rambles among the fjelds and fjords of the central and western districts and including remarks on its political, military, ecclesiastical and social organization. With extracts from the Journals of M. S. Biddulph","Forester, Thomas",1850,London,England,English,,Non-fiction,3
14811107,The Fox and the Goose. A tale of the Curragh of Kildare. By the author of 'Spavin Hall.',,1887,Edinburgh  London,England  Scotland,English,Ward & Downey,Fiction,3
14811130,"Two Sketches of France, Belgium, and Spa, in two tours during the summers of 1771 and 1816; with a portrait of Napoleon's guide at Waterloo. By the author of Letters from Paris in 1802, 3 [i.e. Stephen Weston]",France,1817,London,England,English,,Non-fiction,4
14811146,An historical sketch of Watertown in Massachusetts from the first settlement of the town to the close of its second century,"Francis, Convers",1830,Cambridge  Massachusetts,,English,,Non-fiction,4
14811173,The Jews in the East [An abridged translation from the German of L. A. F.'s 'Nach Jerusalem!'] By P. Beaton,"Frankl, Ludwig August",1859,London,England,English,,Non-fiction,3
14811204,The Brown Ambassador. A story of the three days' moon,"Fraser, Hugh, Mrs",1895,London  New York,England  United States of America,English,Macmillan,Fiction,5
14811209,The Whaups of Durley [A novel.],"Fraser, William C.",1895,London,England,English,T. F. Unwin,Fiction,5
14811225,The Return of the O'Mahony. A romantic fantasy ... With illustrations,"Frederic, Harold",1893,London,England,English,W. Heinemann,Fiction,4
14811287,History of the parishes of East and West Ham ... Edited and revised by G. Pagenstecher,"Fry, Katharine",1888,London,England,English,,Non-fiction,4
14811348,In Northern Spain ... With map and eighty-nine illustrations,"Gadow, Hans",1897,London,England,English,A. & C. Black,Non-fiction,5
14811391,Views of Society and Manners in the North of Ireland; in a series of letters written in the year 1818,"Gamble, John, of Strabane",1819,London,England,English,,Non-fiction,3
14811445,Warped [A novel.],"Garth, John",1893,London,England,English,Digby & Long,Fiction,5
14811478,Drifting under the Southern Cross. An Australian romance,"Gay, Ellerton",1890,London,England,English,Gordon & Gotch,Fiction,3
14811485,The Maiden of the Iceberg. A tale in verse,"Gaye, Selina",1867,London,England,English,,Fiction,5
14811583,"In Pastures Green, and other stories","Gibbon, Charles",1880,London,England,English,Chatto & Windus,Fiction,4
14811604,Sketches in Egypt,"Gibson, Charles Dana",1899,London  New York,England  United States of America,English,Harper,Non-fiction,3
14811717,"True as Steel ... Translated by H. Frith [from 'L'Oncle Placide'], etc","Girardin, Jules Marie Alfred",1884,London,England,English,G. Routledge,Fiction,4
14811757,"Germany, Bohemia, and Hungary, visited in 1837","Gleig, G. R. (George Robert)",1830,London,England,English,,Non-fiction,5
14811786,Il Mal Occhio; or the Evil Eye [A story.],"Godkin, Georgina Sarah",1894,London,England,English,Swan Sonnenschein,Fiction,3
14811888,"Lights & Shades of Hill Life in the Afghan and Hindu Highlands of the Punjab. A contrast ... With maps and illustrations, etc","Gore, Frederick St. John",1895,London,England,English,John Murray,Non-fiction,3
14811927,"Germany, present and past","Baring-Gould, S. (Sabine)",1879,London,England,English,C. Kegan Paul,Non-fiction,5
14811997,"Bush-Life in Queensland; or, John West's colonial experiences","Grant, A. C.",1881,Blackwood  Edinburgh  London,England  Scotland,English,,Fiction,3
14812012,Paris and its People,"Grant, James",1844,London,England,English,,Non-fiction,5
14812013,"Records of a Run through Continental Countries, embracing Belgium, Holland, Germany, Switzerland, Savoy, and France","Grant, James",1853,London,England,English,,Non-fiction,5
14812115,Sketches in Greece and Turkey; with the present condition and future prospects of the Turkish Empire [By W. R. Greg.],Greece,1833,London,England,English,,Non-fiction,3
14812134,"Little Lady Clare, etc","Everett-Green, Evelyn",1888,London,England,English,Blackie,Fiction,3
14812146,The Sign of the Red Cross: a tale of Old London,"Everett-Green, Evelyn",1896,London,England,English,T. Nelson,Fiction,3
14812154,Poems,"Green, Kathleen Haydn",1899,London,England,English,Dean,Fiction,5
14812156,Pictures from Bible Lands drawn with pen and pencil. Edited by S. G. G. The illustrations by E. Whymper and other ... artists,"Green, Samuel Gosnell",1879,London,England,English,Religious Tract Society,Non-fiction,5
14812179,Haps and mishaps of a tour in Europe,"Greenwood, Grace, pseudonym [i.e. Sara Jane Clarke, afterwards Lippincott]",1854,Boston  Massachusetts,United States of America,English,,Non-fiction,5
14812220,"Geography of Africa south of the Zambesi; ... With three maps, etc","Greswell, William Henry Parr",1892,Oxford,England,English,Clarendon,Non-fiction,5
14812323,Ordnance Gazetteer of Scotland ... New edition. Edited by F. H. Groome,"Groome, Francis Hindes",1894,London,England,English,W. Mackenzie,Non-fiction,3
14812350,"The Americans in their moral, social, and political relations. From the London edition","Grund, Francis J. (Francis Joseph)",1837,Boston  Massachusetts,United States of America,English,,Non-fiction,5
14812351,Aristocracy in America; from the Sketch-book of a German Nobleman [Translated from the German.],"Grund, Francis J. (Francis Joseph)",1839,London,England,English,,Non-fiction,4
14812368,"The Wife of Two Husbands, a musical drama, in three acts. As performed at the Theatre-Royal, Drury-Lane. By J. Cobb, etc. (Taken from 'La Femme à deux maris,' by Guilbert de Pixerècourt [sic] .)","Guilbert De Pixérécourt, René Charles",1803,London,England,English,,Fiction,3
14812409,"Comparative Physical Geography; or the earth in relation to man ... Translated from the French by C. C. Felton, etc","Guyot, Arnold Henri",1850,London,England,English,,Non-fiction,5
14812455,"Allan's Wife, and other tales ... With thirty-four illustrations by Maurice Greiffenhagen and Charles Kerr","Haggard, H. Rider (Henry Rider)",1889,London,England,English,Spencer Blackett,Fiction,5
14812473,Montezuma's Daughter [With illustrations.],"Haggard, H. Rider (Henry Rider)",1893,London,England,English,Longmans,Fiction,3
14812533,"Cupid's Curse, and other tales","Hall, Charles Edmund",1879,London,England,English,,Fiction,3
14812537,"Travels in Canada and the United States, in 1816 and 1817 [With Map.]","Hall, Francis, colonel",1818,London,England,English,,Non-fiction,5
14812538,"Travels in France, in 1818","Hall, Francis, colonel",1819,London,England,English,,Non-fiction,4
14812546,"[Statistics of the West] The West; its soil, surface, and productions","Hall, James, Judge of the Circuit Court of Illinois",1848,Cincinnati,United States of America,English,,Non-fiction,3
14812548,Nursery Songs [Edited and] illustrated by J. Hall,"Hall, Jessie",1893,London,England,English,Marcus Ward,Non-fiction,3
14812560,The book of the Thames,"Hall, S. C. (Samuel Carter)",1877,London,England,English,,Non-fiction,3
14812575,"The Nursery Rhymes of England, obtained principally from oral tradition. Second edition. With additions","Halliwell-Phillipps, J. O. (James Orchard)",1843,London,England,English,,Fiction,4
14812586,Among the Turks,"Hamelin, Cyrus",1878,"New York, Cambridge",,English,,Non-fiction,3
14812594,Sketches of life and sport in South-Eastern Africa. Edited by F. G. H. Price. Illustrated by P. Mêjanel,"Hamilton, Charles Edward",1870,London,England,English,,Non-fiction,3
14812614,"A New Sea and an Old Land, being papers suggested by a visit to Egypt at the end of 1869, etc","Hamley, William George",1871,& London  Edinburgh,Scotland,English,,Non-fiction,3
14812644,"An Improved Topographical and Historical Hibernian Gazetteer ... Scientifically arranged, with an appendix of ancient names. To which is added, an introduction to the ancient and modern History of Ireland","Hansbrow, G.",1835,Dublin,Ireland,English,R. M. Tims,Non-fiction,3
14812659,"A Sketch of Madeira; containing information for the traveller, or invalid visitor. (Appendix.-List of plants, birds, etc. of Madeira.)","Harcourt, Edward Vernon",1851,London,England,English,,Non-fiction,5
14812683,"Princess and Priest (a tale of old Egypt), and Mademoiselle Étienne ... With a preface by Professor Sayce","Hardy, A. S. F.",1895,London,England,English,Downey,Fiction,5
14812731,The woodlanders,"Hardy, Thomas",1887,London  New York,England  United States of America,English,Macmillan,Fiction,5
14812735,Florence,"Hare, Augustus John Cuthbert",1884,London,England,English,"Smith, Elder",Non-fiction,5
14812769,"The Exeter Road. The story of the West of England highway ... Illustrated by the author, etc","Harper, Charles G. (Charles George)",1899,London,England,English,Chapman & Hall,Non-fiction,5
14812839,Bianca [A novel.],"Harte, Edith Bagot, Mrs",1893,London,England,English,T. Fisher Unwin,Fiction,5
14812844,The New Academe: an educational romance,"Hartington, Edward",1893,London,England,English,Chapman & Hall,Fiction,3
14812877,"Stamboul, and the Sea of Gems. By the author of 'The bridal and the bridle' [i.e. J. B. Harwood]","Harwood, John Berwick",1852,London,England,English,Richard Bentley,Non-fiction,3
14812880,"Travels in England, France, Italy and Ireland ... Fourth thousand","Haskins, George Foxcroft",1856,Boston  Massachusetts,United States of America,English,,Non-fiction,5
14812924,A Great Gulf Fixed. A tale,"Havell, Herbert Lord",1891,Reading,England,English,W. Smith,Fiction,3
14812942,An American Monte Cristo: a romance,"Hawthorne, Julian",1892,London,England,English,W. H. Allen,Fiction,3
14812975,David Westren [A poem.],"Hayes, Alfred",1888,Birmingham,,English,Cornish,Fiction,3
14813036,Brenda [A novel.],"Heawood, A. S.",1895,London,England,English,"Digby, Long",Fiction,5
14813123,Sir George. A novel,"Henniker, Florence",1891,London,England,English,R. Bentley,Fiction,5
14813128,"The history of Henry County, Iowa. ... Illustrated",,1879,Chicago,United States of America,English,Western Historical,Non-fiction,5
14813134,"The early and later History of Petroleum, with ... facts in regard to its development in Western Pennsylvania. ... Also life sketches of pioneer and prominent operators, etc","Henry, J. T.",1873,Philadelphia,,English,,Non-fiction,4
14813189,"A Search after Sunshine; or, Algeria in 1871","Herbert, Mary Elizabeth, Baroness Herbert of Lea",1872,London,England,English,,Non-fiction,5
14813233,"Amyas Egerton, Cavalier [A romance.]","Hervey, Maurice H.",1896,Bristol,England,English,J. W. Arrowsmith,Fiction,5
14813295,The Bedouin Girl [A romance.],"Higginson, S. J., Mrs",1894,London,England,English,Isbister,Fiction,5
14813307,A Trip round the World,"Hill, Castle",1890,London,England,English,Digby & Long,Non-fiction,5
14813318,"The Divinations of Kala Persad, and other stories","Hill, Headon, pseudonym [i.e. Francis Edward Grainger]",1895,London,England,English,"Ward, Lock",Fiction,5
14813359,"Over the Sea and far away, being a Narrative of wanderings round the world ... With ... illustrations, etc","Hinchliff, Thomas Woodbine",1876,London,England,English,,Non-fiction,5
14813410,The Sinner's Comedy [A novel.],"Hobbes, John Oliver",1892,London,England,English,T. F. Unwin,Fiction,3
14813444,"Tregeagle's Head; a Romance of the Cornish Cliffs ... With ... illustrations, etc","Hocking, Silas Kitto",1890,London  New York,England  United States of America,English,F. Warne,Fiction,3
14813460,"Australia, from Port Macquarie to Moreton Bay; with descriptions of the nature, the geology, productions and resources of that region","Hodgkinson, Clement",1845,London,England,English,,Non-fiction,5
14813491,"Tour on the Continent in France, Switzerland, and Italy, in the years 1817 and 1818","Hog, Roger, esq",1824,London,England,English,,Non-fiction,3
14813502,Two hundred and nine days; or the Journal of a Traveller on the Continent,"Hogg, Thomas Jefferson",1827,London,England,English,,Non-fiction,5
14813552,Quinford [A tale.],"Holmes, Arthur Henry",1899,London,England,English,Sign of the Unicorn,Fiction,5
14813554,Poems. Second series,"Holmes, Edmond Gore Alexander",1879,London,England,English,,Fiction,5
14813569,Our Hundred Days in Europe,"Holmes, Oliver Wendell",1887,Boston  New York,United States of America,English,Houghton,Non-fiction,4
14813572,"Holroyd's Collectanea: Papers relating to the history of Bradford and the towns ... in the neighbourhood, etc","Holroyd, Abraham",1865,Bradford,England,English,A. Holroyd,Non-fiction,5
14813580,Lady Sybil's Choice: a tale of the Crusades,"Holt, Emily Sarah",1879,London,England,English,J. F. Shaw,Fiction,3
14813647,Journal of a tour in Iceland in the summer of 1809,"Hooker, William Jackson, Sir",1813,"London, Yarmouth",England,English,Longman,Non-fiction,3
14813695,"Pyrrhus, king of Epirus, a Tragedy; [in five acts and in verse]","Hopkins, Charles, dramatist",1695,London,England,English,,Fiction,4
14813705,An Idler in Old France [Essays.],"Hopkins, Tighe",1899,London,England,English,Hurst & Blackett,Non-fiction,3
14813721,"Orlando Figgins, and other stories","Hoppus, afterwards Marks, Mary A. M.",1891,London,England,English,Ward & Downey,Fiction,5
14813736,In and around Stamboul,"Hornby, Emilia Bithynia, Lady",1863,London,England,English,,Non-fiction,4
14813757,"Directions for sailing to and from the East Indies, China, New Holland, Cape of Good Hope, and the interjacent Ports","Horsburgh, James",,London,England,English,,Non-fiction,5
14813801,Texas and the Gulf of Mexico: or Yachting in the New World,"Houstoun, Matilda Charlotte",1844,London,England,English,,Non-fiction,4
14813809,"Letters from the West Indies; relating especially to the Danish island St. Croix, and to the British islands Antigua, Barbadoes and Jamaica","Hovey, Sylvester",1838,New York,United States of America,English,,Non-fiction,3
14813851,Italian Journeys,"Howells, William Dean",1880,Boston,,English,Houghton,Non-fiction,5
14813856,Tuscan Cities ... With illustrations from drawings and etchings by J. Pennell and others,"Howells, William Dean",1886,"Boston, Massachusetts  Cambridge  Massachusetts",United States of America,English,Ticknor,Non-fiction,3
14813867,"The rural and domestic life of Germany, with characteristic sketches of its cities and scenery, collected in a general tour, and during a residence in the country in 1840, 41 and 42","Howitt, William",1842,London,England,English,,Non-fiction,4
14813875,"The River Dee, its aspect and history, etc","Howson, J. S. (John Saul)",1889,London,England,English,J. S. Virtue,Non-fiction,5
14813923,A class book of physical geography,"Hughes, William, f.r.g.s",1882,London,England,English,G. Philip,Non-fiction,3
14813938,The Rhine; from the French ... by D. M. Aird,"Hugo, Victor",1853,London,England,English,,Non-fiction,3
14813979,"The Dwarf's Chamber, and other stories ... With illustrations ... Colonial edition","Hume, Fergus",1896,London,England,English,"Ward, Lock & Bowden",Fiction,5
14814017,The Poetical Works of Leigh Hunt,"Hunt, Leigh",1832,London,England,English,,Fiction,5
14814087,That Fiddler Fellow,"Hutchinson, Horace Gordon",1891,London,England,English,E. Arnold,Fiction,5
14814097,"Pen and pencil sketches: being reminiscences during eighteen years' residence in Bengal ... edited by Rev. John Wilson, etc","Hutchisson, W. H. Florio",1883,London,England,English,Sampson Low,Non-fiction,3
14814180,"Explorations in Africa, by Dr. David Livingstone, and others, giving a full account of the Stanley-Livingstone expedition of search ... as furnished by Dr. Livingstone and Mr. Stanley ... Edited by L. D. Ingersoll ... With maps and illustrations","Ingersoll, Lurton Dunham",1872,Chicago  San Francisco,United States of America,English,A. L. Bancroft ; Union Publishing,Non-fiction,3
14814221,"Travels in Egypt and Nubia, Syria and Asia Minor: during the years 1817 & 1818","Irby, Charles Leonard, Honourable",1823,London,England,English,T. White,Non-fiction,5
14814244,"Some of the Rhymes of Ironquill, of Kansas, U.S.A. A book of moods. Sixth edition",,1896,London,England,English,G. Redway,Fiction,5
14814248,Tales of a Father,"Irvine, James Pearson",1860,"London, Colchester",England,English,,Fiction,5
14814260,"Abbotsford en de Abdij van Newstead, of een Bezoek op de landgoederen van Sir Walter Scott en Lord Byron, etc","Irving, Washington",1836,Haarlem,,Dutch,,Fiction,1
14814308,Poems and other verses. By H. A. R. J,"J, H. A. R.",1896,London,England,English,T. F. Unwin,Fiction,4
14814323,"The Demon of the Wind, and other poems","Jackson, G. Hunt",1898,London,England,English,J. Long,Fiction,5
14814353,"Songs at Sunset; or, leisure lays of a business man. Written by Jacobus",,1886,London,England,English,Passmore & Alabaster,Fiction,4
14814364,Sultan Murad v. The Turkish Dynastic Mystery 1876-1895 [In the form of a story.] By Djemaleddin Bey,,1895,London,England,English,Kegan Paul,Non-fiction,3
14814368,Against the Grain [A novel.],"James, Charles Thomas Clement",1889,London,England,English,Spencer Blackett,Fiction,3
14814370,The Blindness of Memory Earle. A romance,"James, Charles Thomas Clement",1890,London,England,English,Remington,Fiction,3
14814381,Letters archaeological and historical relating to the Isle of Wight. By ... E. B. James ... Collected and arranged by his widow (R. B. James) [With a biographical sketch.],"James, Edward Boucher",1896,London,England,English,H. Frowde,Non-fiction,4
14814495,"The Captain's Cabin, a Christmas Yarn ... Illustrated by W. MacKay. Fifth thousand","Jenkins, John Edward",1877,London,England,English,,Fiction,5
14814519,"Field Paths and Green Lanes: being country walks, chiefly in Surrey and Sussex. ... Illustrated with sketches by J. W. Whymper","Jennings, Louis John",1877,London,England,English,,Non-fiction,4
14814573,London and its Celebrities: a Second Series of Literary and Historical Memorials of London,"Jesse, John Heneage",1850,London,England,English,,Non-fiction,5
14814633,On Fertilizers ... Second edition,"Johnson, Cuthbert William",1851,London,England,English,,Non-fiction,5
14814636,"The Stranger in India: or, Three years in Calcutta","Johnson, George William",1843,London,England,English,,Non-fiction,5
14814637,"The Exploits of Myles Standish, etc [A tale.]","Johnson, Henry",1897,London,England,English,Sampson Low,Non-fiction,3
14814743,The Miners' Manual. A legal hand-book for employer and employed,"Jones, Llewellyn Arthur Atherley",1882,London,England,English,Cassell,Non-fiction,3
14814797,"Travels through France and Germany in the years 1815-1817, comprising a view of the moral, political and social state of those countries. Interspersed with ... historical and political anecdotes, etc","Jürgensen, Jørgen, called the Criminal King",1817,London,England,English,,Non-fiction,3
14814924,A Year of Consolation [Travels in Italy.],"Kemble, afterwards Butler, Frances Anne",1847,London,England,English,,Non-fiction,5
14814937,"The Iron Ores of Great Britain and Ireland, their mode of occurrence, age and origin ... with a notice of some of the iron ores of Spain, etc","Kendall, J. D.",1893,London,England,English,C. Lockwood,Non-fiction,3
14814939,White Poppies. A novel ... With illustrations by R. A. Bell,"Kendall, May",1893,London,England,English,Ward & Lock,Fiction,5
14814972,"A History of the Parish of Leyton, Essex. With maps, etc","Kennedy, John, vicar of St. Catherine's, Leyton",1894,Leyton,,English,Phelps,Non-fiction,4
14814991,Skill wins Favour. A novel,"Kent, Dorothy S., Mrs",1889,Guildford  London,England,English,Roper & Drowley,Fiction,5
14815011,"Personal Narrative of a Journey from India to England, by Bussorah ... Astrakhan ... and St. Petersburgh in the year 1824 [With illustrations.]","Keppel, George Thomas, Earl of Albemarle",1827,London,England,English,Henry Colburn,Non-fiction,3
14815104,A Geraldine,"King, Richard Ashe",1892,London,England,English,Ward & Downey,Fiction,5
14815113,The Mystic Quest. A tale of two incarnations,"Kingsland, William, m.i.e.e",1891,London,England,English,G. Allen,Fiction,5
14815131,"Madam How and Lady Why; or, first lessons in earth lore for children. With ... illustrations","Kingsley, Charles",1870,London,England,English,,Non-fiction,5
14815157,Valentin. A French Boy's Story of Sedan,"Kingsley, Henry",1872,London,England,English,,Fiction,4
14815179,"Great African Travellers, from Bruce and Mungo Park to Livingstone and Stanley ... With ... illustrations","Kingston, William Henry Giles",1890,London,England,English,G. Routledge,Non-fiction,5
14815206,Het Licht dat verdween. Uit het Engelsch,"Kipling, Rudyard",1892,Amsterdam,,Dutch,,Fiction,1
14815208,"Out of India. Things I saw, and failed to see, in certain days and nights at Jeypore and elsewhere [Including 'Letters of Marque' and 'The City of Dreadful Night.']","Kipling, Rudyard",1895,New York,United States of America,English,G. W. Dillingham,Non-fiction,3
14815287,Sketches of life in Japan ... With illustrations,"Knollys, Henry, Sir, k.c.v.o",1887,London,England,English,Chapman & Hall,Non-fiction,5
14815289,"Två Månader i Egypten. Anteckningar ... Med 2 Kartar, 16 träsnitt, etc","Knorring, Eric Oscar von",1873,Stockholm,,Swedish,,Non-fiction,1
14815319,Travels in Brazil,"Koster, Henry",1816,London,England,English,,Non-fiction,4
14815323,"A new Voyage round the world, in ... 1823, 24, 25, and 26. (Appendix.-Review of the Zoological Collection of F. Eschscholtz.)","Kotzebue, Otto von",1830,London,England,English,,Non-fiction,4
14815332,"The practice of ore dressing in Europe, etc","Kunhardt, Wheaton B.",1884,New York,United States of America,English,J. Wiley,Non-fiction,4
14815387,"A Ride on Horseback to Florence, through France and Switzerland; described in a series of letters. By a Lady [Mrs. Dalkeith Holmes]",,1842,London,England,English,,Non-fiction,3
14815405,"A Tour in Sweden in 1838, etc","Laing, Samuel",1839,London,England,English,,Non-fiction,3
14815494,Wanderings in India: and other sketches of life in Hindostan,"Lang, John",1859,London,England,English,,Non-fiction,3
14815497,"Cyprus: its history, its present resources and future prospects. With two illustrations and four maps","Lang, Robert Hamilton, Sir, k.c.m.g",1878,London,England,English,,Non-fiction,5
14815517,Narrative of a Residence at the Court of Meer Ali Moorad; with Wild Sports in the Valley of the Indus,"Langley, Edward Archer",1860,Bungay  London,England,English,,Non-fiction,3
14815526,Russian Characteristics. Reprinted ... from the Fortnightly Review,"Lanin, E. B., pseudonym [i.e. Emil Joseph von Dillon]",1892,London,England,English,Chapman & Hall,Non-fiction,3
14815565,Lochandhu ... Second edition,"Lauder, Thomas Dick, Sir, Baronet",1891,Elgin,Scotland,English,J. Watson,Fiction,3
14815620,Dr. Bruno's Wife. A Toronto society story,"Lawson, Jessie Kerr, Mrs",1893,London,England,English,"Simpkin, Marshall",Fiction,3
14815637,A king's ransom. By the author of 'The martyrs of the Cornhill' [i.e. Nina F. Layard],"Layard, Nina Frances",1888,Ipswich  London,England,English,"Pawsey & Hayes ; Simpkin, Marshall",Fiction,4
14815733,Vanitas. Polite stories,"Lee, Vernon",1892,New York,United States of America,English,Lovell,Fiction,3
14815788,"Reconnoitering Voyages and Travels, with adventures in the New Colonies of South Australia, ... including visits to the Nicobar and other islands of the Indian Seas, Calcutta, the Cape of Good Hope, and St. Helena, during the years 1836-38. Embellished by engravings","Leigh, W. H., of the African Institution of Paris",1839,London,England,English,,Non-fiction,5
14815810,"Travels after the Peace of Amiens through parts of France, Switzerland, Italy, and Germany","Lemaistre, J. G.",1806,London,England,English,,Non-fiction,4
14815811,"From London to Bokhara, and a ride through Persia","Le Messurier, Augustus",1889,London,England,English,R. Bentley,Non-fiction,3
14815815,A Pair of Lovers and other tales,"Lemon, afterwards Hildyard, Ida Jane",1893,London,England,English,Smith & Elder,Fiction,4
14815821,A Covenant with the Dead ... New edition,"Lemore, Clara",1893,London,England,English,Griffith & Farran,Fiction,5
14815857,"Man's Origin and Destiny sketched from the platform of the sciences, in a course of lectures delivered before the Lowell Institute, in Boston","Lesley, Peter",1868,Philadelphia,,English,,Non-fiction,3
14815862,Leslie ... By the author of 'A Modern Milkmaid' [i.e. Elinor Huddart.] ... A new edition,,1893,London,England,English,Digby & Long,Fiction,5
14816226,The City of Palaces; a fragment. And other poems,"Atkinson, James",1824,Calcutta,,English,Government Gazett Press,Fiction,5
14816783,"The deserted village, etc","Goldsmith, Oliver",1885,London,England,English,Cassell,Fiction,5
14816861,"The Poetical Works of G. Herbert; and The Synagogue, by C. Harvey. With introduction by J. Nichol ... The text edited by C. Cowden Clarke","Herbert, George",1885,London  Perth,England,English,Ward & Lock,Fiction,5
14816911,Prince Malcolm: in five cantos; with other poems,"Humphreys, John Doddridge",1813,London,England,English,,Fiction,5
14817022,The Blue Poetry Book. Edited by Andrew Lang. With numerous illustrations by H. J. Ford and Lancelot Speed. L.P,"Lang, Andrew",1891,London,England,English,Longmans,Fiction,5
14817076,"Manual of the Vaṇṇi Districts, Vavun̤iya and Mullaittívu, of the Northern Province, Ceylon","Lewis, J. Penry (John Penry)",1895,Colombo,,English,H. C. Cottle,Non-fiction,4
14817088,"Travels to the Source of the Missouri River and across the American Continent to the Pacific Ocean, performed by order of the Government of the United States in the years 1804, 1805, and 1806. By Captains Lewis and Clarke. Published from the official report, and illustrated by ... maps [Another edition of 'History of the Expedition under the command of Captains Lewis and Clarke, etc.' By Nicholas Biddle. Edited by T. Reus.]","Lewis, Meriwether",1814,London,England,English,Longman,Non-fiction,3
14817102,Round the World in 124 days. ... With map and illustrations,"Leyland, Ralph Watts",1880,Liverpool,England,English,G. G. Walmsley,Non-fiction,4
14817172,Caroline [A novel.],"Lindsay, Lady (Caroline Blanche Elizabeth)",1888,London,England,English,Bentley,Fiction,5
14817174,The Philosopher's Window and other stories,"Lindsay, Lady (Caroline Blanche Elizabeth)",1892,London,England,English,A & C. Black,Fiction,3
14817225,"A Journey to Paris in the year 1698 ... Edited, with annotations, a life of Lister, and a Lister bibliography, by Raymond Phineas Stearns [A facsimile of the third edition, 1699.]","Lister, Martin",1823,"London, Shaftesbury",England,English,,Non-fiction,5
14817229,"Through the Yang-tse Gorges ... Third and revised edition, etc","Little, Archibald John",1898,London,England,English,Sampson Low,Non-fiction,3
14817240,Sketches in Sunshine and Storm. A collection of miscellaneous essays and notes of travel,"Knox-Little, W. J. (William John)",1892,London,England,English,Longmans,Non-fiction,3
14817291,"Loafing and Loving, and other stories. By the author of 'My Neighbour Nellie' ... Illustrated, etc",,1890,London,England,English,'Fun' Office,Fiction,5
14817335,The Inns of Court and Chancery ... New edition,"Loftie, William John",1894,London,England,English,Seeley,Non-fiction,5
14817391,Revenue of the United States. Official Report by ... D. A. W. ... Reprinted [With a preface by the Cobden Club.],"Cobden Club (London, England)",1872,Washington,United States of America,English,,Non-fiction,4
14817436,Wreck of the 'London.',,1866,London,England,English,,Non-fiction,5
14817552,The Wanderer in Western France. Illustrated by the Hon. E. York,"Lowth, George Thomas",1863,London,England,English,,Non-fiction,5
14817599,"The Mission to Kandahar, with appendices ... With supplementary report of the expedition into Upper Meeránzye and Kourrum in 1856","Lumsden, H. B.",1860,Calcutta,,English,Baptist Mission Press,Non-fiction,3
14817627,"Narrative of a Journey from Calcutta to Europe, by way of Egypt, in the years 1827-28","Lushington, Charles, Mrs",1829,London,England,English,,Non-fiction,3
14817639,Won by Waiting: a story of home life in France and England,"Lyall, Edna",1879,London,England,English,,Fiction,5
14817673,Egyptian Sketches ... With ... illustrations,"Lynch, Jeremiah",1890,London,England,English,E. Arnold,Non-fiction,4
14817706,Suspicion. A story,"Lys, Christian",1889,London,England,English,Ward & Downey,Fiction,4
14817792,Reminiscences of Rome,"Maccartan, Eugene",1883,London,England,English,Burns & Oates,Non-fiction,3
14817827,An Artist in the Himalayas ... Illustrated by over 100 original sketches made on the journey,"Maccormick, Arthur David",1895,London,England,English,T. F. Unwin,Non-fiction,3
14817848,Losses in Gold Amalgamation: with notes on the concentration of gold and silver ores. With ... plates,"Macdermott, Walter",1890,London,England,English,E. & F. N. Spon,Non-fiction,4
14817930,"Brought to Bay; or, Experiences of a City Detective","Macgovan, James",1878,Edinburgh,Scotland,English,,Fiction,5
14817999,"Lady Glenroy, or, the Mystery in the Moonlight [A novel.]","Mackeand, George",1893,London,England,English,J. Blackwood,Fiction,3
14818052,"A dissertation on the topography of the Plain of Troy, including an examination of the opinions of Demetrius, Chevalier, Dr. Clarke, and Major Rennell","Maclaren, Charles",1822,Edinburgh,Scotland,English,,Non-fiction,3
14818283,Man: fragments of forgotten history. By two Chelas in the Theosophical Society,,1885,London,England,English,Reeves & Turner,Non-fiction,3
14818313,"Shadow and Sunlight. Poems, etc","Mann, Arthur M.",1893,Cape Town,,English,J. C. Juta,Fiction,5
14818399,"A Narrative of the Cruise of the Yacht Maria among the Feroe Islands in the Summer of 1854, etc [By A. H. Davenport? With plates.]",,1855,London,England,English,"Longman, Brown, Green & Longmans",Non-fiction,3
14818445,At Heart a Rake,"Marryat, Florence",1895,London,England,English,H. Cox,Fiction,5
14818455,The Dream that stayed,"Marryat, Florence",1896,London,England,English,Hutchinson ; Nimequen,Fiction,5
14818553,The Mahatma's Pupil,"Marsh, Richard",1893,London,England,English,Henry,Fiction,4
14818585,Mrs. Haycock's Chronicles: a story of life-service,"Marshall, Emma",1877,London,England,English,,Fiction,5
14818589,The Rochemonts. A story of three homes,"Marshall, Emma",1879,London,England,English,,Fiction,5
14818614,Cousin Simon [A novel.],"Marsham, Clara Catherine, Honourable Mrs Robert Marsham",1879,London,England,English,Chapman & Hall,Fiction,5
14818625,Home Life on an Ostrich Farm. ... Second edition,"Martin, Annie",1891,London,England,English,G. Philip,Non-fiction,5
14818626,"The Withered Jester, and other verses","Martin, Arthur Patchett",1895,London,England,English,J M Dent,Fiction,5
14818708,"Our Cousins in Australia; or, Reminiscences of S. Norris","Massary, Isabel",1867,Edinburgh,Scotland,English,,Fiction,3
14818813,"Five Years in Madagascar, with notes on the military situation","Maude, Francis Cornwallis",1895,London,England,English,Chapman & Hall,Non-fiction,5
14818814,Visit to the Falls of Niagara in 1800,"Maude, John, esq",1826,"London, Wakefield",England,English,,Non-fiction,5
14818840,Love and Law. Two stories,"Max, Carl, pseudonym",1879,London,England,English,Remington,Fiction,5
14818955,Impressions of England,"Melfort, Édouard, count",1836,London,England,English,,Non-fiction,3
14818957,"A Geographical Description of the United States with the contiguous British and Spanish Possessions, intended as an accompaniment to Melish's map of these countries","Melish, John",1826,New York,United States of America,English,,Non-fiction,3
14818986,The Piazza Tales,"Melville, Herman",1856,New York,United States of America,English,Dix & Edwards,Fiction,3
14819045,"The White Pilgrim, and other poems","Merivale, Herman Charles",1883,London,England,English,Chapman & Hall,Fiction,4
14819082,Dr. Oliver's Maid. A story in four chapters,"Meteyard, Eliza",1857,"London, Berlin",England,English,,Fiction,4
14819089,"Across East African Glaciers. An account of the first ascent of Kilimanjaro ... Translated from the German by E. H. S. Calder. With ... illustrations and ... maps, etc [With a biography and appendices.] L.P","Meyer, Hans",1891,London,England,English,G. Philip,Non-fiction,3
14819096,"The history of Miami County, Ohio ... Illustrated",,1880,Chicago,United States of America,English,W. H. Beers,Non-fiction,3
14819119,Vaia's Lord [A novel.],"Middlemass, Jean",1889,London,England,English,Sonnenschein,Fiction,5
14819151,Ned Stafford's experiences in the United States,"Milford, Philip",1886,London,England,English,Sampson Low,Fiction,3
14819171,First impressions of England and its people,"Miller, Hugh",1847,London,England,English,,Non-fiction,3
14819179,Songs of Far-Away Lands,"Miller, Joaquin",1878,London,England,English,,Fiction,5
14819205,Glimpses of Southern France and Spain,"Mills, L. E.",1867,Cincinnati,United States of America,English,,Non-fiction,5
14819261,Was she good or bad? A holiday episode,"Minto, William",1889,London,England,English,Chatto & Windus,Fiction,5
14819283,Golden Horseshoes. A tale of chivalry for young and old,"Mitchell, Elizabeth Harcourt",1884,London,England,English,Masters,Fiction,5
14819323,A Bachelor Girl in London [A tale.],"Mitton, Geraldine Edith, afterwards Scott (Geraldine Edith) Lady",1893,London,England,English,Hutchinson,Fiction,3
14822951,Rambles roundabout and Poems ... Edited by Edward Dicey,"De Wilde, George James",1872,Northampton,England,English,Dicey,Both,5
14823028,"The History of Ancient Malmesbury, being a lecture, etc [With plates.]","Jennings, Joseph Cave Spicer",1891,Malmesbury,,English,N. Riddick,Both,5
14823352,"The Visitor's Guide to Oxford. (Abridged ... from the 'Handbook for Visitors to Oxford.') A new edition, with 110 illustrations [The preface is signed, J. P.]","P, J.",1881,Oxford,,English,Parker,Non-fiction,5
14823577,"Impressions of America, during the years 1833, 1834 and 1835","Power, Tyrone",1836,London,England,English,,Non-fiction,5
14823651,"A Cruel Case; or, The Bar Sinister. A novel","Rathborne, St. George",1897,London,England,English,Aldine Publishing,Fiction,5
14823769,The Dynamical Theory of the Formation of the Earth,"Ritchie, Archibald Tucker",1850,London,England,English,,Non-fiction,5
14823819,Poems,"Robinson, Mary",1791,London,England,English,,Fiction,5
14823909,Happy with Either. A novel. By A. L. O. S,"S, A. L. O.",1878,"London, Guildford",England,English,,Fiction,5
14823934,There and Back again in search of Beauty,"St. John, James Augustus",1853,London,England,English,,Non-fiction,3
14823943,Paris herself again in 1878-9 ... Fifth edition,"Sala, George Augustus Henry Fairfield",1880,London,England,English,Remington,Non-fiction,3
14824089,"Scotland and the Scotch; or, The Western Circuit. ... Third thousand, with ... additions. (Shetland and the Shetlanders; or, the Northern Circuit, etc.)","Sinclair, Catherine",1841,Edinburgh,Scotland,English,,Non-fiction,5
14824145,"Vagabondiana, or, Anecdotes of mendicant wanderers through the streets of London; with portraits of the most remarkable ... A new edition [With plates.]","Smith, John Thomas",1874,London,England,English,Chatto & Windus,Non-fiction,4
14824259,Sunny Memories of Foreign Lands,"Stowe, Harriet Beecher",1854,London,England,English,Sampson Low,Non-fiction,4
14824518,Paris and the Parisians in 1835,"Trollope, Frances Milton",1836,London,England,English,,Non-fiction,5
14824908,Readings from great English Writers. With biographical notes,"Wright, J. C. (John Charles)",1893,London,England,English,W. H. Allen,Both,3
14824923,"America, its realities and resources; comprising important details connected with the present ... state of the country; its laws and customs, together with a review of the policy of the United States, the Texas and Oregon Questions, etc","Wyse, Francis",1846,London,England,English,,Non-fiction,5
14824974,Antiquities of Shropshire [With plates and maps.],"Eyton, Robert William",1853,London,England,English,J. R. Smith,Non-fiction,3
14825800,Monte Cristo and his Wife. A companion story to 'The Count of Monte Cristo' [by Alexandre Dumas],,1891,London,England,English,Routledge,Fiction,3
14825826,"Two Months abroad: or, a Trip to England, France, Baden, Prussia, and Belgium. In August and September, 1843. By a rail-road director of Massachusetts [i.e. Elias H. Derby]",,1844,Boston,,English,Redding,Non-fiction,4
14825850,In our Hours of Ease [Short stories.],"Moore, Frank Frankfort",1896,London,England,English,Mentz,Fiction,4
14825898,The Loves of the Angels ... Second edition,"Moore, Thomas",1823,London,England,English,,Fiction,5
14825922,Sailing Directions for the Red Sea,"Moresby, Robert",1841,London,England,English,,Non-fiction,5
14825936,Doorside Ditties,"Morison, afterwards Campbell, Jean",1893,London,England,English,W. Blackwood,Fiction,5
14826045,Old Dorset : chapters in the history of the county,"Moule, H. J. (Henry Joseph)",1893,London,England,English,Cassell,Non-fiction,5
14826188,Gobi or Shamo; a story of three songs,"Murray, George Gilbert Aimé",1889,London,England,English,Longmans,Fiction,4
14826216,"A Visit of Japheth to Shem and Ham [An account of a visit to Europe, Egypt and the Holy Land.]","Mutchmore, Samuel A.",1889,New York,United States of America,English,R. Carter,Non-fiction,3
14826227,"Microcosmus; a morall maske [in five acts, in prose and verse], etc","Nabbes, Thomas",1637,London,England,English,C. Greene ; R. Oulton,Fiction,5
14826316,"A Relation of a Voyage to Sagadahoc, now first printed from the original manuscript in the Lambeth Palace Library [entitled: 'The Relation of a Voyage unto New England began from the Lizard ye first of June 1607. By Captn. Popham in ye ship ye Gift. Captn. Gilbert in ye Mary and John,' etc.] Edited with preface, notes and appendix by ... B. F. Decosta [With a paper annexed, entitled: 'The Two Hundred and Seventy-Third Anniversary of Sagadahoc.']",,1880,Cambridge  Massachusetts,,English,I. Wilson,Non-fiction,3
14826320,"A Gazetteer of the State of New York ... Also, statistical tables, including the Census of 1840, and tables of distances, etc [By O. L. Holley.]","New York, State of",1842,Albany,United States of America,English,,Non-fiction,4
14826325,The Impress of a Gentlewoman [A novel.],"Newberry, Fanny E.",1894,London,England,English,Hutchinson,Fiction,3
14826407,Doctor Bernard St. Vincent. A sensational romance of Sydney,"Nisbet, Hume",1889,London,England,English,Ward & Downey,Fiction,3
14826412,"Her Loving Slave. A romance of Sedgemoor ... From an unpublished drama by Mr. H. Moss, etc","Nisbet, Hume",1894,London,England,English,Digby & Long,Fiction,3
14826445,Livingstone in Africa. ... With illustrations by H. Nisbet and preface by E. H. Hickey. A new edition,"Noel, Roden Berkeley Wriothesley, Honourable",1895,London,England,English,Ward & Downey,Fiction,5
14826487,"Mildred Norman, the Nazarene ... By a Working Man","Norman, Sunny",1858,London,England,English,,Fiction,5
14826497,The Despotic Lady and others [Stories.],"Norris, W. E. (William Edward)",1895,London,England,English,Methuen,Fiction,5
14826554,O.U.R. Books,,1890,London,England,English,"Simpkin, Marshall",Fiction,5
14826675,Crags and Craters: rambles in the Island of Réunion ... With illustrations and a map,"Oliver, William Dudley",1896,London,England,English,Longmans,Non-fiction,3
14826686,"Indian Life, religious and social","Oman, John Campbell",1889,London,England,English,T. Fisher Unwin,Non-fiction,5
14826734,"A Practical Manual of Minerals, Mines and Mining ... Illustrated, etc","Osborn, Henry Stafford",1888,Philadelphia,,English,H. C. Baird,Non-fiction,5
14826738,The Past and Future of British Relations in China,"Osborn, Sherard",1860,Edinburgh  London,England  Scotland,English,,Non-fiction,3
14826748,O'Shea's Guide to Spain and Portugal. Edited by John Lomas. Tenth edition [With a loose map and plans.],"O'Shea, Henry",1895,London,England,English,A & C. Black,Non-fiction,5
14826755,Mirabelle [A novel.],"Ostlere, May",1890,London,England,English,D. Stott,Fiction,5
14826801,"A Treatise on Metallurgy; comprising mining, and general and particular metallurgical operations, etc","Overman, Frederick",1852,New York,United States of America,English,,Non-fiction,5
14826819,The Daughter of Alouette [A novel.],"Owen, Mary Alicia, miss",1896,London,England,English,Methuen,Fiction,4
14826845,"A Little Tour in Ireland: being a visit to Dublin, Galway, Connamara, Athlone, Limerick, Killarney, Glengarriff, Cork, etc. ... By an Oxonian [i.e. S. R. Hole] . With illustrations by John Leech",,1859,London,England,English,Bradbury & Evans,Non-fiction,5
14826848,Three Years in Roumania,"Ozanne, James William",1878,London,England,English,,Non-fiction,5
14826870,Chips and Chapters: a book for amateur and young Geologists,"Page, David, f.g.s",1869,Edinburgh  London,England  Scotland,English,,Non-fiction,5
14826872,Geology for General Readers: a series of popular sketches in Geology and Palæontology,"Page, David, f.g.s",1866,Edinburgh  London,England  Scotland,English,,Non-fiction,5
14826882,"The Past and Present Life of the Globe; being a sketch, in outline, of the World's Life-system","Page, David, f.g.s",1861,Edinburgh,Scotland,English,,Non-fiction,3
14826906,"The passionate pilgrim, or Eros and Anteros. By Henry J. Thurstan [pseudonym of F. T. Palgrave]","Palgrave, Francis Turner",1858,London,England,English,Chapman & Hall,Non-fiction,4
14826919,"Palaestina. Geographisk, archæologisk och historisk Beskrifning. Tredje Upplagen, omarbetad och mycket tillökt","Palmblad, Vilhelm Fredrik",1842,Upsala,,Swedish,,Non-fiction,1
14826937,"Indian Village Folk: their works and ways, etc [With illustrations.]","Pāṇḍiyan, Thomas B.",1898,London,England,English,E. Stock,Non-fiction,4
14826955,Up the Yang-tse ... Reprinted from the 'China Review.' With sketch maps,"Parker, Edward Harper",1891,Hongkong,,English,'China Mail' Office,Non-fiction,3
14826961,Pierre and his People. Tales of the far North,"Parker, Gilbert",1892,London,England,English,Methuen,Fiction,3
14827010,Wrecked and Saved,"Parsons, Gertrude, Mrs",1878,London,England,English,,Fiction,3
14827074,"John Smith, and tales of the Gareloch","Paul, M. B.",1893,Glasgow,Scotland,English,D. Bryce,Fiction,5
14827178,Christine of the Hills,"Pemberton, Max",1897,London,England,English,Innes,Fiction,5
14827179,"The Diary of a Scoundrel, etc","Pemberton, Max",1891,London,England,English,Ward & Downey,Fiction,5
14827199,"Wilfred Waide, Barrister and Novelist [A novel.]","Penderel, Richard",1893,London,England,English,Sampson Low,Fiction,3
14827204,"Present-Day Egypt ... Illustrated, etc","Penfield, Frederic Courtland",1899,London,England,English,Macmillan,Non-fiction,5
14827245,Uit de Oude Doos. Sprokkelingen over Neêrlandsch Indië,"Perelaer, Michael Theophile Hubert",1882,Rotterdam,,Dutch,,Non-fiction,1
14827300,Gerard's Monument; and other poems,"Pfeiffer, Emily",1878,London,England,English,,Fiction,5
14827325,"A Lucky Young Woman, etc","Philips, Francis Charles",1890,London,England,English,Trischler,Fiction,5
14827365,"Memorials of Clutha; or, Pencillings of the Clyde ... With ... lithographic views","Phipps, Elvira Anna",1842,London,England,English,,Non-fiction,3
14827403,"Pilgrim Street. A story of Manchester life. By the author of 'Jessica's First Prayer' [i.e. Sarah Smith writing under the pseudonym of Hesba Stretton], etc",,1878,London,England,English,R.T.S,Fiction,3
14827405,Elements of Physical and Classical Geography,"Pillans, James",1854,Edinburgh  London,England  Scotland,English,,Non-fiction,4
14827603,"The Apothecary's Daughters ['Mimoser,' etc.] ... Translated from the Danish by G. Nielsen","Pontoppidan, Henrik",1889,London,England,English,Trübner,Fiction,3
14827607,"Life, Scenery, and Customs in Sierra Leone and the Gambia","Poole, Thomas Eyre",1850,London,England,English,,Non-fiction,5
14827646,"Travels in Georgia, Persia, Armenia, Ancient Babylonia ... during the years 1817, 1818, 1819 and 1820. With numerous engravings","Porter, Robert Ker, Sir",1821,London,England,English,,Non-fiction,4
14827664,"Personal Observations on Sindh; the manners and customs of its inhabitants, and its productive capabilities: with a sketch of its history, a narrative of recent events, and an account of the connection of the British Government with that country, etc","Postans, Thomas",1843,London,England,English,,Non-fiction,4
14827668,The Germ Growers. The strange adventures of Robert Easterley and John Wilbraham [i.e. Robert Potter.],"Potter, Robert",1892,London,England,English,Hutchinson,Fiction,3
14827723,"The Ground beneath us, its geological changes and phases. ... Three lectures","Prestwich, Joseph, Sir",1857,London,England,English,,Non-fiction,5
14827764,"Imperial India. An Artist's journals. Illustrated, etc","Prinsep, Val C. (Val Cameron)",1879,London,England,English,,Non-fiction,4
14827781,"Romance of a Swiss Tour, and other stories","Procter, J.",1889,London,England,English,Digby & Long,Fiction,3
14827807,An Evil Spirit [A novel.],"Pryce, Richard",1892,London,England,English,Griffith & Farran,Fiction,5
14827934,"The Land of the North Wind; or, travels among the Laplanders and the Samoyedes","Rae, Edward, f.r.g.s",1875,London,England,English,,Non-fiction,4
14828012,Masked in Mystery: a romantic story of adventure under Egyptian skies,"Rathborne, St. George",1897,London,England,English,J. Henderson,Fiction,5
14828075,The Goldsmith's Ward: a tale of London City in the 15th century ... With ... illustrations,"Reade, R. H., Mrs",1891,London,England,English,Chapman & Hall,Fiction,3
14828088,The Rector's Daughters [A novel.],,1861,London,England,English,,Fiction,4
14828105,Gwen and Gwladys [A novel.] ... Translated from the Welsh by W. Rees Evans,"Rees, William",1896,London,England,English,E. Stock,Fiction,4
14828111,The Annals of Auchterarder and Memorials of Strathearn,"Reid, Alexander George",1899,Crieff,,English,D. Philips,Non-fiction,3
14828113,"Old Oscar, the faithful dog","Reid, Hugh Gilzean, Sir",1863,London,England,English,S. W. Partridge,Fiction,5
14828163,"Diamonds and Gold in South Africa ... With maps, etc","Reunert, Theodore",1893,Cape Town,South Africa,English,J. C. Juta,Non-fiction,3
14828221,"The Little Duke; or, Richard the Fearless. By the author of 'the Heir of Redclyffe' [Miss Yonge]",,1891,London,England,English,Macmillan,Fiction,3
14828312,"Ancient Streets and Homesteads of England ... Introduction by ... J. S. Howson ... With ... illustrations, etc","Rimmer, Alfred",1877,"London, Edinburgh",England,English,,Non-fiction,3
14828319,Five Poems [With notes.],"Ripley, J. J.",1855,London,England,English,C. & E. Layton,Fiction,5
14828325,Brought Together. A volume of stories. By Rita,Rita,1892,London,England,English,Griffith & Farran,Fiction,5
14828331,"Miss Kate; or, Confessions of a Caretaker. A novel. By Rita",Rita,1889,London,England,English,F. V. White,Fiction,3
14828363,"Launceston, past and present, etc [Illustrated.]","Robbins, Alfred Farthing, Sir",1888,Launceston,England,English,W. Weighell,Non-fiction,4
14828406,A Lombard Street mystery. A novel,"Robertson, Muirhead, pseudonym [i.e. Henry Johnson]",1888,London,England,English,W. Bartholomew,Fiction,5
14828414,Her Point of View [A novel.],"Reynolds, Baillie, Mrs",1896,London,England,English,Hurst & Blackett,Fiction,5
14828416,"Life in California ... New edition, bringing forward the narrative from 1846 to the occupation of the country by the United States","Robinson, Alfred, of New York",1897,San Francisco,,English,W. Doxey,Non-fiction,5
14828478,A Man of Mystery [A novel.],"Roe, J. Harcourt, Mrs",1893,London,England,English,J. Blackwood,Fiction,5
14828487,Roger's Directory of Norwich and neighbourhood,"Rogers, Edmund Dawson",1859,Norwich,England,English,,Non-fiction,4
14828502,Quer durch Afrika. Reise vom Mittelmeer nach dem Tschad-See und zum Golf von Guinea,"Rohlfs, Friedrich Gerhard",1874,Leipzig,,Dutch  German,,Fiction,1
14828512,"The Romance of a Dull Life. By the author of 'Morning Clouds,' etc [Mrs. A. J. Penny.]",,1861,London,England,English,,Fiction,5
14828514,A Selection from the Poems of George John Romanes. With an introduction by T. H. Warren,"Romanes, George John",1896,London,England,English,Longmans,Fiction,4
14828551,Armand de l'Isle [A novel.],"Rose, A. M.",1893,London,England,English,"Eden, Remington",Fiction,5
14828552,Four Years in Southern Africa,"Rose, Cowper",1829,London,England,English,,Non-fiction,3
14828555,"The Great Country; or, Impressions of America","Rose, George",1868,London,England,English,,Non-fiction,5
14828564,"Grisette: a tale, etc","Rosen, Lew",1890,New York,United States of America,English,R. K. Fox,Fiction,5
14828607,"Sing-Song. A nursery rhyme book. ... With ... illustrations by A. Hughes, etc","Rossetti, Christina Georgina",1893,London,England,English,Macmillan,Fiction,5
14828623,"Local Chronology; being notes of the principal events published in the Kendal newspapers since their establishment. Compiled by the Editors (James Routledge, J. H. Farmer) . Reprinted from the 'Kendal Mercury' and 'Westmorland Gazette.' [With an appendix by John Fisher.]","Routledge, James",1865,Kendal  London,England,English,"Hamilton, Adams ; Thomas Atkinson",Non-fiction,3
14828728,The Myster of the 'Ocean Star.' A collection of maritime sketches,"Russell, William Clark",1888,London,England,English,Chatto & Windus,Fiction,5
14828744,"A Sketch of the Internal Condition of the United States of America, and of their political relations with Europe. By a Russian [P. I. Poletika] . Translated from the French, by an American, with notes",,1826,Baltimore,United States of America,English,E. J. Coale,Non-fiction,5
14828804,An Uncanny Girl,"Sadleir, Marie M.",1894,London,England,English,D. Stott,Fiction,3
14828824,"History of St. Joseph County, Indiana ... History of Indiana ... Illustrated",,1880,Chicago,United States of America,English,C. C. Chapman,Non-fiction,3
14828849,Purple Tints of Paris. Character and manners in the New Empire,"St. John, Bayle",1854,London,England,English,,Non-fiction,3
14828860,A South Sea Lover: a romance,"Saint Johnston, Alfred",1890,London,England,English,Macmillan,Fiction,3
14828877,"A Narrative of the expedition to Algiers in the year 1816, under the command of ... Admiral Lord Viscount Exmouth. (Itinerary, and continuation of the introduction.)","Salamé, Abraham",1819,London,England,English,,Non-fiction,3
14828885,"Diary of a Trip to South Africa on R.M.S. Tantallon Castle, etc","Salmond, David S.",1896,Arbroath,,English,Brodie & Salmond,Non-fiction,3
14828892,Tales of the Fancy ... with original illustrations by R. Prowse,"Sampson, Edmund",1889,London,England,English,'Sporting Truth' Office,Fiction,5
14828956,My Spanish Sailor [A tale.],"Saunders, Marshall",1889,London,England,English,Ward & Downey,Fiction,5
14828993,St. Bernard's. The romance of a medical student. By Æsculapius Scalpel,"Scalpel, Æsculapius, pseudonym",1888,London  Perth,England,English,Sonnenschein,Fiction,5
14829000,En Pilgrimsfærd i det Hellige Land ... Med et Kort over Jerusalem og 31 Afbildninger,"Scharling, Carl Henrik",1876,Kjøbenhavn,,Danish,,Non-fiction,1
14829132,"The Lay of the Last Minstrel, a poem","Scott, Walter, Sir",1807,London,England,English,,Fiction,5
14829233,"A Mid-Lothian Village: notes on the village and parish of Corstorphine. Compiled and illustrated by G. M. Selway, etc","Selway, G. Upton",1890,Edinburgh,Scotland,English,G. Waterston,Non-fiction,5
14829241,"A Second Journey to Spain, in the spring of 1809; from Lisbon ... to Sevilla, Cordova, Granada, Malaga and Gibraltar. With plates, etc","Semple, Robert, Governor of the Red River Colony",1812,London,England,English,,Non-fiction,5
14829285,The Dowager's Determination,"Severne, Florence",1897,London,England,English,"Digby, Long",Fiction,5
14829368,"One Heart, One Way [A tale.]","Sharer, W. Raisbeck",1897,London,England,English,Hurst & Blackett,Fiction,4
14829372,"An Epitome of the County of Warwick, containing a brief historical and descriptive account of the towns, villages, etc","Sharp, Thomas, antiquary",1835,London,England,English,,Non-fiction,3
14829386,Jack Forester's Fate [A tale.],"Shaw, Catharine",1893,London,England,English,Shaw,Fiction,4
14829410,"Bellamira; or, The fall of Tunis ... Third edition","Sheil, Richard Lalor, Right Honourable",1818,London,England,English,John Murray,Fiction,5
14829546,Time's a Tell-Tale: a comedy in five acts [in prose],"Siddons, Henry",1807,London,England,English,,Fiction,5
14829570,The Will that Wins [A tale.],"Simmel, Quinton",1897,London,England,English,"Digby, Long",Fiction,5
14829599,"Discussions on the Gipsies, John Bunyan and Mrs. Carlyle, and many others related to ... the gipsies ... And 'Do snakes swallow their young?' With the 'Encyclopaedia Britannica on the Viper,' etc","Simson, James",1895,New York,United States of America,English,E. O. Jenkins',Non-fiction,3
14829630,A Trip to Norway in 1873. By 'Sixty-One' [G. H. Hely-Hutchinson?] ... With illustrations by F. Milbank ... and Miss A. Millbank,,1874,London,England,English,Bickers,Non-fiction,5
14829631,Twenty Years' Reminiscences of the Lews. By 'Sixty-One' [G. H. Hely-Hutchinson?] . With portrait of the author and illustrations,,1871,London,England,English,H. Cox,Non-fiction,3
14829699,Eastern Pilgrims: the travels of three Ladies,"Smith, afterwards Lewis, Agnes",1870,London,England,English,Hurst & Blackett,Non-fiction,3
14829736,"Gipsy Life: being an account of our gipsies and their children, with suggestions for their improvement [With illustrations.]","Smith, George, of Coalville, Leicester",1880,London,England,English,Haughton,Non-fiction,5
14829757,Poems,"Smith, James William Gilbart, pseudonym [i.e. Sir James Denham]",1881,London,England,English,Field & Tuer,Fiction,5
14829839,Her Father's Child. A novel,"Snow, W. R., Mrs",1878,London,England,English,,Fiction,3
14829840,Tales of the Yorkshire Wolds,"Snowden, Keighley",1894,London,England,English,S. Low,Fiction,3
14829871,"Original Sonnets, elegiac, ethic and erotic: with some miscellaneous productions and imitations",,1799,Whitby,,English,,Fiction,5
14829912,"A Gazetteer of the State of New-York; ... with ... map, etc","Spafford, Horatio Gates",1824,Albany,United States of America,English,,Non-fiction,3
14829931,"Arrowsmith's Dictionary of Bristol, edited by H. J. Spear and J. W. Arrowsmith","Spear, Henry J.",1884,Bristol,England,English,J. W. Arrowsmith,Non-fiction,5
14829961,"Spencer's illustrated guide to Richmond, its castle, and neighbourhood, etc","Spencer, Thomas",1889,"Richmond, Yorks",,English,T. Spencer,Non-fiction,5
14830020,In the Land of Tolstoi: experiences of famine and misrule in Russia [With illustrations.],"Stadling, Jonas",1897,London,England,English,Clarke,Non-fiction,3
14830034,Rambles and Researches in Thuringian Saxony,"Stanford, John Frederick",1842,London,England,English,,Non-fiction,5
14830058,"Stanley and Africa: also, the travels, adventures, and discoveries of Captain John H. Speke, Captain Richard F. Burton ... and other distinguished explorers [With plates, including portraits.]","Stanley, Henry M. (Henry Morton)",1890,Birmingham,,English,C. Combridge,Non-fiction,3
14830130,"The Captive Missionary: being an account of the country and people of Abyssinia. Embracing a narrative of King Theodore's life, and his treatment of political and religious missions","Stern, Henry Aaron",1868,London,England,English,,Non-fiction,3
14830131,"Wanderings among the Falashas in Abyssinia; together with a description of the country and its various inhabitants. Illustrated by a map, etc","Stern, Henry Aaron",1862,London,England,English,,Non-fiction,3
14830200,A Fair Norwegian,"Stewart, Andrew",1894,Edinburgh  London,England  Scotland,English,Oliphant,Fiction,5
14830201,The Quest of a Heart,"Stewart, Caldwell, pseudonym [i.e. Ella Stewart Caldwell]",1895,Edinburgh,Scotland,English,Oliphant,Fiction,5
14830205,Recollections of a tour in the North of Europe in 1836-1837,"Stewart, afterwards Vane, Charles William, 3rd Marquis of Londonderry",1838,London,England,English,,Non-fiction,4
14830242,Sketches historical and descriptive of Louisiana,"Stoddard, Amos",1812,Philadelphia,,English,,Non-fiction,3
14830351,Physical description of New South Wales and Van Diemen's land,"Strzelecki, Paul Edmund de, Sir, Count, K.C.M.G.",1845,London,England,English,,Non-fiction,5
14830361,Inscrutable,"Stuart, Esmè",1894,London,England,English,"Bliss, Sands",Fiction,3
14830372,"The Story of Babette, a little Creole girl, etc","Stuart, Ruth MacEnery",1894,London,England,English,Osgood & McIlvaine,Fiction,5
14830420,Short Stories for Long Journeys,"Sunwell, Bridget",1893,London,England,English,"Digby, Long",Fiction,4
14830428,"Excursions in the County of Sussex: comprising brief historical and topographical delineations; together with descriptions of the residences of the nobility and gentry, remains of antiquity, and other interesting objects of curiosity ... With fifty engravings, including a map of the county",,1822,London,England,English,Longman,Non-fiction,3
14830493,"The history of Everton, including familiar dissertations on the people, etc","Syers, Robert",1830,Liverpool,England,English,,Non-fiction,4
14830538,Pandora's Box. A novel,"Talbot, Frederick",1878,London,England,English,,Fiction,5
14830629,Verses on various occasions,"Taylor, John",1795,London,England,English,,Fiction,5
14830635,Sam Saddleworth's Will ... Second edition,"Taylor, Margaret Scott",1889,London,England,English,Digby & Long,Fiction,3
14830676,"Indian Recreations, consisting chiefly of strictures on the domestic and rural economy of the Mahommedans and Hindoos","Tennant, William, Chaplain in India",1803,Edinburgh,Scotland,English,,Non-fiction,3
14830677,"The Thane of Fife; a poem, in six cantos","Tennant, William, Professor of Oriental Languages at St. Andrews",1822,Edinburgh,Scotland,English,,Fiction,5
14830701,Lady Delmar. A novel. (Fifth thousand.),"Terrell, Thomas",1891,London,England,English,Trischler,Fiction,5
14830738,"Sailing Directions for the River Thames, and the South-East Coast of England, to Beachy Head; with the Coast of France, from Boulogne to Dunkerque; to which is added, an appendix containing the rules ... of pilotage",,1863,London,England,English,,Non-fiction,4
14830783,"Camera Lucida; or, Strange Passages in common life [Tales.]","Thomas, Bertha",1897,London,England,English,Sampson Low,Fiction,3
14830801,Preludes [Poems.] With illustrations and ornaments by Elizabeth Thompson,"Meynell, Alice",1875,London,England,English,H. S,Fiction,5
14830857,A Dream of Paradise. A poem,"Thomson, Robert, curate of St. Michael's, Chester Square",1898,London,England,English,E. Stock,Fiction,5
14830903,"Dr. Rollison's Dilemma; also, The Traitor Doubt","Tiddeman, Lizzie Ellen",1892,Allahabad,,English,Wheeler,Fiction,5
14830917,"Laura Talbot; or, the Realities of Life","Tilt, Julia",1855,London,England,English,,Fiction,5
14830920,Curiosities of London: exhibiting the most rare and remarkable objects of interest in the Metropolis,"Timbs, John",1868,London,England,English,,Non-fiction,3
14830926,Love in the Sunny South. A romance. By Tina,,1890,London,England,English,Remington,Fiction,5
14830963,"The Early Bird, and other drawing-room plays","Tollemache, Beatrix Lucia Catherine, Honourable",1894,London,England,English,Remington,Fiction,5
14830965,Stones of Stumbling. (Articles reprinted from the Fortnightly Review.),"Tollemache, Lionel Arthur, Honourable",1884,London,England,English,,Non-fiction,3
14830984,"Retribution, a Corsican Vendetta Story [and other tales]","Tonelli, Philippe",1892,London,England,English,Dean,Fiction,3
14831014,"Narrative of a Journey across the Rocky Mountains to the Columbia River, and a visit to the Sandwich Islands, Chili, etc. With a scientific appendix","Townsend, John Kirk",1839,Philadelphia,,English,H. Perkins,Non-fiction,3
14831091,The Golden Crocodile,"Trimmer, Frederick Mortimer",1897,Cambridge  London,England  United States of America,English,Downey,Fiction,4
14831105,"Minnen och anteckningar från Ångkorvetten Gefles Expedition till vestkusten af Afrika och Medelhafvet åren 1864, 1865, etc","Trolle, Henrik af",1867,Stockholm,,Swedish,,Non-fiction,1
14831154,The New Arcadia. An Australian story,"Tucker, Horace",1894,London,England,English,Swan Sonnenschein,Fiction,5
14831295,The Queen against Owen,"Upward, Allen",1894,London,England,English,Chatto & Windus,Fiction,3
14831338,Varium [A novel.],,1858,London,England,English,,Fiction,5
14831342,Ivy Leaves; a collection of poems,"Varley, afterwards Banks, Isabella",1844,London,England,English,,Fiction,5
14831377,The Purchase of the North Pole: a sequel to 'From the Earth to the Moon' ... Illustrated,"Verne, Jules",1890,London,England,English,Sampson Low,Fiction,5
14831380,Palestina en aangrenzende landen. Reisherinneringen,"Verschuur, G.",1884,Haarlem,,Dutch,,Non-fiction,1
14831418,"A personal narrative of a visit to Ghuzni, Kabul, and Afghanistan, and of a residence at the Court of Dost Mohamed. With notices of Runjit Sing, Khiva, and the Russian expedition ... With illustrations, etc","Vigne, Godfrey Thomas",1840,London,England,English,,Non-fiction,3
14831481,"Ellen Clinton; or, the influence of a loving spirit [A novel.] By W [i.e. Mrs. Woodward.]",,1868,London,England,English,J. Clarke,Fiction,3
14831487,"Poems from the Secret Doctrine, also some tussocks and twitterings. By L. W","W, L.",1897,Rome,,English,Forzani,Fiction,5
14831523,"The antiquities of Gainford in the county of Durham; comprising the baronial and ecclesiastical history of that place and of Barnard-castle, etc","Walbran, John Richard",1846,Ripon,England,English,,Non-fiction,5
14831557,The Brides of Death: a tragedy in five acts [In verse.],"Walker, J. Greenhalgh",1899,London,England,English,W. Andrews,Fiction,5
14831602,Voormaals en thans. Opstellen over Neêrlands grondsgesteldheid,"Staring, Winand Carel Hugo",1858,Haarlem,,Dutch,,Non-fiction,1
14831632,"Palms and Pearls: or, Scenes in Ceylon","Walters, Alan",1892,London,England,English,R. Bentley,Non-fiction,5
14831651,"Poems, Epigrams and Sonnets","Egerton-Warburton, R. E. (Rowland Eyles)",1877,London,England,English,,Fiction,5
14831668,The Child's Geography for ... Schools and home-tuition ... With maps ... and illustrations,"Ward, Mark James Barrington",1879,London,England,English,,Non-fiction,4
14831679,City and Suburban: a novel,"Warden, Florence",1890,London,England,English,F. V. White,Fiction,4
14831701,Sketches of European Capitals,"Ware, William",1851,Boston,United States of America,English,,Non-fiction,3
14831713,Graybridge Hall. A romance,"Warren, Adèle",1893,London,England,English,Skeffington,Fiction,5
14831714,A system of Physical Geography ... To which is added a treatise on the Physical Geography of the United States ... The whole embellished by numerous engravings and ... maps ... by J. H. Young,"Warren, David M.",1857,"London, Philadelphia",England,English,,Non-fiction,3
14831728,"By Severn Sea, and other poems","Warren, Thomas Herbert, Sir, k.c.v.o",1898,London,England,English,J. Murray,Fiction,5
14831770,The Web of the Spider. A tale of adventure,"Watson, H. B. Marriott (Henry Brereton Marriott)",1891,London,England,English,Hutchinson,Fiction,5
14831802,The history of Waukesha County ... containing ... biographical sketches ... Illustrated,Waukesha County (Wisconsin),1880,Chicago,United States of America,English,Western Historical,Non-fiction,4
14831819,Tartan and Gold. Tales of sport and play,"Webber, Byron",1889,London,England,English,Ward & Downey,Fiction,3
14831822,Leal Souvenir,"Weber, Alice",1890,London,England,English,Walter Smith & Innes,Fiction,3
14831837,"Narrative of a Voyage to the Southern Atlantic Ocean, in ... 1828, 29, 30, performed in H. M. Sloop Chanticleer, etc","Webster, William Henry Bayley",1834,London,England,English,,Non-fiction,3
14831849,Englische Chrestomathie für die unteren und mittleren Klassen höherer Lehr-Anstalten,"Weeg, P.",1856,Münster,,English,,Both,5
14831874,Gerald Eversley's Friendship. A study in real life,"Welldon, James Edward Cowell, successively Bishop of Calcutta, Dean of Manchester, of Durham",1896,London,England,English,"Smith, Elder",Fiction,4
14831886,Travel-Pictures from Palestine ... Illustrated by A. Twidle,"Wells, James",1896,London,England,English,Isbister,Non-fiction,3
14831933,For Honour and Life. A tale of the Terror,"Westall, William",1894,London,England,English,Osgood & McIlvaine,Fiction,5
14832042,"Madeira, its climate and scenery: containing medical and general information; ... a tour of the Island, and an appendix","White, Robert, of Madeira",1851,London,England,English,,Non-fiction,3
14832064,"A New Geography of South Africa ... Seventh and revised edition, etc","Whiteside, Joseph, Reverend",1898,Capetown,South Africa,English,J. C. Juta,Non-fiction,5
14832157,"Wandering Will: a story of adventure, founded on facts",,1880,London,England,English,Remington,Fiction,5
14832168,A tour through ... Jamaica ... in ... 1823,"Williams, Cynric R.",1826,London,England,English,,Non-fiction,5
14832241,A Summer in Europe,"Wills, Mary H.",1876,Philadelphia,,English,,Non-fiction,3
14832243,Melchior [A poem.],"Wills, William Gorman",1885,Edinburgh  London,England  Scotland,English,Macmillan,Fiction,4
14832292,"Laura Heathjohn. A tale of Church Stretton, etc","Windsor, George R.",1885,Shrewsbury,England,English,A. Lloyd,Fiction,3
14832322,A Man's Man. A novel,"Winter, John Strange, pseudonym [i.e. Henrietta Eliza Vaughan Stannard]",1893,London,England,English,F. V. White,Fiction,3
14832371,Letters from Majorca ... With numerous illustrations,"Wood, Charles William",1888,London,England,English,Richard Bentley,Non-fiction,5
14832374,Under Northern Skies ... With sixty-eight illustrations,"Wood, Charles William",1886,London,England,English,Richard Bentley,Non-fiction,3
14832469,"A Sketch of the first settlement of the several towns on Long Island; with their political condition, to the end of the American Revolution ... A new edition","Wood, Silas",1828,"Brooklyn, New York",,English,Alden Spooner,Non-fiction,3
14832594,"Lancashire: its history, legends, and manufactures","Wright, George Newenham",1843,London,England,English,Fisher,Non-fiction,4
14832688,Strolling Players. A harmony of contrasts,"Yonge, Charlotte Mary",1893,London,England,English,Macmillan,Fiction,4
14832737,"The Parish of Spynie in the County of Elgin, etc","Young, Robert, of Spynie",1871,Elgin,Scotland,English,J. Black,Non-fiction,4
14832743,"The Philippines and Round About, with some account of British interests in these waters ... With illustrations and map","Younghusband, George John, Sir, k.c.m.g",1899,London,England,English,Macmillan,Non-fiction,5
14832748,The World and a Man [A novel.] By 'Z. Z [i.e. Louis Zangwill.],"Z, Z.",1896,London,England,English,W. Heinemann,Fiction,5
14832752,The Master [A novel.],"Zangwill, Israel",1895,London,England,English,W. Heinemann,Fiction,5
14832819,"The adventures of Joseph Andrews, etc. With illustrations by George Cruikshank. (Edited by Thomas Roscoe.)","Fielding, Henry",1882,London  New York,England  United States of America,English,George Routledge,Fiction,5
14832821,The Wish. A novel by Hermann Sudermann. Translated by Lily Henkel,"Sudermann, Hermann",1894,London,England,English,T. Fisher Unwin,Fiction,4
14832825,"Third Appendix to the fifth edition of Dana's Mineralogy, by Edward S. Dana ... completing the work to 1882","Dana, James Dwight",1882,New York,United States of America,English,John Wiley,Non-fiction,5
14832826,"A System of Mineralogy ... Fifth edition, rewritten and enlarged ... With three appendixes and corrections. (Appendix I, 1868-1872, by G. J. Brush. Appendix II, 1872-1875, and Appendix III, 1875-1882, by E. S. Dana.)","Dana, James Dwight",1884,London,England,English,Trübner,Non-fiction,5
14839249,"The Town and City of Waterbury, Connecticut, from the aboriginal period to the year eighteen hundred and ninety-five","Anderson, Joseph, Reverend, of Waterbury, Connecticut",1896,New Haven,United States of America,English,Price & Lee,Non-fiction,5
14839252,Grundzüge der Landesnatur des Westjordanlandes ... Mit einem Vorworte von ... T. Fischer,"Ankel, Otto",1887,Frankfurt,,German,,Non-fiction,2
14839356,"Album der Haupt-und Residenzstädte Europa's, herausgegeben von L. Bechstein und V. Kleinknecht. (Sect. 2. Lfg. 3-5 von Dr. Eugen Huhn und V. Kleinknecht.)","Bechstein, Ludwig",1843,Schweinfurt,,German,,Non-fiction,2
14839362,Journal gehouden van Nederland naar Zuid-Africa in het jaar 1861,"Beijer, J., Predikant bij de Gereformeerde Gemeente te Reddersburg",1862,Groningen,,Dutch,,Fiction,1
14839465,"Hemmen i den nya verlden. En dagbok i bref, skrifna under tvenne års resor i Norra Amerika och på Cuba","Bremer, Fredrika",1853,Stockholm,,Swedish,,Non-fiction,1
14839468,Zes jaren te Tripoli in Barbarije. Uit de gedenkschriften eener Nederlandsche vrouw [W. F. A. L. van Breugel] . Door M. A. Perk,"Breugel, Wilhelmina Françoise Amélie Louise van",1875,Amsterdam,,Dutch,,Non-fiction,1
14839488,"A General Gazetteer, in miniature ... The whole revised ... by A. G. Findlay. Second edition","Brookes, Richard, m.d",1852,London,England,English,W. Tegg,Non-fiction,5
14839505,Over cartographie van Palestina. Berigt bij de uitgave eener kaart van het Heilige Land door M. D. de Bruyn,"Bruyn, Marinus Didericus de",1845,Amsterdam,,Dutch,,Non-fiction,1
14839513,Kamerun. Skizzen und Betrachtungen,"Buchner, Max, Konservator des Ethnographischen Museums in Munchen",1887,Leipzig,,German,,Fiction,2
14839540,"A Memoir of Sebastian Cabot; with a review of the history of maritime discovery [By Richard Biddle.] Illustrated by documents from the Rolls, now first published","Cabot, Sebastian",1831,Philadelphia,,English,Carey & Lea,Non-fiction,3
14839606,"Spanien, Algerien und Tunis. Briefe an M. Chevalier ... Deutsche, verbesserte und ... vermehrte Ausgabe [With a map.]","Chikhachev, P. A. (Petr Aleksandrovich)",1882,Leipzig,,German,,Non-fiction,2
14839632,"Life on the Mississippi. By Mark Twain (Samuel L. Clemens) ... With more than 300 illustrations, etc","Clemens, Samuel Langhorne",1883,Boston,,English,J. R. Osgood,Non-fiction,5
14839645,"De Regten der stad Leyden op het Haarlemmer Meer, verdedigd","Cock, Henricus",1843,Leyden,,Dutch,,Non-fiction,1
14839650,"Brieven uit en over Natal, door een Nederlander","Colenbrander, J.",1856,Doesborgh,,Dutch,,Non-fiction,1
14839725,"The Antiquities of Langharne and Pendine, Carmarthenshire, S. Wales, with some notice of their neighbourhoods, and illustrations","Curtis, Mary, of Langharne",1880,London,England,English,,Non-fiction,3
14839891,"Eglinton's Handbook on Mashonaland: the country, and how to reach it. Illustrated",,1892,London,England,English,Eglinton,Non-fiction,3
14839901,"History of Berrien and Van Buren Counties, Michigan. With illustrations and biographical sketches of its prominent men and pioneers","Ellis, Franklin",1880,Philadelphia,,English,D. W. Ensign,Non-fiction,3
14839928,Précis of Information concerning Zululand. With a map. Prepared in the Intelligence Division of the War Office. Corrected to Dec. 1894 [by Captain G. Wemyss],"Great Britain, War Office, Intelligence Division",1895,London,England,English,Stationery Office,Non-fiction,5
14839959,"The history of Detroit and Michigan or, the metropolis illustrated, etc","Farmer, Silas",1884,Detroit,,English,S. Farmer,Non-fiction,3
14839985,The Illustrated English and American Paris Guide. With a new map of Paris,"Fielding, Ch. Stuart",1855,Paris,,English,,Non-fiction,5
14839990,Das Massai-Land (Ost-Aequatorial-Africa) . Bericht über die im Auftrage der Geographischen Gesellschaft in Hamburg ausgeführte Reise von Pangani bis zum Naiwascha-See ... Mit einer ... Original-Routenkarte von L. Friedericksen. Separat-Abdruck aus den Mittheilungen der Geographischen Gesellschaft in Hamburg,"Fischer, G. A., of Zanzibar",1885,Hamburg,,German,,Non-fiction,2
14840000,"Deutsch-Ostafrika. Geographie und Geschichte der Colonie ... Mit einer Karte, etc","Foerster, Brix",1890,Leipzig,,German,,Non-fiction,2
14840023,"Colorado: a historical, descriptive, and statistical work on the Rocky Mountain gold and silver mining region","Fossett, Frank",1880,New York,United States of America,English,C. G. Crawford,Non-fiction,5
14840024,"The Gold Regions of California. Being a succinct description of the geography, history, topography, and general features of California ... Edited by G. G. Foster","Foster, George G.",1848,New York,United States of America,English,Dewitt & Davenport,Non-fiction,5
14840056,Lose Blätter aus dem Orient,"Fuchs, Rudolf, K.K. Rittmeister",1881,Wien,,German,,Non-fiction,2
14840106,"Glasgow and the Highlands. A Guide for tourists and visitors to Scotland, etc",,1888,Glasgow,Scotland,English,S. Freeman,Non-fiction,5
14840121,A Bygone Oxford [A lecture.],"Goldie, Francis",1880,London,England,English,Burns & Oates,Non-fiction,5
14840145,My imprisonment and the first year of abolition rule at Washington,"Greenhow, Rose, Mrs",1863,London,England,English,,Non-fiction,5
14840240,To-day in America. Studies for the Old World and the New,"Hatton, Joseph",1881,London,England,English,Chapman & Hall,Non-fiction,5
14840279,Six Months in Italy,"Hillard, George Stillman",1853,London,England,English,,Non-fiction,3
14840293,A Little Tour in America,"Hole, Samuel Reynolds, Dean of Rochester",1895,London,England,English,Edward Arnold,Non-fiction,5
14840342,The History of Derby to the year 1791,"Hutton, William, F.S.A. Sco",1817,London,England,English,Bentley ; Nichols,Non-fiction,5
14840412,"History of Cuyahoga County, Ohio ... With portraits and biographical sketches of its prominent men and pioneers","Johnson, Crisfield",1879,Philadelphia,,English,W. D. Ensign,Non-fiction,5
14840429,Rejsebogen. Skildringer,"Jørgensen, Johannes",1895,København,,Danish,,Non-fiction,1
14840433,"Anteckningar under en resa genom Tyskland Belgien, Frankrike och England år 1845","Jungberg, Carl Gustaf",1846,Stockholm,,Swedish,,Non-fiction,1
14840486,"Der Nordwesten unserer ostafrikanischen Kolonie. Eine Beschreibung von Land und Leuten am Victoria-Nyanza, nebst Aufzeichnungen einiger daselbst gesprochenen Dialekte. Mit 372 Abbildungen ... nebst einer Karte","Kollmann, Paul, Kgl. Sächs. Hauptmann",1898,Berlin,,Dutch  German,,Fiction,1
14840498,"Fra et Ophold i Orienten i Vinteren 1887-88. ... Med 10 Afbildninger, etc","Krogh, C. C. von",1889,Kjøbenhavn,,Danish,,Non-fiction,1
14840520,"A Landscape Book, by American Artists and American Authors. ... Engravings ... from paintings by Cole, Church, etc",,1868,New York,United States of America,English,,Non-fiction,3
14840580,Royal Winchester. Wanderins in and about the Ancient Capital of England ... With ... illustrations from original sketches by C. G. Harper,"L'Estrange, Alfred Guy Kingham",1889,London,England,English,Spencer Blackett & Hallam,Non-fiction,5
14840581,"The Village of Palaces; or, Chronicles of Chelsea","L'Estrange, Alfred Guy Kingham",1880,London,England,English,Hurst & Blackett,Non-fiction,3
14840604,"Tourist guide to the Lofoten Islands, Raftsund ... and through the most picturesque fjords to Tromsø, etc. (Reise-Handbuch für Reisen in Lofoten, etc.) Eng. and Ger",,1896,Trondhjem,,Dutch  English,,Non-fiction,1
14840629,"A Tour through Canada and the United States of America, etc","Loudon, John Baird",1879,Coventry,England,English,,Non-fiction,3
14840702,Holiday wanderings in Madeira [Illustrated.],"Marsh, A. E. W.",1892,London,England,English,Sampson Low,Non-fiction,5
14840737,De onafhankelijke Congostaat. Met eene kaart en 34 lichtteekeningen,"Melis, Lodewijk",1899,Gent,,Dutch,,Non-fiction,1
14840744,"Deutsche Arbeit am Njasza, Deutsch-Ostafrika","Merensky, Alexander",1894,Berlin,,German,,Non-fiction,2
14840783,"Resa i Afrika, genom Angola, Ovampo och Damaraland ... Med 30 helsidsplanscher ... och en karta","Möller, P.",1899,Stockholm,,Swedish,,Non-fiction,1
14840800,The Nightless North: a walk across Lapland,"Morrice, Frederick L. H.",1881,Cambridge,,English,Jones & Piggott,Non-fiction,3
14840811,Zuid-Afrika : reisherinneringen,"Muller, Hendrik Pieter Nicolaas",1890,Leiden,Netherlands,Dutch,Sijthoff,Non-fiction,1
14840828,"Aardrijkskunde van Zuid-Afrika, door Dr. H. Blink ... Uitgegeven door de Nederlandsch Zuid-Afrikaansche Vereeniging",Nederlands Zuid-Afrikaanse Vereniging (Netherlands),1889,Amsterdam,,Dutch,,Non-fiction,1
14840829,Een bezoek op het eiland St. Helena in October 1837,"Netscher, A. D. van der Gon",1838,'s Gravenhage,,Dutch,,Non-fiction,1
14840840,"The Great Southwest, or plain guide for emigrants and capitalists, embracing a description of the States of Missouri and Kansas, etc","Nicely, Wilson",1867,St Louis,,English,,Non-fiction,5
14840965,Historical Sketches of Meriden,"Perkins, George William",1849,West Meriden,,English,,Non-fiction,3
14841070,"Redevoering ... over den naturkundigen, zedelijken en verstandelijken toestand der Goudkust en hare bewoners","Reijnhout, Martinus Johannes",1824,Amsterdam,,Dutch,,Non-fiction,1
14841137,A Trip to Prairie-land. Being a glance at the shady side of emigration,"Rowbotham, Francis Jameson",1885,London,England,English,Sampson Low,Non-fiction,3
14841147,"Hesperothen; notes from the West: being a record of a ramble in the United States and Canada, etc","Russell, William Howard, Sir",1882,London,England,English,Sampson Low,Non-fiction,3
14841156,"Aus Böhmen nach Italien, Marz 1848 [By Baron J. A. von Helfert. The preface is signed: G. v. S.]","S, G. v",1862,"Frankfurt am Main, Prag",,German,,Non-fiction,2
14841209,"Reise i Grækenland, Ægypten og det hellige Land","Schmidt, Valdemar",1863,Kjøbenhavn,,Danish,,Non-fiction,1
14841236,"The Land of Rip Van Winkle. A tour through the romantic parts of the Catskills. Its legends and traditions ... With illustrations by J. Lauber, C. Volkmar, etc","Searing, A. E.P.",1884,London  New York,England  United States of America,English,G. P. Putnam's,Non-fiction,3
14841273,Resa i Förenta Staterna,"Siljeström, Pehr Adam",1852,Stockholm,,Swedish,,Non-fiction,1
14841343,A Voyage to Viking-Land ... Eighty-nine illustrations. Also map of Norway and Spitzbergen,"Steele, Thomas Sedgwick",1896,Boston  Massachusetts,United States of America,English,Estes & Lauriat,Non-fiction,4
14841349,"Reise i Ægypten. Med 20 Afbildninger, tegnede ... af Forfatteren, raderede og chemityperede af M. Petersen, samt Titelblad i Farvetryk","Stilling, Harald Conradt",1869,Kjøbenhavn,,Danish,,Non-fiction,1
14841371,Drie Jaar in Algiers. Avonturen van een Hollandsch Deserteur onder de Arabieren,"Susan, J. N.",1886,'s-Gravenhage,,Dutch,,Non-fiction,1
14841437,"Fra Schweiz og Frankrig, Rejseskildringer af politisk og socialt Indhold","Topsøe, Vilhelm Christian Sigurd",1871,Kjøbenhavn,,Danish,,Non-fiction,1
14841461,"History of Salt Lake City. By authority of the City Council and under the supervision of a committee appointed by the Council and author, etc","Tullidge, Edward W.",1886,Salt Lake City,United States of America,English,E. W. Tullidge,Non-fiction,3
14841488,Nederland in 1880,"Veenendaal, J. H.",1881,Tiel,,Dutch,,Non-fiction,1
14841559,"History of the Minnesota Valley, including the explorers and pioneers of Minnesota, by Rev. Edward D. Neill, and history of the Sioux massacre, by Charles S. Bryant","Warner, G. E. (George E.)",1882,Minneapolis,United States of America,English,North Star Publishing,Non-fiction,3
14846780,Memorie storiche della città di Sansevero in Capitanata,"Ambrosio, Francesco de",1875,Napoli,,Italian,,Non-fiction,1
14846794,"Antonini Placentini Itinerarium, im unentstellten Text mit deutscher Übersetzung herausgegeben von Dr. J. Gildemeister",,1889,Berlin,,Dutch  German,,Non-fiction,1
14846842,"Reggio nell' Emilia alla fine del secolo XVIII, 1796-1799","Bassi, Ugo, Professor at Alessandria",1895,Reggio nell' Emilia,,Italian,,Non-fiction,1
14846875,"Narrative of the Operations and Recent Discoveries within the pyramids, temples, tombs, and excavations, in Egypt and Nubia","Belzoni, Giovanni Battista",1835,Brussels,,Dutch  English,H. Remy,Non-fiction,1
14846893,"Descripção historica, topographica e ethnographica do districto de S. João Baptista d'Ajudá e do reino de Dahomé na costa da Mina","Bettencourt Vasconcellos Corte Real Do Canto, Vital de",1869,Lisboa,,English  French  Portuguese,,Non-fiction,1
14846914,Onze aarde. Handboek der natuurkundige aardrijkskunde ... Met 150 platen en 20 kaartjes in afzonderlijken Atlas,"Blink, Hendrik",1885,Groningen,,Dutch,,Non-fiction,1
14846915,"De Zuid-Afrikaansche Republiek en hare bewoners ... Geheel omgewerkte en uitgebreide druk, der Transvaal-Republiek en de Hollandsche Boeren, etc","Blink, Hendrik",1890,Amsterdam,,Dutch,,Non-fiction,1
14846920,"Reize naar de Oost- en Westkust van Zuid-Amerika en van daar naar de Sandwichs- en Philippijnsche Eilanden, China enz. gedaan, in de jaren 1826, 1827, 1828, en 1829 [With plates.]","Boelen, Jacobus, Schout-bij-Nacht Titulair",1835,Amsterdam,,Dutch,,Non-fiction,1
14846923,Van dag tot dag in het Oosten,"Boissevain, Charles",1896,Haarlem,,Dutch,,Fiction,1
14846967,"Algier og Sahara [With plates, including maps.]","Bruun, Peter Daniel",1893,Kjøbenhavn,,Danish,,Non-fiction,1
14847000,"Grande illustrazione del Lombardo-Veneto, ossia Storia delle città, dei borghi, communi, castelli, ecc. fino ai tempi moderni, per cura di C. Cantù e d'altri letterati. Seconda edizione","Cantù, Cesare",1858,Milano,Italy,Italian,,Non-fiction,1
14847086,"Die Wanderungen der Kelten. Historisch-kritisch dargelegt, etc","Contzen, Leopold",1861,Leipzig,,German,,Fiction,2
14847107,"History of Washington County, Pennsylvania, with biographical sketches of many of its pioneers and prominent men ... Illustrated [With a map.]","Crumrine, Boyd",1882,Philadelphia,,English,L. H. Everts,Non-fiction,4
14847149,"The History of Deptford, in the counties of Kent and Surrey, compiled from authentic records","Dews, Nathan",1883,Deptford,,English,J. D. Smith,Non-fiction,4
14847263,Tagebuch meiner Reise um die Erd. 1892-1893,,1895,Wien,,German,,Non-fiction,2
14847467,Half-hour Plays. Rumpelstilskin and other plays from old fairy tales. Adapted either for the village school or the drawing-room. By Amabel Jenner,"Jenner, Katharine Amabel",1889,London,England,English,W. Smith & Innes,Fiction,5
14847478,Gjennem Stepperne og blandt Kalmukkerne tilhest og med Trespand. Billeder og Studier,"Kaarsberg, Hans Sophus",1892,København,,Danish,,Non-fiction,1
14847484,"De Aarde beschouwd en haren natuurlijken toestand en verdeling door zeeën, rivieren, meren, bergen en woestijnen; benevens derzelver doelmatige strekking ... Derde herzine druk","Kampen, Nicolaas Godfried van, Professor of Dutch History, Literature at Amsterdam",1841,Haarlem,,Dutch,,Non-fiction,1
14847485,"Afrika en deszelfs Bewoners, etc [Intended as part of a continuation of E. A. W. von Zimmerman's work: 'De Aarde en hare Bewoners.']","Kampen, Nicolaas Godfried van, Professor of Dutch History, Literature at Amsterdam",1828,Haarlem,,Dutch,,Non-fiction,1
14847489,Italië. Reisherinneringen,"Kate, Jan Jacob Lodewijk ten",1857,Arnhem,,Dutch,,Non-fiction,1
14847518,"Het Heilige Land. Reis door Egypte, Palestina en Syrië. Met platen ... Derde vermeerderde druk","Krayenbelt, J.",1895,Rotterdam,,Dutch,,Fiction,1
14847543,"Physical, historical, and military geography: from the French ... edited with additions and corrections, by A. F. Lendy, etc","Lavallée, Théophile",1868,London,England,English,,Non-fiction,3
14847592,Die Reste der Germanen am Schwarzen Meere. Eine ethnologische Untersuchung,"Loewe, Richard",1896,Halle,,German,,Non-fiction,2
14847594,"Omrids at Geographien, noermest udarbejdet ui orug ved foreloesninger","Löffler, Ernst",1893,Kjøbenhavn,,Danish,,Non-fiction,1
14847623,"History of Columbiana County, Ohio, with illustrations and biographical sketches of its prominent men and pioneers","Mack, Horace",1879,Philadelphia,,English,D. W. Ensign,Non-fiction,4
14847643,"Guida d'Udine in ciò che risguarda le tre belle arti sorelle. ... Edizione seconda, cui si aggiunge la Guida di Cividale","Maniago, Fabio di, count",1839,San Vito,,Italian,,Non-fiction,1
14847687,"Die Nephritfrage kein ethnologisches Problem. Vortrag gehalten zu Dresden, etc","Meyer, Adolf Bernhard",1883,Berlin,,German,,Non-fiction,2
14847786,"Aardrijkskunde voor Handel, Nijverheid en Statistiek","Otterloo, Anthony van",1866,Amsterdam,,Dutch,,Non-fiction,1
14847843,Philips' Geographical Manuals,George Philip & Son,1892,London,England,English,G. Philip,Non-fiction,3
14847897,Om de uhistoriske og historiske Folk. En philosophisk-historisk Afhandling,"Ræder, Oscar",1875,Kjøbenhavn,,Danish,,Non-fiction,1
14847898,Om den hellige og profane Historie. En philosophisk-historisk Undersøgelse,"Ræder, Oscar",1870,Kjøbenhavn,,Danish,,Non-fiction,1
14847917,Skandinavernes Korstog og Andagtsreiser til Palæstina (1000-1350) [Translated from the French.],"Riant, comte (Paul Édouard Didier)",1868,Kjøbenhavn,,Swedish,,Non-fiction,1
14847937,"History of Clermont County, Ohio, with illustrations and biographical sketches of its prominent men and pioneers","Rockey, J. L.",1880,Philadelphia,,English,L. H. Everts,Non-fiction,5
14847964,"Italian Sketches ... Illustrated, etc","Ross, Janet",1887,London,England,English,Kegan Paul,Non-fiction,4
14848001,Dagboek eener Reize in Egypte,"Scherer, D. J.",1848,Amsterdam,,Dutch  English,,Non-fiction,1
14848014,Pröver paa en Jordbeskrivelse,"Schouw, Joakim Frederik",1851,Kiöbenhavn,,Danish,,Non-fiction,1
14848061,Egyptische Strassenbilder. Plaudereien über das Land des Kurbatsch und Bakschisch,"Sourbeck, Theodor",1891,Basel,,Dutch  German,,Non-fiction,1
14848074,"Untersuchungen über italienische Seekarten des Mittelalters auf Grund der kartometrischen Methode. Inaugural-Dissertation, etc","Steger, Ernst",1896,Göttingen,,German,,Non-fiction,2
14848084,"A Balkán félsziget. 1. Macedonia, Észak-Albánia és Montenegró : tanulmányút gróf Széchenyi Pál földmivelési-, ipar- és kereskedelmi-, valamint báró Kemény Gábor közmunka- és közl. miniszterek támogatásával 1885-ben","Strausz, Adolf",1888,Budapest,Hungary,Hungarian,,Non-fiction,1
14848098,Sjömanslif. Minnen och afventyr från skilda världsdelar ... Med 39 illustrationer,"Sundström, Pehr W.",1892,Stockholm,,Swedish,,Non-fiction,1
14848133,Im afrikanischen Urwald. Meine Reise nach dem Kongo und der Mongalla im Jahre 1896 ... Mit ... 87 Lichtdrucktafeln und 3 Karten,"Thonner, Franz",1898,Berlin,,Dutch  German,,Non-fiction,3
14848235,"An Historical Sketch of Los Angeles County, California. From the Spanish occupancy, ... 1771, to ... 1876 [The Introduction is signed by J. J. W, B. Hayes and J. P. Widney.]","Warner, J. J.",1876,"Los Angeles, Cal",,English,,Non-fiction,3
14848258,On foot through Tyrol in the summer of 1855,"White, Walter, Librarian to the Royal Society",1856,London,England,English,,Non-fiction,3
14848266,Over de verwantschap en het huwelijks- en erfrecht bij de volken van het Maleische ras. (Overgedrukt uit 'de Indische Gids' van Mei 1883.),"Wilken, G. A. (George Alexander)",1883,Amsterdam,,Dutch,,Non-fiction,1
14848279,"The State of Wisconsin, embracing brief sketches of its history, position ... and industries, and a catalogue of its exhibits at the Centennial at Philadelphia, 1876",,1876,"Madison, Wisconsin",,English,,Non-fiction,3
14848282,"Lehrbuch der Geographie zum Gebrauche in den mittleren und oberen Klassen der Gymnasien, etc","Witt, August",1849,Königsberg,,German,,Fiction,2
14848285,"Remains of ... C. W. With a brief memoir of his life, by ... J. A. Russell, etc","Wolfe, Charles",1829,London,England,English,,Non-fiction,3
14860032,"Glorias de Sevilla en armas, letra, ciencias, artes, tradiciones, monumentos, edificios, etc [With plates.]","Álvarez Miranda, Vicente",1849,Sevilla,,Spanish,,Non-fiction,1
14860106,'Harpstrings.' A poem,"Bennett, Lucy Ann",1887,London,England,English,Castell,Fiction,5
14860119,"The Way about Warwickshire, etc [With a map.]","Bettesworth, Walter Ambrose",1892,London,England,English,Iliffe,Non-fiction,5
14860160,"Early Discoveries by Spaniards in New Mexico: containing an account of the castles of Cibola, and the present appearance of their ruins","Brackenridge, Henry Marie",1857,Pittsburgh,United States of America,English,H. Miner,Non-fiction,3
14860163,"Zestien zeereizen. Herinneringen uit een veertigjarige loopbaan bij de Nederlandsche marine, etc [With plates.]","Brakell, Henri Jean Leopold Théodore de Vaynes van",1870,Amsterdam,,Dutch,,Non-fiction,1
14860164,Om och ur den arabiske geografen 'Idrîsî. Akademisk afhandling,"Brandel, Robert Albin",1894,Upsala,,French  Swedish,,Non-fiction,1
14860169,Storia de Bassano e del suo territorio,"Brèntari, Ottone",1884,Bassano,,Italian,,Non-fiction,1
14860173,De Geschiedenis der volken in schetsen,"Brill, Willem Gerrit",1881,'s Gravenhage,,Dutch,,Non-fiction,1
14860180,"De Redding der bemanning van het Nederlandsch brikschip Nijverheid, verbrant in de Indische zee ... benevens de beschrijving eener reis op de kust en in de binnenlanden van Oost-Afrika, met statistike en mercantile berigten, betreffende dit weinig bekende gewest","Brun, C., of Rotterdam",1838,Rotterdam,,Dutch,,Non-fiction,1
14860265,"Tre år i Kongo. Skildringar af P. Möller, G. Pagels, E. Gleerup [With illustrations and maps.]",,1887,Stockholm,,Swedish,,Non-fiction,1
14860278,Herinneringen mijner reizen naar onderscheidene werelddeelen [With plates.],"Coster, G. van Lennep",1836,Amsterdam,,Dutch,,Non-fiction,1
14860331,"Curiosidades malagueñas. Colección de tradiciones, biografías, leyendas, narraciones, efemérides, etc. que compendiarán, en forma de artículos separados, la historia de Málaga y su provincia","Díaz De Escovar, Narciso",1899,Málaga,,Spanish,,Non-fiction,1
14860463,"Vauclin, and other verses","Grant, John Cameron",1887,London,England,English,E. W. Allen,Fiction,5
14860486,"Anthropologische Studien aus Insulinde, etc","Hagen, Bernhard",1890,Amsterdam,,Dutch,,Non-fiction,1
14860513,"Mijne Reis met de landmail van Batavia over Singapore, Ceilon, Aden en Suiz tot Alexandrië in Egypte","Heerdt, J. C. F. van, Baron",1851,'S Gravenhage,,Dutch,,Non-fiction,1
14860559,"Manx Scenery, etc","Izant, Frederick",1895,London,England,English,Blades,Non-fiction,5
14860571,"Reize naar de Middellandsche Zee in de Jaren 1777-79, etc","Jong, Cornelis de, entomologist",1806,Haarlem,,Dutch,,Non-fiction,1
14860572,"Tweede Reize naar de Middellandsche Zee, gedaan in de Jaren 1783-85 ... onder bevel van den Kapitein C. van Gennip, etc","Jong, Cornelis de, entomologist",1807,Haarlem,,Dutch,,Non-fiction,1
14860590,Notes on Croydon Palace. Its history and associations,"Kershaw, S. W. (Samuel Wayland)",1877,Croydon,,English,F. Warren,Non-fiction,3
14860600,"Chronologischer Abriss der Weltgeschichte, mit zwei synchronistischen Tabellen der alten Geschichte und der neuern Staatengeschichte ... Dreizehnte ... vermehrte Auflage","Kohlrausch, Heinrich Friedrich Theodor",1845,Leipzig,,German,,Non-fiction,2
14860602,"Világtörténelem, a polgári fiú-iskolák számára","Kozma, Gyula",1888,Budapest,Hungary,Hungarian,Méhner Vilmos,Non-fiction,1
14860617,Ricordi di Roma,"Lacour-Delâtre, Louis Michel James",1870,Firenze,,Italian,,Fiction,1
14860725,"Arizona: its resources and prospects. A letter to the Editor of the New York Tribune, etc","Maccormick, Richard Cunningham",1865,New York,United States of America,English,,Non-fiction,4
14860739,Cortona nel medio evo,"Mancini, Girolamo Maria",1897,Firenze,,Italian,,Non-fiction,1
14860777,"Somma Lombardo: storia, descrizione e illustrazioni","Melzi, Lodovico",1880,Milano,Italy,Italian,,Non-fiction,1
14860794,Vid nedre Kongo [With illustrations and maps.],"Möller, P., traveller",1887,Stockholm,,Swedish,,Non-fiction,1
14860808,"A Handy Guide to Seascale and District, etc","Mossop, Matthew",1898,Whitehaven,England,English,W. H. Moss,Non-fiction,3
14860811,"Catalogus van boeken, plaatwerken en kaarten over de Nederlandsche bezittingen, zoo vroegere als tegenwoordige, in Azie, Afrika en Amerika, en over de lande die daarmede in betrekking staan, als: Japan, China, enz. ... verzameld door en ... verkrijgbaar bij den boekhandelaar F. Muller","Muller, Frederik, boekhandelaar",1854,Amsterdam,,Dutch,,Non-fiction,1
14860899,"Barcelona antigua y moderna, etc [With plates, including a portrait.]","Pi Y. Arimón, Andrés Avelino",1854,Barcelona,,Spanish,,Non-fiction,1
14860942,Coleccio de monografías de Catalunya. Anotadas per J. Reig y Vilardell. Ab un prefaci del eminent historiador J. Coroleu ... Edició ilustrada,"Reig Y. Vilardell, Joseph",1890,Barcelona,,Spanish,,Non-fiction,1
14861011,Abhandlungen zur alten Geschichte ... Gesammelt und herausgegeben von F. Rühl,"Schmidt, Wilhelm Adolf",1888,Leipzig,,German,,Non-fiction,2
14861047,A földrajz az iskolában és az iskolán kívül : koszorúzott pályamű,"Stauber, Anton",1889,Ungvárott,,Hungarian,,Non-fiction,1
14861053,"Reizen uit Oost Indie naar Europa in Engeland, Nederland, Duitschland, Frankrijk en Zwitserland gedaan in 1836","Sturler, Jacques Eduard de, the Elder",1840,'s Gravenhage  Amsterdam,,Dutch,,Non-fiction,1
14861111,Verdens Storbyer [Translated from 'Les Capitales du monde.'] Paa Dansk af P. Nansen. Med 322 Afbildninger,,1892,Københaven,,Danish,,Non-fiction,1
14861117,Een reis om de Wereld in vier honderd en tachtig dagen,"Verschuur, G.",1882,Haarlem,,Dutch,,Fiction,1
14861126,"Mohammed Christus. Vier Schetsen van eene reis in het Oosten, etc","Visser, Johannes Theodoor de",1896,Amsterdam,,Dutch,,Non-fiction,1
14861139,Paa Reiser og Eventyr. Virkelighedsbilleder,"Watt, Robert",1885,Kjøbenhavn,,Danish,,Non-fiction,1
14861143,Haandbog i Verdenshistorien ... Udarbejdet paar Grundlag af G. Webers: 'Lehrbuch der Weltgeschichte' 20 Oplag,"Weitemeyer, H.",1890,København,,Danish,,Non-fiction,1
14861153,"Aanteekeningen op eene reize van Parijs naar Napels, door het Tirolsche, en van daar door Zwitserland en langs den Rhijn terug naar Holland. Met Platen","Willigen, Adriaan van der, the Elder",1811,"Harlem, Utrecht",,Dutch,,Non-fiction,1
14861198,"München vor 40 Jahren. Ein Beitrag zur Geschichte der Münchener Stadtverwaltung, etc","Ahland, Eduard",1894,München,,German,,Non-fiction,2
14861204,De stad Enkhuizen en hare geschiedenis,"Allan, Francis, Leeraar aan's Rijks Kweekschool voor Onderwijzers te Haarlem",1856,Schagerbrug,,Dutch,,Non-fiction,1
14861205,"De stad Utrecht en hare geschiedenis, voorafgegaan door eene algemeene geschied- en aardrijkskundige beschouwing over de provincie Utrecht","Allan, Francis, Leeraar aan's Rijks Kweekschool voor Onderwijzers te Haarlem",1856,Amsterdam,,Dutch,,Fiction,1
14861217,Handbook to the Highland Railway ... Season 1890. Ninth edition [of the work by G. and P. Anderson] . Revised and enlarged. By P. J. Anderson,"Anderson, George, of Inverness",1890,Inverness,Scotland,English,Northern Chronicle,Non-fiction,3
14861306,Anteckningar fran Italien af en svensk diplomat [With plates.],"Bildt, Carl Nils Daniel, Baron",1896,Stockholm,,Swedish,,Non-fiction,1
14861323,"Het Distrikt St. Nikolaas, voorheen Land van Waes, Provincie Oost-Vlaanderen, beschouwd met betrekking tot deszelfs natuur- staat- en geschiedkunde; gevolgd door eene bijzondere beschrijving van elke stad, dorp of gemeente in hetzelve gelegen","Bogaerde Van Ter Brugge, André Jean Louis van den, Baron",1825,St Nikolaas,,Dutch,,Non-fiction,1
14861369,"Verhandeling over het Westland, ter opheldering der Loo-en, Woerden en Hoven, benevens de natuurdienst der Friesen en Batavieren, etc","Buddingh, Derk",1844,Leyden,,Dutch,,Non-fiction,1
14861467,Middelburg voorheen en thans. Bijdrage tot de kennis van den voormaligen en tegenwoordigen toestand van het armwezen aldaar,"Coronel, Samuël Senior",1859,Middelburg,,Dutch,,Fiction,1
14861480,Il Casino di San Marco costruito dal Buontalenti ai tempi medicei,"Covoni, Pierfilippo",1892,Firenze,,Italian,,Non-fiction,1
14861482,"Naar de Rhetische Alpen, in Tijrol en Salzburg. Schetsen-indrukken","Croiset, Guillaume Egbert Cathérine",1866,Rotterdam,,Dutch,,Fiction,1
14861544,"Resor uti Guiana, Mexico, Californien, China och Ostindien ... 1843-58. Häfter 1-6","Düben, Cesar von",1871,Stockholm,,Swedish,,Non-fiction,1
14861587,Wandelingen door Gelderland en aangrenzende Noord-Brabandsche. Limburgsche en Pruisische Gewesten,"Engelen, Adriaan Walraven",1847,Groningen,,Dutch,,Fiction,1
14861603,Danske minder i Normandiet ... Med tre kårt,"Fabricius, Adam Kristoffer",1897,København,,Danish,,Non-fiction,1
14861681,"Aardrijkskundige beschrijving van het koningrijk Holland, etc","Gelder, Jacob de",1809,Amsterdam,,Dutch,,Non-fiction,1
14861687,"In luftigen Höh'n ... Das Matterhorn und seine Geschichte, etc [Illustrated.]","Deutscher Alpenverein (Germany), Sektion Berlin, Wundt (Theodor)",1897,Berlin,,German,,Non-fiction,2
14861689,"Ons Vaderland. Historisch-romanische schetsen uit de vaderlandsche geschiedenis van de vroegste tyden tot op heden, door G. E. G. met medewerking van eenige vaderlandsche geleerden en letterkundigen","Gerrits, Gerrit Engelberts",1856,Amsterdam,,Dutch,,Non-fiction,1
14861706,Van Arkel's Oude Veste. Geschied- en oudheidkundige aanteekeningen betreffende de stad Gorinchem en hare voornaamste gebouwen en instellingen,"Goch, H. A. van",1905,Gorinchem,,Dutch,,Non-fiction,1
14861755,Från Spanien och Portugal. Resebilder ... Med illustrationer i träsnitt,"Gustafsson, Richard",1878,Stockholm,,Swedish,R. Gustafsson,Non-fiction,1
14861759,Beschrijving der Loonsche Leenen in het Hertogdom Limburg,"Habets, Jozef",1871,Roermond,,Dutch,,Fiction,1
14861763,"Fra Arcachon til Nîmes. Reiseerindringer, etc","Hansen, Aleth",1892,Kjøbenhavn,,Danish,,Non-fiction,1
14861766,"Het eiland Urk, zijn bodem, voortbrengselen en bewoners","Harting, Pieter",1853,Utrecht,,Dutch,,Non-fiction,1
14861767,Van de Veluwe en Uit den Achterhoek in vroegere tijden. Verzamelde schetsen,"Hartman, Herman Gerard",1889,Arnhem,,Dutch,,Non-fiction,1
14861768,G. van Hasselt's Arnhemsche Oudheden. 4 deel,"Hasselt, Gerard van",1803,Arnhem,,Dutch,,Non-fiction,1
14861775,"Reis naar Hamburg en Berlijn, of eenige dagen toegewijd aan het gebied der Innere Mission","Heldring, Otto Gerhard",1850,Arnhem,,Dutch,,Non-fiction,1
14861786,"Leeuwarden na en voor hare wording als stad, en in hare betrekking tot de Leppa. Eene bydrage tot de Geschiedkundige beschrijving, van W. Eekhoff","Hettema, Montanus de Haan",1848,Leeuwarden,,Dutch,,Non-fiction,1
14861788,De Versiering en Beschildering der St. Ignatius-Kerk de Zaaijer te Amsterdam,"Heynen, F. C.",1865,Amsterdam,,Dutch,,Non-fiction,1
14861798,Geschiedenis der Zaanlanden,"Honig, Jacob",1849,Zaandijk,,Dutch,,Non-fiction,1
14861802,"Et Besøg i Grækenland, Ægypten og Tyrkiet, etc","Hoskiær, Otto Valdemar von",1879,Kjøbenhavn,,Danish,,Non-fiction,1
14861814,"Századunk névváltoztatásai : helytartósági és miniszteri engedélylyel megváltoztatott nevek gyűjteménye, 1800-1893",,1895,Budapest,,Hungarian,,Non-fiction,1
14861847,"Loggboks-Anteckningar under en Jordomsegling med Fregatten Eugenie åren 1851-53, gjorda ... af en J.; bearbetade och utgifna af C. M. Ekbohrn",,1856,Stockholm,,Swedish,,Non-fiction,1
14861852,De provincie Zeeland. (Bijlagen.-Nalezing.),"Kanter, Johan de",1824,Middelburg,,Dutch,,Fiction,1
14861856,Fra det moderne Frankrig ... med Illustrationer efter franske Kunstnere,"Kaufmann, Richard",1882,Kjøbenhavn,,Danish,,Non-fiction,1
14861857,Pariserliv i Firserne ... Med talrige Illustrationer,"Kaufmann, Richard",1885,Kjøbenhavn,,Danish,,Non-fiction,1
14861867,"In den Vreemde. Herinneringen, ontmoetingen, schetsen ... Zwitserland 15 Junij. 5 September 1839","Kner, Imre",1840,Leiden,,Dutch,,Non-fiction,1
14861870,"Maps and tables of chronology and genealogy; selected and translated from Monsieur Koch's 'Tableau des Révolutions de l'Europe.' [By C. T. L, i.e. Charles Thomas Longley? afterwards Archbishop of York.]","Koch, Chr. de (Christophe)",1831,London,England,Dutch  English,,Non-fiction,1
14861874,"Tafereel der Stad Haarlem en derzelver Geschiedenis, etc","Koning, Cornelis de",1807,Haarlem,,Dutch,,Non-fiction,1
14861875,"Geschiedenis van het slot te Muiden, en Hoofts leven op hetzelve","Koning, Jacobus",1827,Amsterdam,,Dutch,,Fiction,1
14861960,Merkwaardige Kasteelen in Nederland. Door Mr J. van L. en W. J. H. Plates,"Lennep, J. van (Jacob)",1854,Amsterdam,,Dutch,,Non-fiction,1
14861979,Menniskan. ... Femte upplagan. Genomsedd och delvis omarbetad af K. af Geijerstam. Med ... teckningar,"Lilja, Nils",1889,Stockholm,,Swedish,,Can't tell,1
14862046,"Öfver Verldshafven under tretungad flagg. Episoder från fregatten Eugenie's verldsomsegling 1851-53, etc","Melander, Richard",1889,Stockholm,,Swedish,,Non-fiction,1
14862054,"Die Habsburg. Studie ... Mi 31 Abbildungen ... 19 Tafeln, etc","Merz, Walther",1896,Aarau,,German,,Fiction,2
14862058,"Mijne reis door Zwitserland naar de Waldenzen, in Piemont's valleijen","Meulen, Marinus Ernestus van der",1852,Utrecht,,Dutch,,Non-fiction,1
14862072,"Geschied- en oudheidkundige beschrijving van de pleinen, straten, stegen, waterleidingen, wedden, putten en pompen der stad Utrecht, etc","Monde, Nicolaas van der",1844,Utrecht,,Dutch,,Fiction,1
14862106,Geschiedenis der Stad Eecloo,"Neelemans, Eduard",1859,Eecloo,,Dutch,,Non-fiction,1
14862108,"Alphabetisch Register van alle bewoonde oorden des rijks. Zijnde een vervolg op de Itineraire voor marscherende troepen in het koningrijk der Nederlanden. Te zamen gesteld bij het topographisch bureau van het departement van Oorlog, in verband met de bij dat bureau mede vervaardige étappekaart van het rijk","Netherlands [Kingdom of the Netherlands.], Ministerie van Oorlog",1850,'s Gravenhage,,Dutch,,Non-fiction,1
14862119,"Burgerlijk en kerkelijk gedenkboek van Haamstede, deels ook van Burgh, etc","Nieuwhof, D.",1857,Tholen,,Dutch,,Fiction,1
14862120,"De algemeene kaarteṅ van de Provincie Friesland, etc","Nijenhuis, Jan Tiberius Bodel",1846,Leiden en Leeuwarden,,Dutch,,Non-fiction,1
14862158,A Lost Chapter in the History of Bath. A paper read ... 1877,"Pearson, Charles Buchanan",1877,Bath,England,English,R. E. Peach,Non-fiction,5
14862190,"Geschiedenis van Dixmude, etc","Pieters, Robert",1885,Dixmude,,Dutch,,Non-fiction,1
14862199,Barneveld onder de Regering der Ampts-Jonkers. 1648-1795. Door een Plattelands-Burgemeester,,1871,Barneveld,,Dutch,,Fiction,1
14862279,"Kroniek der stad Roermond van 1562-1638, [probably by J. van Ryckenroy] uitgegeven door F. Nettesheim",,1876,Roermond,,Dutch,,Non-fiction,1
14862320,"Barcelona. Su pasado, presente y porvenir. Memoria histórica, filosófica y social","Sanpere Y. Miquel, Salvador",1878,Barcelona,,Spanish,,Non-fiction,1
14862339,Nederland tusschen de Tropen. Aardrijkskunde onzer kolonien in oost en west,"Schuiling, Roelof",1889,Zwolle,,Dutch,,Non-fiction,1
14862363,Stemmen uit Amerika,"Smit, C. de",1880,Nijmegen,,Dutch,,Non-fiction,1
14862399,"Zwitzerland en de Alpen van Savoye, in afbeeldingen en tafereelen geschetst [The text by N. G. van Kampen, the engravings by W. H. Bartlett.]",Switzerland,1836,Amsterdam,,Dutch,,Non-fiction,1
14862431,Geschichte der Stadt Neuss ... Mit neun Abbildungen,"Tuecking, Carl",1891,Düsseldorf  Neuss,,German,,Non-fiction,2
14862465,Chronijcke van Ghendt door J. van den Vivere en eenige andere aanteekenaars der XVIe. en XVIIe. eeuw. Handschrift ... in 't licht gegeven door F. de Potter,"Vivere, Jan van den",1885,Gent,,Dutch,,Non-fiction,1
14862494,"Jaarboek van en voor de Provincie Groningen, ten gebruike dier genen, welke de geschiedenis dezer Provincie geheel wenschen over te zien","Westendorp, Nikolaas",1829,Groningen,,Dutch,,Non-fiction,1
14862499,Das Netz der allgemeinen Karten des Eratosthenes und Ptolemaeus. Aus den Quellen dargestellt,"Wilberg, Friedrich Wilhelm",1834,Essen,,German,,Non-fiction,2
14862504,Oud Nederland,"Winkler, Johan, of Leeuwarden",1888,'s-Gravenhage,,Dutch,,Fiction,1
14862516,"Oudewater en omtrek, geologisch, mythologisch en geschiedkundig geschetst","Zijll, W. C. van",1858,Oudewater,,Dutch,,Non-fiction,1
14866299,"Försök till en statsekonomisk statistik öfver Sverige. (Den statsekonomiska afdelningen af C. A. Agardh, den statistiska af C. E. Ljungberg.)","Agardh, C. A. (Carl Adolf)",1852,Carlstad  Stockholm,,Swedish,,Non-fiction,1
14866341,"Op reis door Nederland. Geïllustreerd aardrijkskundig leesboek, etc","Bakker, J. D., Hoofdonderwijzer te Groningen, Deelstra (F.)",1884,Groningen,,Dutch,,Non-fiction,1
14866365,"Der Patriotismus der Stadt Kronach im dreissigjährigen Kriege dargestellt in Denk- und Ehren-Reden nebst der Original Chronik [of H. N. Zitter], etc [With plates, including a portrait.]","Bauer, Franz August",1846,Bamberg,,German,,Fiction,2
14866369,Ueber den Polarkreis ... Mit ... Abbildungen und eine Karte,"Bayer, Th. von, pseudonym [i.e. Princess Theresa Charlotte Mary Anne Augustina, of Bavaria]",1889,Leipzig,,German,,Non-fiction,2
14866375,Chronik der Stadt Schweinfurt,"Beck, Heinrich Christian",1836,Schweinfurt,,German,,Non-fiction,2
14866380,Chronik der Stadt Wolfenbüttel und ihrer Vorstädte,"Bege, Carl Friedrich",1839,Wolfenbüttel,,German,,Fiction,2
14866389,"Handboek der Middel-Nederlandsche geographie, etc [With a map.]","Bergh, L. Ph. C. van den (Laurens Philippe Charles)",1872,'s Gravenhage,,Dutch,,Non-fiction,1
14866393,"Petersburg-Astrakan. Dagboks-uppteckningar under resor i Ryssland åren 1880 och 1881, etc","Bergstrand, Per Emanuel",1882,Stockholm,,Swedish,,Non-fiction,1
14866417,Handlingar rörande Prestmötet i Westerås ar 1856 [Followed by speeches and sermons.],"Prestmotet, 1856 (Västerås)",1856,Westerås,,Swedish,,Non-fiction,1
14866425,Eene Hollandsche stad in de middeleeuwen. (Eene Hollandsche stad onder de Bourgondisch-Oostenrijksche heerschappij.),"Blok, Pieter Johan",1884,'s Gravenhage,,Dutch,,Non-fiction,1
14866444,"The Sixth Census of the United States. As published in the Merchants' Magazine, for February, 1845. Memorial to the Honorable the Senate and House of Representatives, in Congress assembled [On alleged inaccuracies in the census. By a committee, consisting of Edward Jarvis and others, appointed by the American Statistical Association.]","American Statistical Association (Boston, Massachusetts)",1845,Boston,,Dutch  English,,Non-fiction,1
14866454,"Berlin som tysk Rigshovedstad. Erindringer, etc","Brandes, Georg Morris Cohen",1884,Kjøbenhavn,,Danish,,Non-fiction,1
14866460,"Die Mainufer und ihre nächsten Umgebungen ... Mit 54 Stahlstichen, nach Originalzeichnungen von Fritz Bamberger. Nebst einer Stromkarte vom Main","Braunfels, Ludwig",1844,Würzburg,,German,,Non-fiction,2
14866489,Geschiedenis van Overijsel gedurende het eerste stadhouderlooze tijdperk,"Bussemaker, Carel Hendrik Theodor",1888,'s-Gravenhage,,Dutch,,Non-fiction,1
14866501,Berlijn ... Geïllustreerd door Hendr. Klijn,"Carelsen, Geertruida, pseudonym [i.e. Amy Geertruida de Leeuw]",1891,Amsterdam,,Dutch,,Non-fiction,1
14866502,"Efterretninger om Gammelkjøgegaard og Omegn, samlede af F. Carlsen","Carlsen, Franziska",1876,Kjøbenhavn,,Danish,,Non-fiction,1
14866512,"Är svenska folket verkligen så fysiskt och moraliskt förderfvadt, som Herr Prof. M. Huss antyder uti sin afhandling: 'Om Sveriges endemiska sjukdomar'? Recension","Cederschjöld, Fredrik August",1854,Stockholm,,Swedish,,Non-fiction,1
14866518,"On the Physical, Mental, and Philological Characters of the Wallons, etc [Extracted from the Journal of the Anthropological Institute of Great Britain and Ireland.]","Charnock, Richard Stephen",1873,London,England,English  German  Italian,,Non-fiction,2
14866525,"Svenska expeditionen till Spetsbergen år 1861, under ledning af Otto Torell. Ur deltagarnes anteckningar och andra handlingar skildrad af K. Chydenius. Med karta, taflor och träsnitt","Chydenius, Jakob Karl Emil",1865,Stockholm,,Swedish,,Non-fiction,1
14866532,Gamle Christiania-Billeder,"Collett, Alf",1893,Christiania,,Danish,,Non-fiction,1
14866543,"An Address on the Early Settlement of the Valley of Pequea, etc","Conyngham, Redmond",1842,"Paradise, Pennsylvania",,Dutch  English,,Non-fiction,1
14866562,Aanteekeningen over het dorp Stramproy. Eene bijdrage tot de geschiedenis van het voormalig Rijksvorstendom Thorn,"Creemers, Christiaan",1871,Roermond,,Dutch,,Fiction,1
14866572,Toponymische studie over de oude en nieuwere plaatsnamen der gemeente Bilsen [With a map.],"Cuvelier, Jozef",1897,Gent,,Dutch,,Non-fiction,1
14866575,Anden omarbeidede og forøgede Udgave med over 100 illustrationer,"Daae, Ludvig",1891,Christiania,,Danish,,Non-fiction,1
14866604,"Winterreis door Rusland, gedaan in het jaar 1841 ... Met eene kaart","Dijkema, Hemmo",1849,Groningen,,Dutch,,Non-fiction,1
14866618,"Geschichte des Kreises Marienburg, etc","Dormann, Edmund J.",1862,Danzig,,German,,Non-fiction,2
14866641,"Svenska Expeditioner till Spetsbergen och Jan Mayen utförda under åren 1863 och 1864 af N. Dunér, A. J. Malmgren, A. E. Nordenskiöld och A. Qvennerstedt","Natan Neṭaʿ, ha-kohen",1867,Stockholm,,Swedish,,Non-fiction,1
14866650,"Uit Friesland's volksleven van vroeger en later. Volksoverleveringen, volksgebruiken, volksvertellingen, volksbegrippen. Bijeengebracht door Waling Dykstra [With a preface by Hugo Suringar.]","Dykstra, Waling",1892,Leeuwarden,,Dutch,,Non-fiction,1
14866656,"Geschiedkundige Beschrijving van Leeuwarden, ... van den vroegsten tijd tot den jare 1846 ... Met kaarten en platen","Eekhoff, W. (Wopke)",1846,Leeuwarden,,Dutch,,Non-fiction,1
14866660,"Catalogus van boeken, pamfletten, enz, over de geschiedenis van Haarlem, van de omstreken, van eenige voorname inwoners en van het Huis van Brederode, byeengebragt door C. E. (Supplement en Register.)","Ekama, C.",1874,Haarlem,,Dutch,,Non-fiction,1
14866663,Zur Geschichte der Stadt Ems. 1 Teil,,1895,,,German,,Non-fiction,2
14866665,Reistogtje door een gedeelte van Duitschland in 1838,"Engelen, Adriaan Walraven",1839,Groningen,,Dutch,,Non-fiction,1
14866679,"Bemerkungen auf einer Reise durch einen Theil der Schweiz und einige ihrer næchsten Umgebungen, etc","Erbach Fuerstenau, Albrecht August Ludwig von, count",1809,Heidelberg,,German,,Non-fiction,2
14866681,"Den danske Stat, en almindelig geographisk Skildring for Folket. Med mange Illustrationer","Erslev, Edvard",1855,Kiøbenhavn,,Danish,,Non-fiction,1
14866683,"Jylland, Studier og Skildringer til Danmarks Geografi [With maps and illustrations.]","Erslev, Edvard",1886,Kjøbenhavn,,Danish,,Non-fiction,1
14866718,"Statistik öfver Sverige, grundad på offentliga Handlingar. Jemte en Karta öfver den Nordiska Halfön. Af C. af F. Fjerde Upplagan","Forsell, Carl af",1844,Stockhom,,Swedish,,Non-fiction,1
14866723,Fredensborg. Det danske Kongehus og dets Slægt. Med Bidrag af danske og fremmede Forfattere og Kunstnere,,1896,Kjøbenhavn,,Danish,,Non-fiction,1
14866726,Göttingen in Vergangenheit und Gegenwart,"Frensdorff, Ferdinand",1878,Göttingen,,English  German  Italian,,Fiction,2
14866731,"Roskilde Domkirke, beskreven af S. F","Friis, Steen",1851,Kjøbenhavn,,Danish  Latin,,Non-fiction,1
14866737,"Cilli, 1867-1892. Fünfundzwanzig Jahre selbständigen Gemeindewesens","Fuerstbauer, Thomas",1892,Cilli,,German,,Non-fiction,2
14866739,"Efterretainger om Kjøbstaden Kolding. Med 12 lithographerede Grundtegninger, Prospecter, etc. (Bilag, etc.)","Fyhn, Jens Jörgen",1848,Kjøbenhavn,,Danish,,Non-fiction,1
14866744,"Kronijk of tydrekenkundige beschryving der stad Brugge sedert derzelver oorsprong tot op heden, naer het achtergelaten handschrift van B. J. G, verrykt met aenbelangende aenteekeningen van den uitgever (J. Gailliard)","Gailliard, B. J.",1849,Brugge,,Dutch,,Non-fiction,1
14866747,Geschichte der Stadt Hamburg,"Gallois, J. G.",1867,Hamburg,,German,,Non-fiction,2
14866749,"Tägliche Aufzeichnungen des Pfarrhern J. Garcaeus in Sorau und Brandenburg aus den Jahren 1617-1632. Auf Grund der von E. Niederstadt ... angefertigten Abschrift, mit einer historischen Einleitung und erläuternden Anmerkungen herausgegeben von O. Tschirch","Garcaeus, Joachim",1894,Brandenburg,,German,,Non-fiction,2
14866760,"Het Oudste leenactenboek van Gelre, 1326. Naar het oorspronkelijke handschrift uitgegeven door P. N. v. Doorninck",,1898,Haarlem,,Dutch,,Non-fiction,1
14866763,"Veertien jaren in België, en vlugt uit Brugge; gevolgd van bijlagen, alsmede van eenen brief ... over het aangeboden en sedert ingetrokken ontwerp van wet op het onderwijs","Genabeth, P. van",1831,Amsterdam,,Dutch,,Non-fiction,1
14866779,Geschichte der Stadt Schleusingen bis zum Tode des letzten Grafen von Henneberg,"Gessner, Theodor",1861,"Schleusingen, Gotha",,German,,Non-fiction,2
14866800,"Geschiedenis van Grobbendonk, etc","Goetschalckx, Pieter Jozef",1897,Hoogstraten,,Dutch,,Non-fiction,1
14866808,Nalezing mijner Herinneringen van Gouda,,1822,'s-Gravenhage,,Dutch,Erve J. Thierry en C. Mensing & Zoon,Fiction,1
14866813,Geschiedenis van Amsterdam,"Gouw, Jan ter",1879,Amsterdam,,Dutch,,Non-fiction,1
14866814,Statistiesch overzigt van Oostvriesland en Jever,"Graaff, Servaas van de",1808,Haag,,Dutch,,Non-fiction,1
14866820,"'S Gravenhage in onzen tijd ... Met 80 illustratiën, etc","Gram, Johan",1893,Amsterdam,,Dutch,,Non-fiction,1
14866846,Kaiser Wilhelm's II. Reisen nach Norwegen in den Jahren 1889 und 1890,"Güssfeldt, Paul",1890,Berlin,Germany,German,Gebr. Paetel,Fiction,2
14866849,"Beschryving van Antwerpen Mechelen, Lier en Turnhout, ... In het Nederduitsch vertaeld door Kiliaen; herdrukt volgens de uitgave van 1612 in naem der Rederykkamer De Olyftak","Guicciardini, Lodovico",1854,Antwerpen,,Dutch,,Non-fiction,1
14866859,Rhenen en Omstreken,"Haakman, G. C.",1847,Amersfoort,,Dutch,,Fiction,1
14866860,De voormalige heerlijkheid Borgharen. Eene bijdrage tot de geschiedenis van het land von Valkenburg,"Habets, Jozef",1872,Roermond,,Dutch,,Non-fiction,1
14866864,"Morgenwandelingen door en in den omtrek van s' Gravenhage; of Schoonheden en merkwaardige byzonderheden betrekkelijk deze Residentie, etc",,1832,'s Gravenhage,,Dutch,,Non-fiction,1
14866906,Ertsforekomster i Søndhordland og paa Karmøen,"Helland, Amund",1871,Christiania,,Danish,,Non-fiction,1
14866913,"Der Dom zu Halberstadt. Seine Geschichte und seine Schätze, etc","Hermes, E.",1896,Halberstadt,,German,,Non-fiction,2
14866920,"Onze Reis naar Sagelterland, benevens deszelfs geschiedenis, eene beschrijving ... van dezelfs bewoners en eene korte schets en woordenlijst van hunne taal","Hettema, Montanus de Haan",1836,Franeker,,Dutch,,Non-fiction,1
14866933,"An historical sketch of Abingdon, Plymouth county, Massachusetts","Hobart, Aaron",1839,Boston  Massachusetts,United States of America,English,,Non-fiction,3
14866939,Herinneringen van mijne Academiereis in 1843,"Hoeven, Abraham des Amorie van der, the Younger",1845,Leeuwarden,,Dutch,,Non-fiction,1
14866942,"Genom Sveriges Bygder. Skildringar af vårt land och folk ... Tredje upplagan, genomsedd och tillökad af J. P. Velander. Med 545 illustrationer","Hofberg, Johan Herman",1895,Stockholm,,Swedish,,Non-fiction,1
14866943,"Amsterdam, 1860. Tekst van W. J. H. platen van J. Hilverdink. Afl. 1-6","Hofdijk, Willem Jacobs",1860,Amsterdam,,Dutch,,Non-fiction,1
14866972,"Chronik der Stadt, der Diözese und des Herzogtums Hildburghausen. I. Chronik der Stadt Hildburghausen","Human, Rudolf Armin",1886,Hildburghausen,,German,,Non-fiction,2
14866981,The Life of Edward Earl of Clarendon ... in which is included a continuation of his History of the Grand Rebellion. Written by himself [With a portrait.],"Clarendon, Edward Hyde, Earl of",1857,Oxford,,English,,Non-fiction,3
14867025,En Rejse til Rusland under Tsar Peter. Dagbogsoptegnelser af Viceadmiral J. Juel ... Med Illustrationer og oplysende Anmærkninger ved G. L. Grove,"Juel, Just, levnet",1893,København,,Danish,,Non-fiction,1
14867053,Geschiedenis en plaatsbeschrijving van Arnemuiden,"Kesteloo, Huibert Martin",1875,Middelburg,,Dutch,,Non-fiction,1
14867077,"An Account of Knoepfel's Schoharie Cave, Schoharie County, New York: with the history of its discovery, subterranean lake. ... Illustrated, etc","Knoepfel, William H.",1853,New York,United States of America,Dutch  English,,Non-fiction,1
14867082,Herinneringen en mededeelingen van eenen Landschapschilder ... met platen,"Koekkoek, B. C.",1841,"Amsterdam, Utrecht",,Dutch,,Fiction,1
14867101,Gamle folks fortællinger om det jyske almueliv ... samt enkelte oplysende sidestykker fra øerne. Samlede af E. T. Kristensen,"Kristensen, Evald Tang",1891,Kjöbenhavn  Århus,,Danish,,Non-fiction,1
14867102,"Beschrijving van 's Gravenhage, uit echte bronnen geput. Afl. 1-6","Kroon, Anthonie Willem",1852,'s Gravenhage,,Dutch,,Non-fiction,1
14867132,"[De Kroniek van Staets. Een bladzijde uit de Geschiedenis van het Fabriekambt der Stad Amsterdam, 1594-1628 [i.e. verses, written by J. Laurentius, at the request of Hendrik Staets, describing the different architectural works executed in Amsterdam under the supervision of the latter] . Door N. de Roever.]","Laurentius, Jacobus",1886,Amsterdam,,Dutch,,Non-fiction,1
14867141,Forsøg til en Beskrivelse over Ringe Sogn,"Leerbech, Hans",1826,Odense,,Danish,,Non-fiction,1
14867152,Merkwaardigen kasteelen in Nederland / door Van Lennep en Hofdijk,"Lennep, J. van (Jacob)",1881,Leiden,,Dutch,,Non-fiction,1
14867172,Beskrifning öfver Grefskapet Dal,"Lignell, Anders",1851,Stockholm,,Swedish,,Non-fiction,1
14867175,Geschiedenis van de stad Leuven [With plates.],"Linden, Herman van der",1899,Leuven,,Dutch,,Non-fiction,1
14867200,Reistogtje met de stoomboot naar Hamburg in den zomer van 1826 ... Met platen,"Lulofs, Barthold Hendrik",1827,Groningen,,Dutch,,Non-fiction,1
14867201,Beskrifning öfver Vestra Vingåkers Socken,"Lundgren, N. Aug",1873,Örebro,,Swedish,,Non-fiction,1
14867202,Wismars pantsättande till Meklenburg-Schwerin. Akademisk afhandling,"Lundin, C. Fr",1892,Upsala,,Swedish,,Non-fiction,1
14867203,Nya Stockholm ... under 1880-talet ... Med talrika illustrationer,"Lundin, Claës",1887,Stockholm,,Swedish,,Non-fiction,1
14867204,"Gamla Stockholm. Anteckningar ur tryckta och otryckta källor framletade, samlade och utgifna af Claes Lundin och August Strindberg","Lundin, Claes",1880,Stockholm,,Finnish  Swedish,Jos. Seligmann & C ; is Förlag,Non-fiction,1
14867230,"Marietta, and the Oil and Mineral Region of South Eastern Ohio and West Virginia",,1864,Marietta,,Dutch  English,,Fiction,1
14867260,Wandeling door de zalen der Historische Tentoonstelling van Amsterdam,"Meijer, Dirk Christian",1876,Amsterdam,,Dutch,,Non-fiction,1
14867269,Geschichte der Stadt Riga,"Mettig, C. (Constantin)",1895,Riga,,German,,Non-fiction,2
14867274,"Erinnerungen an die Hohenzollernherrschaft in Franken, etc","Meyer, Julius, of Anspach",1890,Ansbach,,German,,Fiction,2
14867298,"Der Wahltag zu Regensburg im Jahre 1575. Inaugural-Dissertation, etc","Moritz, Hugo Heinrich",1895,Marburg,,Dutch  French  German  Hungarian,,Non-fiction,1
14867318,Geschiedenis der Gemeente Lembeke en der Vrije Heerlijkheid van Aveschool. Met platen en oorkonden,"Neelemans, Eduard",1872,Eecloo  Gent,,Dutch,,Non-fiction,1
14867326,Neumanns Orts-Lexikon des Deutschen Reichs,"Neumann, Gustav",1894,Leipzig  Wien,,German,,Non-fiction,2
14867327,"Die Stiftungs-Urkunden der Stadt Neuwied. Abgedruckt nach einer beglaubigten Pergamentabschrift im städtischen Archive. Herausgegeben zur 200jährigen Jubelfeier der Stadt Neuwied am 26 August, etc",,1853,Neuwied,,German,,Non-fiction,2
14867335,"Kjøbenhavn paa Holbergs Tid, etc","Nielsen, Oluf",1884,Kjøbenhavn,,Danish,,Non-fiction,1
14867338,Oude Hollandsche Steden aan de Zuiderzee door W. O. J. Nieuwenkamp en J. G. Veldheer,"Nieuwenkamp, Wijnand Otto Jan",1897,Haarlem,,Dutch,,Non-fiction,1
14867345,"Norges Land og Folk, statistisk og topografisk beskrevet [With maps and plates.]",Norway,1885,Kristiania,,Danish,,Non-fiction,1
14867351,"The Round Towers of Ireland; or, the mysteries of Freemasonry, of Sabaism, and of Budhism, for the first time unveiled. Prize Essay of the Royal Irish Academy, enlarged, and embellished with ... illustrations","O'Brien, Henry",1834,London,England,English,,Non-fiction,3
14867353,Svenska Minnen och Bilder. Valda skrifter ... Illustrated upplaga,"Ödman, Nils Petrus",1900,Stockholm,,Swedish,,Non-fiction,1
14867359,Geschichte der Stadt Münster und ihrer Abtei im Gregorienthal. Nach den Dokumenten bearbeitet,"Ohl, Ludwig",1897,Vorbruck-Schirmeck,,German,,Non-fiction,2
14867361,"De gemeente Oost- en West-Souburg, eene statistische bijdrage tot de plaatsbeschrijving van Zeeland, etc",,1860,Middelburg,,Dutch,,Non-fiction,1
14867366,Pozsony város története,"Ortvay, Tivadar",,Pozsony,Slovakia,Hungarian,Pozsonyi Első Takarékpénztár ; Stampfel Károly cs. és kir. udvari könyvkereskedő bizományában,Non-fiction,1
14867368,"Overijssel onder Karel V. Gekend uit regesten op officieele registers en daarbij behoorende acten [edited], door J. I. van Doorninck",,1889,Deventer,,Dutch,,Fiction,1
14867369,"Stockholms Stads fattigvård. Grundvilkeret för dess rationella ordnande, etc","Oxenstierna, Bengt Gabrielsson",1898,Stockholm,,Swedish,,Non-fiction,1
14867404,"Die Nachbarstädte Torgau's: Annaburg, Belgern, Domnitzsch, Düben, Eilenburg, Prettin, Schildau, Wurzen. Geschichtliche Skizze","Petri, Carl Heinrich",1880,Torgau,,English  German  Italian,,Fiction,2
14867413,"A History of the Copper Mines and Newgate Prison, at Granby, Conn. Also, of the Captivity of D. Hays, of Granby, by the Indians, in 1707","Phelps, Noah A.",1845,Hartford,England,Dutch  English,,Non-fiction,1
14867416,Aus Aachens Vergangenheit. Beiträge zur Geschichte der alten Kaiserstadt,"Pick, Richard",1895,Aachen,,German,,Non-fiction,2
14867441,Het Noorden in omtrekken en tafereelen,"Potgieter, Everhardus Johannes",1836,Amsterdam,,Dutch,,Non-fiction,1
14867443,Schets eener Geschiedenis van de stad Rousselare,"Potter, Frans de",1875,Rousselare,,Dutch,,Fiction,1
14867477,"Fem Uger i Finland som Turist, Jæger og Fisker [Illustrated.]","Reedtz-Thott, O.",1892,København,,Danish,,Non-fiction,1
14867485,"Geschichte der Stadt Cambrai bis zur Erteilung der Lex Godefridi, 1227","Reinecke, Wilhelm",1896,Marburg,,Dutch,,Non-fiction,1
14867509,Bruges. An historical sketch,"Robinson, Wilfrid C.",1899,Bruges,,English,L. de Plancke,Non-fiction,3
14867513,Beschrijving van de verwoesting te Leijden op den 12 van Louwmaand 1807,"Roemer, Jan",1824,Leijden,,Dutch,,Non-fiction,1
14867519,Berättelse om Norrboten och dess Lappmarker ... utgifven af A. Roman,"Roman, Abraham",1818,Stockholm,,Swedish,,Non-fiction,1
14867525,Extracts of a Virginian Voyage made an. 1605. by Captaine G. Waymouth,"Rosier, James",1860,Bath,England,Dutch  English,,Non-fiction,1
14867571,"Aemstel's Oudheid, of gedenkwaardigheden van Amsterdam","Scheltema, Pieter",1855,Amsterdam,,Dutch,,Non-fiction,1
14867574,Penschetsen uit Nijmegen's Verleden,"Schevichaven, Herman Diederik Johan van",1898,Nijmegen,,Dutch,,Fiction,1
14867598,Geschichte und Denkwürdigkeiten der Stadt Schongau. Mit einem Stahlstich,,1852,Nördlingen,,German,,Non-fiction,2
14867600,Zeden en gebruiken aan de Zaanstreek,"Schotel, Gilles Denijs Jacob",1874,Haarlem,,Dutch,,Non-fiction,1
14867608,Urkundliche Geschichte der Stadt Steinau an der Oder,"Schubert, Heinrich",1885,Breslau,,German,,Non-fiction,2
14867624,"Potsdam und Sans-Souci. Forschungen und Quellen zur Geschichte von Burg, Stadt und Park ... Mit 15 Tafeln","Sello, Georg",1888,Breslau,,German,,Fiction,2
14867631,"A Lecture, on the topography and history of New-York","Seymour, Horatio",1856,Utica,,Dutch  English,,Non-fiction,1
14867640,"Sveriges Kommuner i administrativt, judicielt och ecklesiastikt hänseende ... år 1898 ... Handbok utgifven af K. Sidenbladh","Sidenbladh, Carl",1898,Stockholm,,Swedish,,Non-fiction,1
14867657,"Beknopte Geschiedenis van Einehoven, etc","Smits, F. N.",1887,Eindhoven,,Dutch,,Non-fiction,1
14867688,"Från det moderna England. Ett urval bilder och intryck ... Med 267 illustrationer, etc","Steffen, Gustaf Fredrik",1894,Stockholm,,Swedish,,Non-fiction,1
14867689,"Fra det moderne England. I Dansk bearbejdelse ved A. Ipsen. Med talrige illustrationer, etc","Steffen, Gustaf Fredrik",1894,Kjøbenhavn,,Danish,,Non-fiction,1
14867695,"Uit de geschiedenis der Heilige Stede te Amsterdam ... Mededeelingen over hare kunstschatten, dienst en inrichting ... Met afbeeldingen","Sterck, Johannes Franciscus Maria",1898,Amsterdam,,Dutch,,Non-fiction,1
14867724,"De Zuiderzee en de Kamper Eilanden c. a. van voorheen en Thans, 1363-1882 ... en eene bijdrage omtrent geheele of gedeeltelijke afsluiting der Zuiderzee, etc","Swets, J.",1886,'s-Gravenhage,,Dutch,,Non-fiction,1
14867736,"Geschiedenis der stad Zutphen, van de vroegste tijden tot 1795 ... Met platen en kaart","Tadama, Reinier Willem",1856,Arnhem  Zutphen,,Dutch,,Non-fiction,1
14867749,Het Koningrijk der Nederlanden voorgesteld in eene reeks van ... schilderachtige gezigten ... en beschreven door J. L. Terwen,"Terwen, Johannes Leonardus",1858,Gouda,,Dutch,,Non-fiction,1
14867751,"Beskrifning öfver Sveriges Rike. Bd. 1, Bd. 2, pt. 1, 2","Tham, Wilhelm, of Carlberg",1849,Stockholm,,Swedish,,Non-fiction,1
14867773,Het Kasteel Westhoven in Zeeland ... geïllustreerd door C. Rochussen,"Toussaint, afterwards Bosboom, Anna Louisa Geertruida",1882,Haarlem,,Dutch,,Non-fiction,1
14867783,"Semi-tropical California: its climate ... productiveness, and scenery, etc","Truman, Benjamin Cummings",1874,San Francisco,,English,,Non-fiction,3
14867793,'T Payottenland gelyk het van oudtyds gestaen en gelegen is. Gedenkboeksken voor alle die deze conntry vry en vrolyk beleven,"Twyfelloos, Franciscus",1846,Brussel,,Dutch,,Non-fiction,1
14867795,Quellen zur Geschichte der Stadt Wien. Abth. I. Regesten aus in- und ausländischen Archiven. Besprochen von Dr. K. Uhlirz. Bd. I,"Uhlirz, Carl",1896,Innsbruck,,German,,Non-fiction,2
14867807,Forbidden to marry ... A novel,"Varley, afterwards Banks, Isabella",1883,London,England,English,F. V. White,Fiction,3
14867833,St. Juliaens Gasthuis te Antwerpen,"Visschers, Petrus Joseph",1853,Antwerpen,,Dutch  Latin,,Non-fiction,1
14867846,"Ostfriesland Land und Volk in Wort und Bild ... Mit ... Holzschnitten, etc","Vries, Johann Fr. de",1881,Emden,,German,,Non-fiction,2
14867857,"Geografisk och ekonomisk Beskrifning om Kemi Lappmark i Vesterbottens Höfdingdöme, med geografisk, Karta, på ... S. G. Hermelius anmodan, författad af G. W","Wahlenberg, Georgius",1804,Stockholm,,Swedish,,Non-fiction,1
14867885,Das Kloster Laach. Geschichte und Urkunden-Buch. Ein Beitrag zur Special-Geschichte der Rheinlande,"Wegeler, Julius, of Coblenz",1854,"Bonn, Coblenz",,German  Latin,,Non-fiction,2
14867895,"Oud-Utrecht. Voornaamste Bladzijden uit de Geschiedenis van de stad en de provincië Utrecht, aan het Volk verhaald","Welsch, A. G.",1893,Utrecht,,Dutch,,Non-fiction,1
14867917,Ny Smalands Beskrifning inskränkt till Wexiö Stift,"Wieselgren, Peter",1844,Lund  Wexiö,,Swedish,,Non-fiction,1
14867937,"Beschrijving van de Groote of St. Bavokerk te Haarlem, alsmede van het alomberoemde Orgel in dezelve","Wolff, J., of Haarlem",1845,Haarlem,,Dutch,,Non-fiction,1
14867944,"Reminiscences of Troy from its settlement in 1790 to 1807, with remarks on its commerce, enterprise, etc","Woodworth, John",1853,Albany,United States of America,Dutch  English,,Non-fiction,1
14867980,"Geschiedenis der Stad Hoorn, hoofdstad van West-Vriesland gedurende het grootste gedeelte der XVII en XVIII eeuw, of vervolg op Velius Chronyk, beginnende met het jaar 1630, met aanteekeningen en bijlagen uitgegeven door C. A. Abbing","Abbing, Cornelis Alard",1841,Hoorn,,Dutch,,Non-fiction,1
14871078,"Christianiæ i vor og svunden Tid. Gammelt og nyt fra en By i Vekst, etc","Abildgaard, Olaf Andreas Colbjörnsen",1898,Christianiæ,,Danish,,Non-fiction,1
14871085,"En Resa till Nordkap ... skildrad i bref, etc","Adelsköld, Claes",1890,Stockholm,,Swedish,,Non-fiction,1
14871090,Inledning till Sveriges fysiska geografi. Jemte upplysningar rörande ankologisk och fysisk karta öfver Sverige,"Agardh, C. A. (Carl Adolf)",1857,Carlstad,,Swedish,,Non-fiction,1
14871095,Sjöfarten på Brasilien. Vägledning i Brasilianska hamnar för de förenade rikenas fartygsbefälhafvare,"Åkerblom, Leonard",1869,Stockholm,,Swedish,,Non-fiction,1
14871114,"Reis door Rusland, Galicie, Hongarije en Bohemen. Met platen","Andel, Adrian van",1877,Nijkerk,,Dutch,,Non-fiction,1
14871116,"Amerika, seet fra et Landbostandpunkt [With illustrations.]","Andreasen, H.",1884,Kjøbenhavn,,Danish,,Non-fiction,1
14871124,"Bidrag till kännedom om de Arktiska Ländernas naturförhållanden, grundade på undersökningar utförda under Svenska expeditioner till polartrakterna",,1875,Stockholm,,Swedish,,Non-fiction,1
14871127,En Norgesreise ... Med ... Illustrationer,"Arentzen, Kristian August Emil",1890,Kjøbenhavn,,Danish,,Non-fiction,1
14871137,"Blandt Nordpolens Naboer. Med Illustrationer af Th. Holmboe, etc","Astrup, Eivind",1895,Kristiania,,Danish,,Non-fiction,1
14871151,"Westkapelle, hare bevolking, westkapelsche dijk ... Met twee kaarten","Baart, K.",1889,Middelburg,,Dutch,,Non-fiction,1
14871161,"A Texas Scrap-Book. Made up of the history, biography, and miscellany of Texas and its people. Compiled by D. W. C. Baker [With plates, including portraits.]","Baker, D. W. C.",1875,New York,United States of America,English,A. S. Barnes,Non-fiction,5
14871178,"Away from Ice and Snow; or, To Manilla in winter","Barrie, Andrew D.",1890,Dumfries,Scotland,English,Anderson,Non-fiction,3
14871181,Cæsar and the Britons,"Barry, Henry, Late Fellow of Queen's College, Oxford",1831,London,England,English,Baldwin & Cradock,Non-fiction,3
14871219,"Visingsö, jemte anteckningar om Visingsborgs grefskap [With maps and illustrations.]","Berg, Georg Wilhelm",1885,Göteborg,,Swedish,,Non-fiction,1
14871231,"De Gasthuizen van Amsterdam van de 14e eeuw tot op heden. Met een plan voor een nieuw ziekenhuis ... en een plan voor een nieuwe buurt, etc","Berns, Anton Wilhelm Cornelis",1883,Amsterdam,,Dutch,,Non-fiction,1
14871246,Reconocimiento Militar del Rio Desaguadero y de la Altiplanicie Andina,"Billinghurst, Guillermo Enrique, President of the Republic of Peru",1880,Lima,,Spanish,,Non-fiction,1
14871250,"Niels Henrik Abel. En skildring af hans liv og videnskabelige virksomhed ... Fölgeskrift til 'Nordisk tidskrift för vetenskap, konst och industri, etc.'","Bjerknes, Carl Anton",1880,Stockholm,,Swedish,,Non-fiction,1
14871251,"Till Visby Stads äldsta historia. Ett kritiskt bidrag, etc","Björkander, Adolf",1898,Upsala,,Swedish,,Non-fiction,1
14871277,Mountaineering in Colorado. The peaks about Estes Park. By Frederick H. Chapin [With plates.],"Appalachian Mountain Club (Boston, Massachusetts)",1889,Boston,,English,,Non-fiction,4
14871282,Hedvig Eleonoras Drottningholm. Anteckningar till slottets äldre byggnadshistoria [With two plans.],"Böttiger, Johan Fredrik",1889,Stockholm,,Swedish,,Non-fiction,1
14871286,Beschrijving van den Helder met het Nieuwe Diep en Huisduinen [With a map.],"Boumeester, J. van Dam den",1847,Nieuwe Diep,,Dutch,,Fiction,1
14871293,"A Practical Synopsis of English History: or, a General summary of dates and events, etc","Bowes, Arthur",1845,London,England,English,William Pickering,Non-fiction,5
14871302,Herinneringen eener reize naar Nieuwyork gedaan in de jaren 1831 en 1832. Benevens eenige bijzonderheden omtrent Constant Polari ... beschuldigd met den diefstal der juweelen van ... de Prinses van Oranje [By J. de Brauw.],"Brauw, J. de, vaandrig",1833,Leiden,,Dutch,C. C. van der Hoek,Non-fiction,1
14871364,California illustrated: including a description of the Panama and Nicaragua routes. By a returned Californian [With plates.],,1852,New York,United States of America,English,William Holdredge,Non-fiction,3
14871406,"Göteborg. Skisserade skildringar af Sveriges andra stad ... Med en karta, etc","Cederblad, Albert",1884,Göteborg,,Swedish,,Non-fiction,1
14871451,"Ethnographische beschrijving van de West- en Noordkust von Nederlandsch Nieuw-Guinea door F. S. A. de Clercq, met medewerking van J. D. E. Schmeltz ... Met bijvoeging eener schets der ethnographie van Duitsch en Britsch Nieuw-Guinea. Met 42 platen en 51 tekstillustraties","Clercq, Frederik Sigismund Alexander de",1893,Leiden,,Dutch,,Fiction,1
14871471,"Upper Canada Sketches ... With illustrations, portraits and map","Conant, Thomas",1898,Toronto,,English,William Briggs,Non-fiction,5
14871484,Rosenborg. Mindeblade fra de danske Kongers kronologiske Samling. Ved Carl Andersen [With illustrations.],Rosenborg Slot (Copenhagen),1867,Kjøbenhavn,,Danish,,Non-fiction,1
14871487,"The History of Rome: from the earliest period to the close of the Empire. Adapted for youth, schools, and families ... A new edition, with chronological table","Corner, Julia",1877,London,England,English,Dean,Non-fiction,5
14871492,"Aanteekeningen, gehouden gedurende mijn verblijf in de West-Indiën, in dejaren 1837-1840, etc","Coster, G. van Lennep",1842,Amsterdam,,Dutch,,Non-fiction,1
14871500,Tales of the Hall,"Crabbe, George",1819,London,England,English,John Murray,Fiction,5
14871519,"Røros Kobberværk, 1644-1894","Dahle, H.",1894,Trondhjem,,Danish,,Non-fiction,1
14871520,Mariager Klosters og Bys Historie,"Dahlerup, Hans",1882,Kjøbenhavn,,Danish,,Non-fiction,1
14871523,"Een Blik op de vorming der stad Sluis en op den aanleg harer vestingwerken van 1382 tot 1587 ... Met een plattegrond van Sluis in het midden der 15e eeuw, etc","Dale, Johan Hendrik van",1871,Middelburg,,Dutch,,Non-fiction,1
14871549,"The Voyage of Pierre Angibaut, known as Champdoré, captain in the Marine of New France, made to the coast of Maine, 1608. (Reprinted from the New-England Historical and Genealogical Register.)","De Costa, Benjamin Franklin",1891,Albany,United States of America,English,Joel Munsell's,Non-fiction,3
14871571,Roman Society in the last century of the Western Empire,"Dill, Samuel",1898,London  New York,England  United States of America,English,Macmillan,Non-fiction,3
14871575,Curaçao. Herinneringen en schetsen,"Dissel, Sibrand van",1857,Leyden,,Dutch,,Non-fiction,1
14871580,White Conquest,"Dixon, William Hepworth",1875,London,England,English,,Non-fiction,4
14871592,Boeroe en Manipa. Aanteekeningen en geschiedkundige feiten verzameld door J. B. J. van D,"Doren, Jan Baptist Jozef van",1859,Amsterdam,,Dutch,,Non-fiction,1
14871611,"Das Deutsche Volk in seinen Mundarten, Sitten, Gebräuchen, Festen und Trachten ... Mit 50 kolorirten Bildern","Duller, Eduard",1847,Leipzig,,German,,Non-fiction,2
14871640,Chronologisch overzigt van de belangrijkste gebeurtenissen der stad Haarlem,"Ekama, C.",1861,Haarlem,,Dutch,,Non-fiction,1
14871675,Nijmegen,"Evers, Jan Willem Staats",1891,Arnhem,,Dutch,,Fiction,1
14871691,"Stockholms Stad i juridiskt, administrativt, statistiskt och borgerligt hänseinde. Handbok i alfabetisk ordning, etc","Ferlin, P. R.",1854,Stockholm,,Swedish,,Non-fiction,1
14871692,Beskrifning öfver Värmland ... Utgifven af E. Fernow. Ny Upplaga. Utgifven af ... H. O. Norstedt,"Fernow, Erik",1898,Karlstad,,Swedish,,Non-fiction,1
14871698,"Postadressebog for Kongeriget Danmark. Femte forøgede Udgave, redigeret af V. H. Finsen. coll. 894","Finsen, Vilhjálmur Hannes",1897,Kjøbenhavn,,Danish,,Non-fiction,1
14871705,"Om Walle hörad i Westergötland. Akademisk afhandling, etc","Florén, August",1854,Upsala,,Swedish,,Non-fiction,1
14871707,"Florida portrayed: its sections, climate, productions, resources, etc. With practical hints to intending settlers [By R. C. Long and others.]",,1885,London,England,English,The South,Non-fiction,4
14871710,History of Floyd County Iowa ... History of Iowa ... Illustrated,,1882,Chicago,United States of America,English,Inter-State Publishing,Non-fiction,5
14871714,Helsingborgs Historia ... Öfversedd och tillökt af P. Wieselgren,"Follin, Elias",1851,Upsala,,Swedish,,Non-fiction,1
14871749,"Grönland, dess natur och innevånare ... Med fyra färgtryckta planscher och elfva af Grönländare skuma träsnitt","Fries, Theodor Magnus",1872,Upsala,,Swedish,,Non-fiction,1
14871750,"Svenska Polar-Expeditionen år 1868 med kronoåufartyget Sofia. Reseskizzer, etc","Fries, Theodor Magnus",1869,Stockholm,,Swedish,,Non-fiction,1
14871751,"En Sommer i Finmarken, Prussisk Lapland og Nordkarelen. Skildringer af Land og Folk, etc. Anden Udgave","Friis, Jens Andreas",1880,Christiania,,Danish,,Non-fiction,1
14871761,"Geschiedkundige navorschingen omtrent de Kapel van het H. Bloed, te Brugge .. vry nagevolgd door J. F. De Muynck ... naer het Fransch van ... J. G","Gailliard, Jean Jacques, of Bruges",1847,Brugge,,Dutch,,Non-fiction,1
14871771,"The Lying Valet, etc","Garrick, David",1769,London,England,English,,Fiction,5
14871775,Om Skandinaviens geografiska utveckling efter Istiden. (Text.-Kartor.),"Geer, Gerard Jakob de",1896,Stockholm,,Swedish,,Non-fiction,1
14871811,"Matrikel öfver Linköpings Stift, utgifven år 1856","Gobom, C. M.",1856,Söderköping,,Swedish,,Non-fiction,1
14871827,"The History of Pennsylvania, from its discovery by Europeans to the Declaration of Independence in 1776","Gordon, Thomas Francis",1829,Philadelphia,,English,,Non-fiction,3
14871833,Amstelodamiana ... Derde druk,"Gouw, Jan ter",1874,Amsterdam,,Dutch,,Non-fiction,1
14871834,"Amsterdamsche Tafereelen ... Met platen, geteekend en op Steen gebragt door J. C. Greive","Gouw, Jan ter",1876,Haarlem,,Dutch,,Non-fiction,1
14871864,"New York and the White Mountains; with a complete map, and numerous views, etc","Guild, William",1852,Boston,United States of America,English,,Non-fiction,4
14871878,En gammal Stockholmares Hågkomster från Stad [i.e. Stockholm] och Skola,,1895,Stockholm,,Swedish,,Non-fiction,1
14871897,Topografiska och statistiska uppgifter om Halmstads Län,Landsting (Hallands Län),1847,Stockholm,,Swedish,,Non-fiction,1
14871898,"Letters of the Kings of England. Now first collected from the originals ... Edited, with an historical introduction and notes, by J. O. H, etc","Halliwell-Phillipps, J. O. (James Orchard)",1846,London,England,English,,Non-fiction,5
14871911,"Beiträge zur Geschichte der Emigranten in Hamburg. Tl. 1, 2","Harkensee, Heinrich",1900,Hamburg,,German,,Non-fiction,2
14871939,"Throndhjem i Fortid og Nutid, 997-1897. Med Bidrag af norske og danske Historikere udgivet af H. G. Heggtveit, etc","Heggtveit, Hallvard Gunleikson",1897,Horten,,Danish,,Non-fiction,1
14871942,"The Bermuda Islands: a contribution to the physical history and zoology of the Somers Archipelago; with an examination of the structure of coral reefs ... With additions by Prof. J. P. Macmurrich, etc [Illustrated.]","Heilprin, Angelo",1889,Philadelphia,,English,,Non-fiction,3
14871969,Two Women in the Klondike. The story of a journey to the gold-fields of Alaska ... With 105 illustrations and map,"Hitchcock, Mary E., Mrs",1899,London  New York,England  United States of America,English,G. P. Putnam's,Non-fiction,3
14871979,Genom Sveriges Bygder. Skildringar af vårt land och folk. Ny ... tillökad upplaga. Med 374 illustrationer,"Hofberg, Johan Herman",1882,Stockholm,,Swedish,,Non-fiction,1
14871998,Hannibal and the Great War between Rome and Carthage,"How, W. W. (Walter Wybergh)",1899,London,England,English,Seeley,Non-fiction,5
14872014,"A Sketch of Chili, expressly prepared for the use of emigrants, etc","Hunter, Daniel J.",1866,New York,United States of America,English,,Non-fiction,3
14872025,"Dwars door Sumatra. Tocht van Padang naar Siak, onder leiding van ... J. W. Ijzerman, beschreven door ... J. W. Ijzerman, J. F. van Bemmelen, S. H. Koorders en L. A. Bakhuis. Met ... illustraties en een reiskaart","Ijzerman, J. W.",1895,Haarlem,,Dutch,,Fiction,1
14872029,"The Old Santa Fé Trail, etc [With illustrations.]","Inman, Henry",1897,New York,United States of America,English,Macmillan,Non-fiction,3
14872037,Bilder från det gamla Malmö. Kulturhistoriska skildringar,"Isberg, Anders Ulrik",1898,Malmö,,Swedish,,Non-fiction,1
14872044,"Kaptein Jacobsens Reiser til Nordamerikas Nordvestkyst 1881-83 ... udarbeidet af A. Woldt. Oversat fra Tysk ved J. Utheim, etc [Illustrated.]","Jacobsen, J. Adrian",1887,Kristiania,,Danish,,Non-fiction,1
14872045,Bergen og Bergenserne,"Jæger, Henrik Bernhard",1889,Bergen,,Danish,,Non-fiction,1
14872046,Kristiania og Kristianienserne [Illustrated with photographs.],"Jæger, Henrik Bernhard",1890,Kristiania,,Danish,,Non-fiction,1
14872072,"Reize naar de Caribische Eilanden, in de Jaren 1780-81 door C. de J. toen ter tijd als Luitenant dienende aan boord van s'lands schip van oorlog Mars, onder bevel van den Schout bij Nacht W. Krul","Jong, Cornelis de, entomologist",1807,Haarlem,,Dutch,,Non-fiction,1
14872076,Nordenssidste Nomade Studier og Billeder fra Svensk Lapmark nord for Polarkresen,"Kaarsberg, Hans Sophus",1897,København,,Danish,,Non-fiction,1
14872077,Amsterdam in Plaatjes en Praatjes,"Kalff, Martin",1875,Amsterdam,,Dutch,,Non-fiction,1
14872081,Zes jaren in Suriname. Schetsen en tafereelen uit het maatschappelijke en militaire leven in deze kolonie,"Kappler, August",1854,Utrecht,,Dutch,,Fiction,1
14872090,Een Zomer in het Noorden,"Keller, Gerard",1860,"Arnhem, Nijmegen",,Dutch,,Non-fiction,1
14872112,Van dieren en kinderen. Vertaling van Mevrouw Willeumier. Met platen [Seven tales from 'The Jungle Book' and 'Wee Willie Winkie.'],"Kipling, Rudyard",1895,Amsterdam,,Dutch  English,,Fiction,1
14872120,Svenska Slott och Herresäten. Äs,"Klingspor, Carl Arvid",1886,Stockholm,,Swedish,,Non-fiction,1
14872133,"Roskilde i gamle Dage, etc","Kornerup, Jacob",1892,Kjøbenhavn,,Danish,,Non-fiction,1
14872143,Øen Anholt i sagn og sæd eiter gamle folks mundtlige meddelelser. Udgivet af E. T. Kristensen,"Kristensen, Evald Tang",1891,Kjøbenhavn,,Danish,,Non-fiction,1
14872144,"Nieuwe Kroniek van Hoorn, ... naar officieele bronnen bewerkt ... Met ... platen ... enz","Kroon, H.",1891,Hoorn,,Dutch,,Non-fiction,1
14872177,Johan Caspar Lavaters Rejse til Danmark i Sommeren 1793. (Breve fra og til Lavater vedrørede hans Rejse til Danmark. Udgivet ... ved Louis Bobé. Ger),"Lavater, Johann Caspar",1898,Kjöbenhavn,,Danish,,Non-fiction,1
14872204,De Reizen der Nederlanders naar Nieuw-Guinea en de Papoesche Eilanden in de 17de en 18de eeuw ... Overgedrukt uit de Bijdragen van het koninklijk Instituut voor de Taal ... en Volkenkunde van Nederlandsch Indie,"Leupe, P. A. (Pieter Arend)",1875,'s Gravenhage,,Dutch,,Non-fiction,1
14872217,Karlskoga bergslag. Historia och beskrifningar [With illustrations.],"Lindberg, Gustaf",1895,Stockholm,,Swedish,,Non-fiction,1
14872230,Redvägs Härad med Staden Ulricæhamn,"Ljungström, Claës Johan",1861,Falköping,,Swedish,,Non-fiction,1
14872252,Blandt Menneskeædere. Fire aars Reise i Australien,"Lumholtz, Carl",1888,Kjøbenhavn,,Danish,,Non-fiction,1
14872253,The Land of Poco Tiempo (New Mexico) ... Illustrated,"Lummis, Charles Fletcher",1893,London,England,English,Sampson Low,Non-fiction,3
14872257,Европейская Россія въ физическомъ и этнографическомъ отношеніяхъ,"Lyadov, V.",1861,Санктпетербургъ,,Russian,,Non-fiction,1
14872282,"Losse Bladen uit Drenthe's Geschiedenis, verzameld door J. S. M","Magnin, Jaen Samuel",1856,Assen,,Dutch,,Fiction,1
14872297,Voor drie jaren naar de Oost,"Margadant, Willem Floris",1890,Leiden,,Dutch,,Non-fiction,1
14872329,"Det gamle Throndhjem. Byens Historie fra dens Anlæg til Erkestolens Oprettelse 997 til 1152. Med Karter, etc","Mathiesen, Henrik",1897,Kjøbenhavn  Kristiania,,Danish,,Non-fiction,1
14872342,Wandelingen in Noorwegen. Bijdrage tot de kennis van land en volk,"Meij, Hendrik Wolfgang van der",1878,Haarlem,,Dutch,,Non-fiction,1
14872343,"Japan, voorgesteld in schetsen over de zeden en gebruiken van det ryk, byzonder over de ingezetenen der stad Nagasaky. Uitgegeven door J. H. Tobias","Meijlan, G. F.",1830,Amsterdam,,Dutch,,Fiction,1
14872360,Et Folk der vaagner. Kulturbilleder fra Litaven,"Meyer, afterwards Meyer-Benedictsen, Åge",1895,København,,Danish,,Non-fiction,1
14872409,"The History of Windham in New Hampshire (Rockingham County) . 1719-1883 ... With the history and genealogy of its first settlers and their descendants, etc","Morrison, Leonard Allison",1883,"Boston, Massachusetts",United States of America,English,Cupples,Non-fiction,3
14872416,The Mountains of California [Illustrated.],"Muir, John",1894,New York,United States of America,English,Century,Non-fiction,5
14872426,Eskimoliv ... Med Illustrationer af Otto Sinding,"Nansen, Fridtjof",1891,Kristiania,,Danish,,Non-fiction,1
14872428,Fram over Polhavet. Den norske Polarfærd 1893-1896. ... Med et Tillæg af Otto Sverdrup,"Nansen, Fridtjof",1897,Kristiania,,Danish,,Non-fiction,1
14872435,"History of the War in the Peninsula and in the South of France, from the Year 1807 to the Year 1814 ... From the fourth edition ... With ... engravings","Napier, William Francis Patrick",1851,London,England,English,,Non-fiction,3
14872455,A Winter in the West. By a New-Yorker. Second edition,,1835,New York,United States of America,English,Harper,Non-fiction,3
14872463,Bergen fra de ældste Tider indtil Nutiden. En historisk-topografisk Skildring,"Nielsen, Yngvar",1877,Christiania,,Danish,,Non-fiction,1
14872467,"Biskop J. Nilsson's Visitatsbøger og Reiseoptegnelser 1574-1597, Udgivne ... ved Dr. Y. Nielsen","Nilssøn, Jens, Bishop of Oslo, Hammer",1885,Kristiania,,Danish,,Non-fiction,1
14872468,"Dagboksanteckningar under en resa från Södra Sverige till Nordlanden i Norge, 1816","Nilsson, Sven, Professor emeritus vid Lunds högskola",1879,Lund,,Swedish,,Non-fiction,1
14872474,"Vegas färd kring Asien och Europa, jemte en historisk återblick på föregående resor längs gamla verldens nordkust [Illustrated.]","Nordenskiöld, Nils Adolf Erik, Baron",1880,Stockholm,,Swedish,,Non-fiction,1
14872475,"Vegas Reise omkring Asia og Europa ... Autoriseret Udgave for Norge og Danmark ved B. Geelmuyden, etc","Nordenskiöld, Nils Adolf Erik, Baron",1881,Kristiania,,Danish,,Non-fiction,1
14872486,"A Memorial of the town of Hampstead, New Hampshire ... Illustrated. Compiled by H. E. Noyes","Noyes, Harriette Eliza",1899,"Boston, Massachusetts",United States of America,English,G. B. Reed,Non-fiction,5
14872491,"Ryssland under czarväldet. En teckning efter de nyaste och mest tillförlitliga källor, jemnförde med egna iakttagelser af A- Ö [i.e. Adolph Öhmann]","Ö, A.",1852,Stockholm,,Swedish,,Non-fiction,1
14872500,"Bidrag till Kännedom om Ingermanlands historia och förvaltning, etc","Öhlander, Carl",1898,Upsala,,Swedish,,Non-fiction,1
14872516,Materiales para una cartografía mexicana,"Orozco Y. Berra, Manuel",1871,,Mexico,Spanish,,Non-fiction,1
14872524,"Sønderjylland. Halvundrede Billeder af M. Kleinsorg, Tekst af J. Ottosen","Ottosen, Johan",1892,København,,Danish,,Non-fiction,1
14872535,En Sommer i Island. Reiseskildring. Første Hefte,"Paijkull, Carl Wilhelm",1866,Kjøbenhavn,,Danish,,Non-fiction,1
14872538,"Konungariket Norige. Statistik, nyare Historia, och sociala förhällanden. (Bihang.)","Palmblad, Vilhelm Fredrik",1846,Upsala,,Swedish,,Non-fiction,1
14872553,"A History of the County of Pictou, Nova Scotia [With a map.]","Patterson, George, Pastor of the Presbyterian Congregation, at Greenhill, Pictou, Nova Scotia",1877,Montreal,,English,Dawson,Non-fiction,4
14872572,"Pennsylvania illustrated; a general sketch of the State, its scenery, history and industries. With ... engravings",,1874,Philadelphia,,English,,Non-fiction,3
14872584,"Den sidste Franklin-Expedition med 'Fox,' Capt. McClintock","Petersen, Carl, naturalist",1860,Kjøbenhavn,,Danish,,Non-fiction,1
14872587,"Göteborg's Stifts Herdaminne, samt geografisk, statistisk och historisk beskrifning öfver Pastoraten, etc","Pettersson, Sven",1872,Göteborg,,Swedish,,Non-fiction,1
14872608,"Uddel en Uddeler Heegde (Bijdrage tot de Geschiedenis van Barneveld) . Door Dr W. Pleyte, A. van den Bogert en H. Bouwheer","Pleyte, Willem",1889,Barneveld,,Dutch,,Non-fiction,1
14872643,Historiske Love. En historisk-philosophisk Undersøgelse,"Ræder, Oscar",1871,Kjøbenhavn,,Danish,,Non-fiction,1
14872673,Briefe aus Philadelphia ... Vermehrte Ausgabe,"Reuleaux, Franz",1877,Braunschweig,,German,,Non-fiction,2
14872677,For the White Rose of Arno,"Rhoscomyl, Owen",1897,London,England,English,Longmans,Fiction,5
14872693,"Catalogo da Exposição de Geographia Sul-Americana, realizada pela Sociedade ... 1889",Sociedade de Geographia (Rio De Janeiro),1891,,Brazil,Spanish,,Non-fiction,1
14872723,"Verhaal van eenen tweeden zeetogt, en van verscheidene landreizen, in de Noordpool-gewesten ... Vertaald door J. Olivier [With a map.]","Ross, John, Sir",1836,Zutphen,,Dutch,,Non-fiction,1
14872738,"Försök till beskrifning öfver Sveriges städer i historiskt, topografiskt och statistiskt hänseende, efter de bästa tryckta källor samt med många tillägg","Rudbeck, Thure Gustaf, Customs Officer",1855,Stockholm,,Swedish,,Non-fiction,1
14872777,På Skogs- och Fjällstigar. Jaktskildringar från nordligaste Västerbotten och Lappland,"Samzelius, Hugo",1894,Stockholm,,Swedish,,Non-fiction,1
14872790,With an appendix,"Scarth, Harry Mingden",1860,Edinburgh,Scotland,English,,Non-fiction,5
14872791,Groningen als Hanzestad,"Schepers, Johannes Bernardus",1891,Groningen,,Dutch,,Non-fiction,1
14872796,"Oud-Nijmegen's Straten, Markten, Pleinen, etc","Schevichaven, Herman Diederik Johan van",1896,Nijmegen,,Dutch,,Non-fiction,1
14872800,Island undersögt fra et lægevidenskabeligt Synspunkt. Med 4 lithographerde Tegninger,"Schleisner, Peter Anton",1849,Kiøbenhavn,,Danish,,Non-fiction,1
14872806,"De Burg van Leyden: feestgave, etc","Schotel, Gilles Denijs Jacob",1865,Leyden,,Dutch,,Non-fiction,1
14872842,"Amerika: eine allgemeine Landeskunde. In Gemeinschaft mit Dr. E. Deckert und Prof. Dr. W. Kükenthal herausgegeben von Prof. Dr. W. Sievers. Mit 201 Abbildungen, etc","Sievers, Wilhelm",1894,Leipzig  Wien,,German,,Non-fiction,2
14872843,"Reise in der Sierra Nevada de Santa Maria ... Mit 8 Abbildungen, etc","Sievers, Wilhelm",1887,Leipzig,,German,,Non-fiction,2
14872844,Sigtuna det forna och vet närvarande,,1847,Upsala,,Swedish,,Non-fiction,1
14872846,"Viertal Brieven van S. A. Sipma aan de ingezetenen van Bornwerd ... uit wier midden hij ... is vertrokken naar Pella in de Vereenigde Staten van Noord-America. (Belangrijke Berigten int Pella, in de Vereenigde Staten van Noord-Amerika, of tweede brief van S. A. Sipma ... voorzien met eenige aanmerkingen door N. N.)","Sipma, Sjoerd Aukes",1851,Dockum,,Dutch,,Non-fiction,1
14872849,"Beskrifning öfver Skandinaviska Halfön, i topografiskt, statistisk och historiskt Hänseende","Sköldberg, Pehr Benjamin",1846,Stockholm,,Swedish,,Non-fiction,1
14872875,Wo ich war und was ich sah. Erinnerungen [of travels in North America],"Sommerstorff, Otto",1897,Berlin,,German,,Non-fiction,2
14872904,"Bidrag till vår odlings häfder, utgifna af A. Hazelius. del. 1-10","Nordiska museet (Stockholm, Sweden)",1910,Stockholm,,Swedish,,Non-fiction,1
14872920,Uit Scandinavië,"Stuart, Martinus Cohen",1877,Utrecht,,Dutch,,Non-fiction,1
14872924,Notas para a historia do Ceará. Segunda metade do seculo XVIII,"Studart, Guilherme",1892,Lisboa,,Portuguese,,Non-fiction,1
14872926,"Minnen från Vegas färd [under Baron Nordenskiöld] och dess svenska föregångare jämte en kortfattad framställning af nordostpassagens historia och den amerikanska nordpols-expeditionen under De Long, etc","Stuxberg, Anton Julius",1890,Stockholm,,Swedish,,Non-fiction,1
14872932,Groningen in zijn verleden en zijn heden geschetst,"Suringa, J.",1899,Groningen,,Dutch,,Fiction,1
14872936,"Öfversigt af Sveriges Geografi och Historia, jemte Beskrifningar öfver sextio socknar, 100 byar ... m.m [Edited by A. C. V. Hammar.]",Sweden,1864,Stockholm,,Swedish,,Non-fiction,1
14872943,Californien som det er,"Taaffe, G. O'Hara",1869,Kjøbenhavn,,Danish,,Non-fiction,1
14872951,The History of P. Cornelius Tacitus. Translated ... with an introduction and notes ... by A. W. Quill,"Tacitus, Cornelius",1892,London,England,English,J. Murray,Non-fiction,4
14872969,Konungariket Sveriges Statistik i Sammandrag,"Thomée, Gustaf",1861,Stockholm,,Swedish,,Non-fiction,1
14872975,"Stadgar rörande postwäsendet i Sverige. Handbok för Postwerkets Tjenstemän, etc","Thurgren, Johan Adolf",1858,Stockholm,,Swedish,,Non-fiction,1
14872987,Fra Amerika. Med Afbildninger og et Kort,"Topsøe, Vilhelm Christian Sigurd",1872,Kjøbenhavn,,Danish,,Non-fiction,1
14872992,"Ice-Bound on Kolguev. A chapter in the exploration of Arctic Europe, to which is added a record of the natural history of the island ... With numerous illustrations by J. T. Nettleship, C. Whymper, and the author, and three maps","Trevor-Battye, Aubyn Bernard Rochford",1895,London,England,English,A Constable,Non-fiction,5
14872996,"Kjesäter Anteckningar ur familjearkivet och gårdshandlingarna, etc","Trolle Bonde, Carl Johan, count",1893,Lund,,Swedish,,Non-fiction,1
14872999,Under Nordlysets Straaler. Skildringer fra Lappernes Land,"Tromholt, Sophus",1885,Kjøbenhavn,,Danish,,Non-fiction,1
14873023,America and the Americans from a French Point of View,United States,1897,London,England,English,W. Heinemann,Non-fiction,3
14873025,Minnen från en sjuttonårig vistelse i Nordvestra Amerika,"Unonius, Gustaf",1862,Upsala,,Swedish,,Non-fiction,1
14873038,Topografiska och statistiska uppgifter om Westerås län,,1842,Stockholm,,Swedish,,Non-fiction,1
14873053,"Historia de la Villa de Guanabacoa, desde la colonizacion de Cuba por los Españoles hasta nuestros dias","Vidal Y. Cireral, Félix",1887,Habana,,Spanish,,Non-fiction,1
14873055,Geografía de la República del Ecuador,"Villavicencio, Manuel",1858,New York,United States of America,Spanish,,Non-fiction,1
14873069,"View of the climate and soil of the United States of America, etc. Few MS. notes","Volney, Constantin François de, count",1804,London,England,English,J. Johnson,Non-fiction,3
14873080,"Beskrifning öfver badorterna å Sverges vestra Kust, etc","Wallin, J., of Gothenburg",1858,Göteborg,,Swedish,,Non-fiction,1
14873086,Skara Stift: ett statistiskt bidrag,"Warholm, Johan Wilhelm",1855,Mariestad,,Swedish,,Non-fiction,1
14873088,The History of Warren County ... Illustrated,,1882,Chicago,United States of America,English,W. H. Beers,Non-fiction,3
14873098,"The military and civil History of the County of Essex, New York; and a general survey of its physical geography, its mines and minerals, and industrial pursuits, etc","Watson, Winslow Cossoul",1869,"Albany, New York",,English,,Non-fiction,3
14873104,"Home History. Recollections of Buffalo ... from 1830 to 1840, etc","Welch, Samuel M.",1891,Buffalo,United States of America,English,Peter Paul,Non-fiction,4
14873111,'En Målares Anteckningar.' I. Lustresa till Köpenhamn,"Wester, A. M.",1873,Stockholm,,Swedish,,Non-fiction,1
14873113,"Delft, in eenige afbeeldingen der schoonste monumenten, hoofdgebouwen en gezigten in en nabij de stad. Naar de natuur geteekend door C. Bos, met daarbij gevoegden tekst door T. van W","Westrheene, Th. van",1858,"Delft, Rotterdam",,Dutch,,Non-fiction,1
14873114,"De Residentie in afbeeldingen. Album van schoone gezigten, voorname, gebouwen, enz. in enom's Gravenhage, naar ne natuur geteekend ... door G. J. Bos ... Met bijschriften van T. van W","Westrheene, Th. van",1858,'s Gravenhage,,Dutch,,Non-fiction,1
14873122,"The Camp-fires of the Everglades; or, wild sports in the South [With illustrations.]","Whitehead, Charles Edward",1891,Edinburgh,Scotland,English,D. Douglas,Non-fiction,3
14873140,Historisch Onderzoek naer den Oorsprong en den waren naem der openbare plaetsen en andere Oudheden van Antwerpen [With maps.],"Willems, Jan Frans",1828,Antwerpen,,Dutch,,Non-fiction,1
14873150,Geschiedkundige plaatsbeschrijving van Vlissingen,"Winkelman, H. P.",1873,Vlissingen,,Dutch,,Non-fiction,1
14873163,Studier rörande Göteborgs äldsta författning,"Wolff, Emil, of Gothenburg",1894,Göteborg,,Swedish,,Non-fiction,1
14873166,A History of Tobago,"Woodcock, Henry Iles",1867,,,English,,Non-fiction,3
14873173,"Random Recollections of Albany, from 1800 to 1808 ... Third edition, with notes by the publisher [i.e. Joel Munsell] [With plates, including portraits.] L.P","Worth, Gorham A.",1866,"Albany, New York",,English,J. Munsell,Non-fiction,3
14873181,Utazás Kalifornia déli részeiben,"Xántus, János",1860,Pesten,Hungary,Hungarian,nyomatott Herz Jánosnál,Non-fiction,1
14873202,"Californie's Hulpbronnen en Toekomst, met het oog op een landverhuizing van Nederlanders derwaarts. ... Gevolgd door twee ontwerpen tot stichting eener Nederlandsche Landbouw-Kolonie, etc","Zouteveen, Hermanus Hartogh Heijs van",1871,'s Gravenhage,,Dutch,,Non-fiction,1
14873208,"Ons Vaderland en zijne Bewoners ... Met ... platen, etc","Aa, A. J. van der",1855,Amsterdam,,Dutch,,Fiction,1
14879469,Apuntes de Viaje. La Industria del Cobre en las provincias de Atacama y Coquimbo y los grandes ... depósitos carboníferos de Lota y Coronel en la provincia de Concepcion,"Aracena, Francisco Marcial",1884,Valparaiso,,Spanish,,Non-fiction,1
14879510,"Jerusalem, the City of Herod and Saladin","Besant, Walter",1888,London,England,English,R. Bentley,Non-fiction,3
14879519,"The Court and Times of James the First; illustrated by authentic and confidential letters, from various public and private collections [Compiled by T. Birch.] Edited, with an introduction and notes, by the author of 'Memoirs of Sophia Dorothea' [i.e. Robert Folkestone Williams], etc","Birch, Thomas",1848,London,England,English,Henry Colburn,Non-fiction,3
14879529,"Montevideo e la repubblica dell'Uruguay. Descrizione e statistica, etc","Bordoni, Giosuè E.",1885,Milano,Italy,Italian,,Non-fiction,1
14879590,La Civilizacion en los cinco primeros siglos del Cristianismo. Lecciones pronunciadas en el Ateneo de Madrid,"Castelar Y. Ripoll, Emilio, President of the Spanish Republic",1858,Madrid,,Spanish,,Non-fiction,1
14879621,"A Narrative of Events in the South of France, and of the Attack on New Orleans, in 1814 and 1815","Cooke, John Henry, Sir",1835,London,England,English,T. & W. Boone,Non-fiction,3
14879625,"Fremstilling af forskjellige kjøbenhavnske kommunale Forhold. Samlet og udgivet i Anledning af den nordiske Udstilling i Kjøbenhavn i Aaret 1888, etc",,1888,Kjøbenhavn,,Danish,,Non-fiction,1
14879658,"Adventures in Australia Fifty Years ago. Being a record of an emigrant's wanderings through the colonies of New South Wales, Victoria and Queensland during the years 1839-1844 [With a map.]","Demarr, James",1893,London,England,English,Swan Sonnenschein,Non-fiction,3
14879671,Lehrbuch der Geschichte mit besonderer Berücksichtigung der ... Fortbildung des Menschengeschlechts,"Doering, Reinhold",1855,Brieg,,German,,Fiction,2
14879706,Studien unter den Tropen Amerika's,"Engel, Franz, of Röbel in Mecklenburg",1878,Jena,,German,,Fiction,2
14879727,The Spaniard in History,"Fernald, James Champlin",1898,London  New York,England  United States of America,English,Funk & Wagnalls,Non-fiction,3
14879732,"The History of Greece from its conquest by the Crusaders to its conquest by the Turks, and of the Empire of Trebizond 1204-1461","Finlay, George",1851,London,England,English,,Non-fiction,3
14879741,"Bland Oleandrar och Liljor. Minnen från en sommar på Bermuda eller Somers őar, etc","Forsstrand, Carl",1895,Stockholm,,Swedish,,Non-fiction,1
14879786,"Turkey and Russia, their races, history and wars. Embracing a graphic account of the great Crimean War and of the Russo-Turkish war","Gossip, Robert",1878,Edinburgh,Scotland,English,,Non-fiction,3
14879809,"Kolonisatie van Europeanen te Suriname. Opheffing van het pauperisme, ontwikkeling van handel en industrie, met ongeveer 90 platen","Halberstadt, A.",1872,Leyden,,Dutch,,Non-fiction,1
14879814,The resources of Arizona. ... A manual of ... information concerning the territory. Compiled ... under authority of the Legislature,"Hamilton, Patrick, commissioner",1881,"Prescott, Arizona",,English,,Non-fiction,3
14879826,"Gedenkboek van eenvijf-entwintigjarig zendelingsleven op Nieuw-Guinea, 1862-1887","Hasselt, J. L. van",1888,Utrecht,,Dutch,,Non-fiction,1
14879865,Idle Days in Patagonia ... Illustrated by A. Hartley and J. Smit,"Hudson, W. H. (William Henry)",1893,London,England,English,Chapman & Hall,Non-fiction,5
14879869,"The history of the Province of Massachusetts Bay from 1749 to 1774, comprising a detailed narrative of the origin and early stages of the American Revolution ... Edited ... by ... J. Hutchinson","Hutchinson, Thomas, Governor of the Colony of Massachusetts Bay",1828,London,England,English,,Non-fiction,4
14879906,"Impressions of the West and South, during a six weeks' holiday [By W. K, i.e. William Kingsford.]","Kingsford, William",1858,Toronto,,English,,Non-fiction,3
14879950,Australische Reise ... Mit Illustrationen,"Lendenfeld, Robert von",1892,Innsbruck,,German,,Non-fiction,2
14879979,The Awakening of a Nation: Mexico of to-day ... Illustrated,"Lummis, Charles Fletcher",1898,London  New York,England  United States of America,English,Harper,Non-fiction,3
14880024,"History of the town of Cornwall, Vermont","Matthews, Lyman",1862,Middlebury,,English,,Non-fiction,5
14880031,"Turkey Old and New: historical, geographical and statistical","Menzies, Sutherland, pseudonym [i.e. Elizabeth Stone]",1880,London,England,English,W. H. Allen,Non-fiction,5
14880074,"History of the War in the Peninsula and in the south of France, from the year 1807 to the year 1814. vol. 4","Napier, William Francis Patrick",1848,London,England,English,,Non-fiction,3
14880106,Cassell's History of the War between France and Germany. 1870-1871,"Ollier, Edmund",1899,London,England,English,Cassell,Non-fiction,3
14880144,"Oration delivered before the Φ. Β. Κ. Society, ... on some of the moral and political truths derivable from the study of history","Percival, James Gates",1822,Massachusetts  New-Haven,,Dutch  French  Hungarian,,Non-fiction,1
14880169,"Algemeene Geschiedenis der wereld van de Schepping tot op den tegenwoordigen tijd (oorspronkelijk en naar de beste bronnen bewerkt door M. S. Polak), etc. Deel. 1-7","Polak, Mozes S.",1841,Amsterdam,,Dutch,,Fiction,1
14880181,"Die Entfaltung der Idee des Menschen durch die Weltgeschichte. Vortrag, etc","Preger, Wilhelm",1870,München,,German,,Non-fiction,2
14880193,"Verslag eener reis naar Demerary, Grenada en Guadeloupe gedaan ... in het laatst van het jaar 1845","Raders, J. E. W. F. van",1846,Paramaribo,,Dutch,,Non-fiction,1
14880199,Heroën in de Geschiedenis: toespraak bij de opening zijner academische lessen,"Rauwenhoff, Lodewijk Willem Ernst",1862,Leiden,,Dutch  French  Hungarian,,Non-fiction,1
14880203,Montrado. Geschied- en krijgskundige bijdrage betreffende de onderwerping der Chinezen op Borneo. Naar het dagboek van een Indisch Officier over 1854-1856 ... Met eene voorrede van P. J. Vith,"Rees, Willem Adriaan van",1858,'s Hertogenbosch,,Dutch,,Non-fiction,1
14880217,"Algemeene geschiedenis van de Volken en Staten der Oudheid, hunne zeden, staatsleven, beschaving, kunsten en literatuur","Riedel, H., of Groningen",1841,Groningen,,Dutch,,Non-fiction,1
14880219,Uit Brazilie [Travels.],"Rijckevorsel, Elie van",1886,Rotterdam,,Dutch,,Non-fiction,1
14880220,"Ons Rijk Suriname. Schetsen voor Neêrland's Volk, etc","Riko, A. J.",1883,Rotterdam,,Dutch,,Fiction,1
14880246,Kjøbenhavns Kirker og Klostere i Middelalderen,"Rørdam, Holger Frederik",1859,Kjøbenhavn,,Danish,,Non-fiction,1
14880259,"With an Ambulance during the Franco-German War. Personal experiences and adventures with both armies, 1870-71 ... With ... maps","Ryan, Charles E.",1896,London,England,English,J. Murray,Non-fiction,3
14880277,Vita Italiana nell'Argentina. Impressioni e note,"Scardin, Francesco",1899,Buenos Aires,,Spanish,,Non-fiction,1
14880283,Historiske Studier,"Schiern, Frederik Eginhard Amadeus",1856,Kjøbenhavn,,Danish,,Fiction,1
14880284,Nyere historiske Studier,"Schiern, Frederik Eginhard Amadeus",1875,Kjøbenhavn,,Danish,,Non-fiction,1
14880286,Das Bihar-Gebirge an der Grenze von Ungarn und Siebenbürgen. (Mit einer geodätischen Abhandlung. Karte ... von J. Wastler.),"Schmidl, A. Adolf",1863,Wien,,German,,Fiction,2
14880293,Lehrbuch der allgemeinen Geschichte. Bd. 1. Geschichte des Alterthums,"Schoetter, Johann",1867,Luxemburg,,German,,Non-fiction,2
14880322,Turkey and the Crimean War: a narrative of historical events,"Slade, Adolphus, Sir",1867,London,England,English,,Non-fiction,3
14880365,Rambles in Polynesia. By 'Sundowner.',,1897,London,England,English,European Mail,Non-fiction,3
14880366,Bladen aan de geschiedenis der volkeren ontleend,"Superville, D. M. van Dusseldorp de",1863,Utrecht,,Dutch  French  Hungarian,,Fiction,1
14880372,"Journaal van de Reis naar het onbekende Zuidland, in den Jare 1642 ... Medegedeeld en met ... Aanteekeningen voorzien, door J. Swart. Met eene kaart","Tasman, Abel Janszoon",1860,Amsterdam,,Dutch,,Non-fiction,1
14880377,Schetsen uit Mexico,"Terwogt, Willem Albert",1898,Culemborg,,Dutch,,Fiction,1
14880380,Lärobok i Nyare historien,"Tham, Wilhelm, of Carlberg",1862,Stockholm,,Swedish,,Non-fiction,1
14880395,The Retreat from Moscow and Passage of the Beresina [With four plates.],"Turner, Alfred Edward, Sir, k.c.b",1898,Woolwich,,English,,Non-fiction,3
14880401,History of Scotland ... First edition. Index,"Tytler, Patrick Fraser",1850,Edinburgh,Scotland,English,A & C. Black,Non-fiction,4
14880437,Wanderings in South America ... With an introduction by Norman Moore,"Waterton, Charles",1890,London,England,English,J. Nelson,Non-fiction,3
14880465,Verslagen omtrent den derden (-zesden) tocht van de Willem Barents naar de Yszee in den zomer van 1880 (-83.) uitgebracht aan het Comité van Uitvoering. ... Uitgegeven voor rekening van het Comité voor de Yszee-vaart,,1881,Haarlem,,Dutch,,Fiction,1
14880474,"Narrative of events during the invasion of Russia by Napoleon Buonaparte, and the retreat of the French Army. 1812. Edited by ... the Rev. H. Randolph","Wilson, Robert, Sir",1860,London,England,English,,Non-fiction,5
14885123,A History of Greece for High Schools and Academies,"Botsford, George Willis",1899,New York,United States of America,English,Macmillan,Non-fiction,3
14885192,"A Personal Narrative of those Transactions in the County Wexford, in which the author was engaged, during the period of 1798 ... To which is added, an appendix, containing a ... report of the author's trial by court-martial","Cloney, Thomas",1832,Dublin,Ireland,English,,Non-fiction,3
14885210,A történet szelleme : történet-bölcselmi értekezés,"Danielik, János",1857,Pesten,Hungary,Dutch  French  Hungarian,nyomatott Herz Jánosnál,Non-fiction,1
14885220,Handbuch der Geschichte der Staaten des Alterthums für Gymnasien,"Dederich, Andreas",1860,Leipzig,,German,,Fiction,2
14885302,Allgemeine Weltgeschichte in zusammenhängender Darstellung für gebildete Leser aller Stände,"Faber, J. Fr",1858,Stuttgart,,German,,Non-fiction,2
14885328,"De onpartijdigheid van den geschiedschrijver. Redevoering, etc","Fruin, Robert Jacobus",1860,Amsterdam,,Dutch,,Non-fiction,1
14885344,Gallien før og under Romernes herredømme. En indledning til Frankriges historie af M. Gjør,"Gjoer, M.",1881,Kristiania,,Danish,,Non-fiction,1
14885385,"Authorized American edition, with supplement relating chiefly to American topics, and a copious biographical Index, by G. P. Putnam","Haydn, Joseph",1885,London,England,English,"Ward, Lock",Non-fiction,5
14885440,"History of the Hawaiian or Sandwich Islands, from the earliest traditionary period to the present time","Jarves, James Jackson",1843,Boston,United States of America,English,,Non-fiction,4
14885455,Oude Geschiedenis ... Tweede herziene druk,"Kiehl, Ernst Julius",1871,Groningen,,Dutch,,Non-fiction,1
14885459,"Kommunen. Insurrektionen i Paris 1871, af V. K [continued and edited by G. Kleen.]","Kleen, Victor",1876,Stockholm,,Swedish,,Non-fiction,1
14885549,Siete años de aventuras en el Paraguay ... traducido al español por D. Lewis. Aumentada con notas rectificativas,"Masterman, George Frederick",1870,Buenos Aires,,Spanish,,Non-fiction,1
14885573,The History of Greece,"Mitford, William, of Exbury",1814,London,England,English,T. Codell & W. Davies,Non-fiction,5
14885608,O'Byrne's Encyclopaedia of the War: a connected narrative of the current events of the war in the East,"O'Byrne, Robert Henry",1854,London,England,English,,Non-fiction,3
14885642,"Journal of Herbert Edward Pretyman ... Written during his expedition to the Kittar Mountains ... 1891 [Edited by Frederic Pretyman. With plates, including a portrait.]","Pretyman, Herbert Edward",1892,London,England,English,,Non-fiction,3
14885677,"The History of Modern Europe ... A new edition ... revised, etc","Russell, William",1805,London,England,English,J. Johnson,Non-fiction,5
14890973,Akten zur Geschichte des Deutschen Bauernkrieges aus Oberschwaben. Herausgegeben von Dr. F. L. Baumann,"Baumann, Franz Ludwig von",1877,Freiburg,,German,,Non-fiction,2
14891000,Colmar und die Schreckenszeit. Ein Tagebuch [by S. Billing] und Aktenstücke aus den Revolutionsjahren 1789-1796. Aus ungedruckten Quellen gesammelt und herausgegeben von Julius Rathgeber,"Billing, Sigismund",1873,Stuttgart,,German,,Non-fiction,2
14891012,"Den Franska revolutionen, dess orsaker och inre historia, 1789-1799","Boëthius, Simon Johannes",1887,Stockholm,,Swedish,,Non-fiction,1
14891029,De Duitschers en de Nederlanden vóór den Munsterschen vrede. Eene voorlezing,"Bosscha, Joannes, the Elder",1847,'s Gravenhage,,Dutch,,Non-fiction,1
14891044,Parijs tijdens de Roode Terreur,"Brink, Jan ten, Professor at the University of Leyden",1896,Amsterdam,,Dutch,,Non-fiction,1
14891046,Parijs tijdens de Witte Terreur,"Brink, Jan ten, Professor at the University of Leyden",1897,'s-Gravenhage,,Dutch,,Non-fiction,1
14891061,"Parijs onder de Commune, etc","Bührmann, Frans Christiaan",1871,Amsterdam,,Dutch,,Non-fiction,1
14891074,De Verwoesting van Parijs. Mei 1871. Eene vluchtige schets [With illustrations.],"Calisch, Salomon Martinus Nathan",1871,Haarlem,,Dutch,,Fiction,1
14891200,"Forschungen auf dem Gebiete der Rheinischen und Westphälischen Geschichte, etc","Fahne, Anton",1864,Cöln,,German,,Non-fiction,2
14891236,"The History of the rise and progress of the Revolution in France, with an impartial and concise account of the late war ... By the same society that compiled the Edinburgh New Geographical Grammar. Embellished with select maps, illustrative of the marches and countermarches of the belligerent powers",France,1802,Edinburgh,Scotland,English,,Non-fiction,3
14891296,Ça ira! or Danton in the French Revolution. A study,"Gronlund, Laurence",1888,Boston  Massachusetts,United States of America,English,Lee & Shepard,Non-fiction,4
14891372,De Ondergang van het Koninkrijk Holland. Eene historische Studie,"Jorissen, Thomas Theodoor Hendrik",1871,Arnhem,,Dutch,,Fiction,1
14891388,Nederland in 1672 en 1673. Krijgskundige beschouwingen,"Knoop, Willem Jan",1851,'s Hertogenbosch,,Dutch,,Non-fiction,1
14891566,Contributions to an Amateur Magazine in prose and verse,"Perry, Richard, of Trinity College, Cambridge",1857,London,England,English,,Fiction,5
14891650,"Melchior Russen, Ritters von Lucern, Eidgenössische Chronik; geschrieben im Jahre 1482, und zum Erstenmale herausgegeben 1832 von J. Schneller","Russ, Melchior",1834,Bern,,German,,Non-fiction,2
14891715,Herinneringen aan het Kasteel van Antwerpen in de maanden November en December 1832,"Staats, F. L.",1843,Groningen,,Dutch,,Non-fiction,1
14891773,Verslag aangaande de archieven der provincie en der voormalige vijf kapittelen te Utrecht. Gedaan aan H. H. Gedeputeerde Staten van dat gewest door Dr. P. J. Vermeulen,"Gedeputeerde Staten (Utrecht, Province of)",1850,Utrecht,,Dutch,,Non-fiction,1
14891806,"On the Increase of Royal Power in France under Philip Augustus. 1179-1223. Dissertation, etc","Walker, Williston",1888,Leipzig,,English,,Non-fiction,3
14891858,De Aardbol. Magazijn van hedendaagsche land- en volkenkunde ... Met platen en kaarten [Deel 4-9 by P. H. W.],,1839,Amsterdam,,Dutch,,Fiction,1
14895983,Breve og Aktstykker til Oplysning af Christiern den Andens og Frederik den Førstes Historie. Bd. 1,"Allen, Carl Ferdinand",1854,Kjøbenhavn,,Danish  Swedish,,Non-fiction,1
14895984,"Danskhedens Skjæbne i Slesvig, udarbeidet efter Prof. Allen's Værk 'Det danske Sprogs Historie i Hertugdømmet Slesvig eller Sønderjylland' ved J. W. Marckmann ... Med et Forord af Prof. Allen og et Sprogkort","Allen, Carl Ferdinand",1860,Haderslev,,Danish,,Non-fiction,1
14895990,"Regesta Hannonensia. Lijst van oorkonden betreffende Holland en Zeeland uit het tijdvak der regeering van het Henegouwsche Huis 1299-1345, die in het Charterboek van van Mieris ontbreken. Uitgegeven ... door Dr. P. L. Muller","Koninklijke Akademie van Wetenschappen, afterwards Koninklijke Nederlandse Akademie van Wetenschappen (Amsterdam)",1881,'s Gravenhage,,Dutch,,Non-fiction,1
14895993,"Panorama van Neerlands verleden, door P. J. Andriessen en W. J. Hofdijk [With plates.]","Andriessen, P. J. (Pieter Jacob)",1880,Deventer,,Dutch,,Non-fiction,1
14895996,"De Liggeren en andere historische archieven der Antwerpsche Sint-Lucasgilde onder zinspreuk: 'Wt Ionsten Versaemt,' afgeschreven en bewerkt door Ph. Rambouts en Th. van Lerius ... Les Liggeren et autres archives historiques, etc","Antwerp, Gilde van Sint Lukas",1864,'s Gravenhage  Antwerpen,,Dutch,,Non-fiction,1
14895999,"Algemeene geschiedenis der Vaderlands, van de vroegste tijden tot op heden. (dl. 3. stuk 2. Voortgezet door Mr. O. van Rees. dl. 3. stuk 3-5. Voortgezet door Mr. O. van Rees en Dr. W. G. Brill. dl. 4, 5. Voortgezet door Dr. J. van Vloten.) dl. 1-dl. 5. stuk 1","Arend, Johannes Pieter",1840,Amsterdam,,Dutch,,Non-fiction,1
14896001,"De Derde Balische expeditie in herinnering gebracht, etc [With maps.]","Arntzenius, J. O. H.",1874,'s Gravenhage,,Dutch,,Non-fiction,1
14896031,Billeder af Nordens Historie,"Barfod, Povl Frederik",1874,Kjøbenhavn,,Danish,,Non-fiction,1
14896032,Danmarks Historie fra 1319 til 1536,"Barfod, Povl Frederik",1885,København,,Danish,,Non-fiction,1
14896033,Fortællinger af Fædrelandets Historie,"Barfod, Povl Frederik",1853,Kjøbenhavn,,Danish,,Non-fiction,1
14896036,Bergens Forsvar 1801 og 1807-1814 ... Med Kart over Bergen i 1801,"Barstad, Hans Jacob",1887,Bergen,,Danish,,Non-fiction,1
14896058,Geschiedkundige opstellen,"Beaufort, Willem Hendrik de",1893,Amsterdam,,Dutch,,Non-fiction,1
14896059,Generalmajor Olaf Rye's Tilbagetog gjennem Nørrejylland 1849 ... Med 3 Kaart,"Beck, Hans Charles Johannes von",1863,Kjøbenhavn,,Danish,,Non-fiction,1
14896065,"Oldenbarneveld, de Staten van Holland en Leycester in 1585 en 1586. Eene bijdrage ... tot de waardering van eenige historische voorstelingen in den roman, Leycester in Nederland, van Mejufvrouw Toussaint, alsmede teregtwijzing voor ... J. A. M. Mensinga, en antwoord aan ... M. Siegenbeek","Beijerman, Hugo",1847,Deventer,,Dutch,,Fiction,1
14896076,"National gedenkboek, 1572, 1772, 1872, etc","Bergen, August W. van",1873,Amsterdam,,Dutch,,Non-fiction,1
14896097,Het Rationalistisch-Idealisme. Eene historische beschouwing over den invloed van de Revolutie van 1789,"Boers, W. M. H.",1889,Delft,,Dutch,,Non-fiction,1
14896115,"Geschiedenis der staats-omwenteling in Nederland, voorgevallen in het jaar achttienhonderd dertien [With plates.]","Bosscha, Herman",1814,Amsterdam,,Dutch,,Fiction,1
14896116,"Neêrlands heldendaden te land, van de vroegste tijden af tot in onze dagen. (Bijlagen.-Algemeen register.) [With maps.]","Bosscha, Joannes, the Elder",1868,Leeuwarden,,Dutch,,Non-fiction,1
14896128,Om Robert Molesworth's Skrift 'An Account of Denmark as it was in the year 1692.',"Brasch, Christian Henrik",1879,Kjøbenhavn,,Danish,,Non-fiction,1
14896135,Het Tusschenbestuur in het Leycestersche tijdvak. Naar officieele bescheiden bewerkt,"Broersma, Roelof",1899,Goes,,Dutch,,Fiction,1
14896136,"Geschiedenis van den Atjeh-oorlog, 1873-1886. In populairen vorm verteld","Brooshooft, Pieter",1886,Utrecht,,Dutch,,Non-fiction,1
14896137,"Antwoord aan den Heer Groen van Prinsterer op zijn 'Heiligerlee en Ultramontaansche kritiek' ... Tweede druk. (no. 3. De Heeren Fruin in 'de Gids,' Jonckbloet in de Tweede Kamer, en Groen in zijne derde brochure over Heiligerlee.)","Brouwers, Jan Willem",1868,Amsterdam,,Dutch,,Non-fiction,1
14896140,"Alkmaar in 1560. Voorlezing, etc","Bruinvis, Cornelis Willem",1861,Alkmaar,,Dutch  Latin,,Fiction,1
14896141,Het Patriotisme te Alkmaar. 1781-1791,"Bruinvis, Cornelis Willem",1886,Alkmaar,,Dutch,,Fiction,1
14896143,"Anden Række. Udgivne af C. Bruun, O. Nielsen, og S. B. Smith","Bruun, Christian Walther",,Kjøbenhavn,,Danish  Latin,,Non-fiction,1
14896144,De Geschiedenis van Nederland in onzen tijd,"Bruyne, Jan Anthony de",1901,Schiedam  Voorburg,,Dutch,,Fiction,1
14896152,Bührmann's Geschiedenis van ons Vaderland van de vroegste tijden tot op heden. Met een voorwoord van W. J. Hofdijk,"Bührmann, Frans Christiaan",1864,Amsterdam,,Dutch,,Non-fiction,1
14896160,"Dagboek van Cornelis en Philip van Campene, behelzende het verhaal der merkwaardigste gebeurtenissen, voorgevallen te Gent sedert het begin der godsdienstberoerten tot den 5en April 1571 ... uitgegeven door Frans de Potter","Campene, Cornelis van",1870,Gent,,Dutch,,Fiction,1
14896162,Bijdragen tot de geschiedenis der Nederlanden,"Cappelle, Johannes Pieter van",1827,Haarlem,,Dutch,,Fiction,1
14896167,Neêrland's glorie. De geschiedenis der Nederlandsche Republiek van 1648-1713 ... Met illustratiën van J. C. Leich,"Cate, Steven ten",1875,Amsterdam,,Dutch,,Non-fiction,1
14896185,Krigen 1864 og de Faldnes Minde,"Cohen, Vilhelm",1865,Kjøbenhavn,,Danish,,Non-fiction,1
14896190,"Geschiedenis van België ... Versierd met 200 houtsneden, etc","Conscience, Hendrik",1881,Bruxelles,,Dutch,A. N. Lebegue,Non-fiction,1
14896193,Bidrag til en historisk-topografisk Beskrivelse af Island ved P. E. Kristian Kålund ... Med ... litograferede Kort. Udgivet af Kommissionen for det arnamagnæanske Legat,Arnamagnæanske stiftelse,1877,Kjøbenhavn,,Danish,,Non-fiction,1
14896246,Inventaris van het Deventer-Archief. (Bijlagen [by W. H. Cost Jordens and others] .),"Deventer, Archief",1870,Deventer,,Dutch,,Non-fiction,1
14896247,"Gedenkstukken van Johan van Oldenbarnevelt en zijn tijd, verzameld en met inleiding en annteekeningen uitgegeven door M. L. van Deventer","Deventer, Marinus Lodewijk van",1860,'s Gravenhage,,Dutch,,Non-fiction,1
14896252,"Bijdrage tot de geschiedenis der Nederlandsche diplomatie. Handelingen met Frankrijk en Spanje, in de jaren 1668-1672","Dijk, Hendrik Alexander van",1851,Utrecht,,Dutch,,Non-fiction,1
14896253,Geschichte des deutschen Volkes. (Dritter Band vollendet und herausgegeben von E. Stutzer.),"Dittmar, Gottlob",1891,Heidelberg,,German,,Fiction,2
14896258,Inventaris van het Archief der gemeente Dordrecht. Opgemaakt door Mr. P. van den Brandeler. (Suppletoire inventaris.),Archief der Gemeente Dordrecht (Dort),1862,Dordrecht,,Dutch,,Non-fiction,1
14896259,Ons Vaderland 1849-1898. D2. 1. Beknopte staatkundige en parlementaire geschiedenis van Nederland. Chronologisch overzicht met aanteekeningen en toelichtingen door G. F. J. Douwes,"Douwes, G. F. J.",1899,Amsterdam,,Dutch,,Non-fiction,1
14896284,"Journaal van A. D, ... 1591-1602 (van tgene daegelijckx gepasseert is in den oorloge der Staeten Generael tegens de Spangiaerden, etc.) Uitgegeven ... met inleiding en aanteekeningen door L. Mulder","Duyck, Anthonis, Advokaat-Fiskaal van den Raad van State",1862,'s Gravenhage  Arnhem,,Dutch,,Non-fiction,1
14896285,Onze Geschiedenis geschetst in haar verband met de Algemeene Historie,"Duyl, Charles François van",1883,Kampen,,Dutch,,Fiction,1
14896291,"Beknopte Geschiedenis van Friesland, in Hoofdtrekken ... uit vele vroegere en latere bronnen bewerkt ... Met eene Schetskaart","Eekhoff, W. (Wopke)",1851,Leeuwarden,,Dutch,,Fiction,1
14896309,Konge og Lensmand i det sextende Aarhundrede. Studier over Statsomvæltningen i 1536 og dens Følger for Kongemagt og Adelsvælde,"Erslev, Kristian Sofus August",1879,København,,Danish,,Non-fiction,1
14896372,"Bijdragen tot de geschiedenis van het Staatsbestuur in ons vaderland en meer bijzonder in het gewest Zuid- Holland gedurende de jaren 1813 tot en met 1845. Deel 1, 2 eerste stuk","Ganswijk, D. J. Ten Zeldam",1847,Dordrecht,,Dutch,,Non-fiction,1
14896378,Eenige Aanteekeningen over den beslôten tijd en den Boerenkrijg in de Kempen,"Gebruers, Petrus Franciscus",1899,Gheel,,Dutch,,Non-fiction,1
14896393,Danmarks Historie fra Christian den Ottendes Dod til Statsheelhedens Gjenoprettelse. 1848-1852,"Giessing, Hans Peter",1854,Kjøbenhavn,,Danish  French,,Non-fiction,1
14896394,"Grev B. de Rebolledo, Spansk Gesandt i Kjøbenhavn, 1648-1659","Gigas, Emil",1883,Kjøbenhavn,,Danish,,Non-fiction,1
14896399,Der Antheil der Eidgenossen an der europäischen Politik in den Jahren 1512-1516. Ein historischer Versuch,"Gisi, Wilhelm",1866,Schaffhausen,,German,,Fiction,2
14896401,Vijftig jaren geleden. 1813-1863,"Glasius, Barend",1863,'s Hertogenbosch,,Dutch  Latin,,Non-fiction,1
14896413,De Oorsprong der Nederlandsche Vlag,"Gouw, Jan ter",1863,Amsterdam,,Dutch  Latin,,Non-fiction,1
14896420,"Gedenkboek der reductie van Groningen in 1594, door Prof. Dr. P. J. Blok, Mr. J. A. Feith [and others] ... Met portretten afbeeldingen van gedenkpenningen en kaarten",Historisch Genootschap (Groningen),1894,Groningen,,Dutch,J. B. Wolters,Non-fiction,1
14896421,Geschiedenis der Watergeuzen,"Groningen, A. P. van",1840,Leyden,,Dutch,S. en J. Luchtmans,Non-fiction,1
14896430,L. H.'s Geschichte der französischen Revolution 1789-1799. Herausgegeben von W. Oncken,"Haeusser, Ludwig",1867,Berlin,,German,,Non-fiction,2
14896438,Christiern den anden i Sverige og Carl X. Gustav i Danmark. Historiske Foredrag,"Hammerich, Peter Fredrik Adolph",1847,Kjøbenhavn,,Danish,,Non-fiction,1
14896440,Det tredie Slevigske Felttog. Andet Oplag,"Hammerich, Peter Fredrik Adolph",1851,Kjøbenhavn,,Danish,,Non-fiction,1
14896459,"Overzicht der algemeene en vaderl. geschiedenis, met 20 historische Kaarten, voor de lagere Klassen, etc","Hazewinkel, T.",1893,Groningen,,Dutch,J. B. Wolters,Non-fiction,1
14896462,De wijzigingen in den regeeringsvorm van Stad en Lande in de jaren 1748 en 1749. Eene bijdrage tot de geschiedenis der provincie Groningen,"Heeres, Jan Ernst",1885,Groningen,,Dutch,,Non-fiction,1
14896463,Essays aus neuerer Geschichte,"Heigel, Carl Theodor von",1892,Müncher,,German,,Non-fiction,2
14896490,Kronijk der Kennemer Vrijbuiters,"Hofdijk, Willem Jacobs",1870,Amsterdam,,Dutch,,Fiction,1
14896492,"Het Nederlandsche volk, geschetst in de verschillende tijdperken zijner ontwikkeling","Hofdijk, Willem Jacobs",1856,Amsterdam,,Dutch,,Non-fiction,1
14896493,De Strijd onzer Vaderen tegen Spanje ... Tweede druk,"Hofdijk, Willem Jacobs",1899,Amsterdam,,Dutch,,Non-fiction,1
14896494,Vóor 300 Jaren. Historie-Schilderingen uit Neêrlands Vrijheids-Krijg,"Hofdijk, Willem Jacobs",1869,Utrecht,,Dutch,,Non-fiction,1
14896501,"Overzigt der uitgestrektheid van het gebied der Vereenigde Nederlanden, in 1790, en van de verschillende Staatkundige verdeelingen, die hetzelve sedert dien tijd heeft ondergaan","Hoonaard, Willem van den",1831,Amsterdam,,Dutch  Latin,,Non-fiction,1
14896515,"Het Land van Rembrand. Studien over de Noordnederlandsche beschaving in de zeventiende eeuw ... Derde druk, geïllustreerd onder toezicht van J. H. W. Unger","Huet, Coenraad Busken",1898,Haarlem,,Dutch,,Non-fiction,1
14896521,Geschichte der Allemannen und Franken bis zur Gründung der fränkischen Monarchie durch König Chlodwig,"Huschberg, Johann Ferdinand",1840,Sulzbach,,German,,Non-fiction,2
14896541,Geschichte der landständischen Verfassung Tirols,"Jaeger, Albert",1881,Innsbruck,,German,,Fiction,2
14896545,"Een Scheveningsch Oranjeboek voor het Nederlandsch volk: herinneringen van een ouden Scheveninger, die den Stadhouder [William V.] zag heengaan en vertelt hoe de Prins [King William I.] terugkeerde, 1795 en 1813","Jager, T. de",1863,'s Gravenhage,,Dutch  Latin,,Fiction,1
14896558,Nederland en Venetie,"Jonge, Johannes Cornelis de",1852,'s Gravenhage,,Dutch,,Fiction,1
14896562,"Bijdragen tot de geschiedenis der Omwenteling van 1813, uitgegeven door T. J. 2 st","Jorissen, Thomas Theodoor Hendrik",1864,Groningen,,Dutch,,Fiction,1
14896564,De overgave van Amsterdam in Januari 1795,"Jorissen, Thomas Theodoor Hendrik",1884,Amsterdam,,Dutch,,Non-fiction,1
14896582,"Gedenkboek van Nederlands moed en trouw, gedurende del Belgischen Opstand ... met platen en eene Kaarl van het tooneel des vorlogs","Kampen, Nicolaas Godfried van, Professor of Dutch History, Literature at Amsterdam",1834,Haarlem,,Dutch,,Non-fiction,1
14896584,"Verkorte geschiedenis der Nederlanden, van de vroegste tijden tot op de omwenteling van 1830. ... Derde, herziene druk","Kampen, Nicolaas Godfried van, Professor of Dutch History, Literature at Amsterdam",1839,Haarlem,,Dutch,,Fiction,1
14896598,Arminius. Auf Grund der Quellen dargestellt,"Kemmer, Otto",1893,Leipzig,,German  Hungarian,,Non-fiction,1
14896599,Vlaemsche Kronijk of dagregister van al het gene gedenkweerdig voorgevallen is binnen de stad Gent sedert den 15 July 1566 tot 15 Juny 1585; onderhouden in 't Latijn door P. de K.; overgezet door J. P. van Male ...; thans voor de eerste mael uitgegeven door P. B (lommaert),"Kempenare, Philips de",1839,Brussel  Leipzig,,Dutch,,Non-fiction,1
14896600,Geschiedenis van Nederland na 1830. Met aanteekeningen en onuitgegeven stukken. (Letterkundige aanteekeningen betreffende de geschiedenis van Nederland.),"Kemper, Jeronimus de Bosch",1873,Amsterdam,,Dutch,,Non-fiction,1
14896611,De Nederlandsche Republick en Munster gedurende de jaren 1666-1679,"Kinderen, Antonius Johannes der",1874,Leiden,,Dutch,,Fiction,1
14896662,"België's Geschiedenis, Zeden, Gewoonten, Letterkunde en Nyverheid, van de oudste tyden af tot heden","Lansens, P.",1862,Brugge,,Dutch,,Non-fiction,1
14896682,"Kong Frederik den Tredjes Sømagt, det Dansk-Norske Søværns Historie 1648-1670, etc","Lind, Hans Daniel",1896,Odense,,Danish,,Non-fiction,1
14896722,Forelæsninger over den danske Retshistorie,"Matzen, Henning",1893,Kjøbenhavn,,Danish,,Non-fiction,1
14896733,"Geschiedenis van de Staten van Gelderland, van den oorsprong tot heden","Meester, G. A. de",1864,Harderwijk,,Dutch,,Non-fiction,1
14896735,"Fra Enevældens Dæmring i Danmark, etc [An enquiry into the causes of the Revolution of 1660.]","Meidell, Fr",1884,Kjøbenhavn,,Danish,,Non-fiction,1
14896737,Den Skandinavska Nordens Historia,"Mellin, Gustaf Henrik",1850,Stockholm,,Swedish,,Non-fiction,1
14896738,"De Utrechtsche Unie en de Nederlandsche Republiek, door F. G. Mellink, D. van Pelt en R. C. Laan","Mellink, F. G.",1878,Utrecht,,Dutch,,Non-fiction,1
14896758,Geiltustreerde geschiedenis van België ... Geheel herzien en het hedendaagsche tijdperk bijgewerkt door Eug. Hubert,"Moke, Henri Guillaume",1885,Brussel,,Dutch,,Non-fiction,1
14896760,Danmarks Forhold til Lifland fra Salget af Estland til Ordensstatens Opløsning. 1346-1561. (Afhandling.),"Mollerup, Arthur William Julius",1880,Kjøbenhavn,,Danish,,Non-fiction,1
14896767,Aan de Oevers van Lek en Linge. Historische schetsen,"Moorrees, Franciscus Dionysius Johannes",1883,Schoonhoven,,Dutch,,Fiction,1
14896782,"Handleiding tot de kennis der vaderlandsche Geschiedenis, etc","Mulder, Lodewijk",1858,Arnhem,,Dutch,,Fiction,1
14896785,"[Norges Konge-Sagaer fra de ældste Tider indtil anden Halvdeel af det 13de Aarhundrede ... forfattede af Snorre Sturlassøn, Sturlu Thordssøn og flere, og oversatte af P. A. M [and O. Rygh.] Dan]","Munch, P. A. (Peter Andreas)",1859,Christiania,,Danish,,Non-fiction,1
14896796,"Résolutions des États Généraux des Pays-Bas, mises en ordre et augmentées de notes ... par J. C. de Jonge. tom. 1, tom. 2, pt. 1, année 1576, 1577",Staten Generaal (Netherlands [Before 1581]),1828,La Haye,,Dutch  French,,Non-fiction,1
14896797,"Gedenkstukken tot opheldering der Nederlandsche geschiedenis, opgezameld uit de archiven te Rijssel, en op gezag van het Gouvernement uitgegeven door Mr. L. Ph. C. van den Bergh",Netherlands [Kingdom of the Netherlands.],1849,Utrecht,,Dutch  French,,Non-fiction,1
14896799,Handelingen van de Regering en de Staten-generaal over de herziening der Grondwet 1847-48,Staten Generaal (Netherlands [Kingdom of the Netherlands.]),1848,'s Gravenhage,,Dutch,,Fiction,1
14896800,"Handelingen der Staten Generaal over onderwijs, kunsten en wetenschappen. 1853-1854",Staten Generaal (Netherlands [Kingdom of the Netherlands.]),1854,Leyden,,Dutch,,Non-fiction,1
14896811,Inventaris van het Oud Archief der gemeente Doesburg. Opgemaakt ... door P. N,"Nijhoff, Paulus",1865,Doesburg,,Dutch,,Non-fiction,1
14896812,J. Nissen's Danmarks Historie i Udtog. Fjerde Udgave besørget af F. Barfod,"Nissen, J.",1857,Kjøbenhavn,,Danish,,Non-fiction,1
14896815,"Archiefwezen 1826-1852, met eene korte opgave van den inhoud van eenige boekerijen","Noordziek, Jan Jacobus Frederik",1853,'s Gravenage,,Dutch,,Non-fiction,1
14896819,Geschiedenis van het Nederlandsche Volk van 1815 tot op onze dagen,"Nuijens, Willem Johannes Franciscus",1883,Amsterdam,,Dutch,,Non-fiction,1
14896841,"Grevens Feide, skildret efter trykte og utrykte Kilder","Paludan-Müller, Caspar Peter",1853,Kjøbenhavn,,Danish,,Non-fiction,1
14896844,"A magyar emigránsok Törökországban, 1849-1861","Pap, János, M. kir. kuriai ny. iroda-igazgató",1893,Pécsett,,Hungarian,,Non-fiction,1
14896884,Jaarboeken der Sint-Jorisgilde van Gent,"Potter, Frans de",1868,Gent,,Dutch,,Non-fiction,1
14896897,1813 in het licht der Volkshistorie herdacht ... Tweede druk,"Prinsterer, Gulielmus Groen van",1863,'s Gravenhage,,Dutch,,Non-fiction,1
14896907,Magyar családélet és háztartás a XVI. és XVII. században,"Radvánszky, Béla, báró",1896,Budapest,Hungary,Hungarian,Hornyánszky Viktor Könyvkereskedése,Non-fiction,1
14896913,Tirol im Jahre 1809,"Rapp, Joseph",1852,Innsbruck,,German,,Non-fiction,2
14896916,Die burgundische Heirat Maximilians I. quellenmässig dargestellt,"Rausch, Carl",1880,Wien,,German,,Non-fiction,2
14896926,Schets eener parlementaire geschiedenis van Nederland sedert 1849,"Rengers, Wilco Julius van Welderen, Baron",1889,'s-Gravenhage,,Dutch,,Non-fiction,1
14896956,Monumenta Vaticana historiam regni Hungariae illustrantia = Vatikáni magyar okirattár,,,Budapestini,Hungary,Latin,Franklin-Társulat,Non-fiction,1
14896958,Monumenta Historiæ Danicæ. Historiske Kildeskrifter og bearbejdelser af Dansk Historie især fra det 16 Aarhundrede. Udgivne ... af Dr H. R,"Rørdam, Holger Frederik",,Kjøbenhavn,,Danish  Latin,,Non-fiction,1
14896961,Belgie onder Maria Theresia,"Ruckelingen, Lodewyk van",1858,Antwerpen,,Dutch,,Fiction,1
14896964,Die Kriegsgeschichte der Schweizer seit Gründung des Schweizerbundes bis zum ewigen Frieden mit Frankreich. Aus den zuverlässigsten Quellen,"Rudolf, J. M.",1847,Baden,,German,,Non-fiction,2
14896989,"Geschichte Böhmens, in einer Reihe zusammenhängender Erzählungen dargestellt","Scheinpflug, Bernard",1858,Prag,,German,,Fiction,2
14896991,"Oud en Nieuw, uit de vaderlandsche geschiedenis en letterkunde verzameld","Scheltema, Pieter",1844,Amsterdam,,Dutch,,Non-fiction,1
14897008,Geschichte der Eidgenossen unter der französischhelvetischen Herrschaft,"Schuler, Johann Melchior",1852,Zürich,,German,,Non-fiction,2
14897019,Die Schweiz im neunzehnten Jahrhundert. Herausgegeben von schweizerischen Schriftstellern unter Leitung von P. Seippel,"Seippel, Paul",1900,Lausanne,,German,,Non-fiction,2
14897026,Redevoeringen en verhandelingen over onderwerpen tot de vaderlandsche geschiedenis en letterkunde behoorende,"Siegenbeek, Matthijs",1836,Dordrecht,,Dutch,,Fiction,1
14897046,"De Verlossing van Nederland, in verband met den Vrijheidstrijd der volken van Europa, in 1813-1815","Sonstral, J. H.",1863,Amsterdam,,Dutch,,Non-fiction,1
14897047,"Kampen om Norge i Aarene 1813 og 1814, etc","Sörensen, Carl Theodor von",1871,Kjøbenhavn,,Danish,,Non-fiction,1
14897048,Mededeelingen uit het Archief der stad Delft,"Soutendam, Jan",1862,Delft,,Dutch,,Fiction,1
14897052,De tachtigjarige oorlog met Spanje. 1568-1648,"Stamkart, J. A.",1865,Amsterdam,,Dutch,,Non-fiction,1
14897053,"Nidwalden vor hundert Jahren. Eine Erinnerungschrift an den 9. September 1798. Herausgegeben vom historischen Verein von Nidwalden. (Redaktions Commission: Dr. R. Durrer, K. Engelberger, H. von Matt.)",Historischer Verein von Nidwalden (Stans),1898,Stans,,German,,Non-fiction,2
14897063,Historiska Handlingar [Ny följd.] del. 1-41,Kungliga Samfundet för Utgivande av Handskrifter rörande Skandinaviens Historia (Stockholm),1979,Stockholm,,French  Italian  Swedish,,Non-fiction,1
14897064,Inventaris van het Oud Archief der Stad Middelburg. 1217-1581,"Stoppelaar, Johannes Hermanus de",1873,Middelburg,,Dutch,,Non-fiction,1
14897065,Islandske Annaler indtil 1578. Udgivne for det norske historiske Kildeskriftfond ved Dr. G. Storm,"Storm, Gustav",1888,Christiania,,Danish,,Non-fiction,1
14897067,Aloude staat en geschiedenis des vaderlands ... Met eene Kaart,"Stratingh, Goswin Acker",1847,Groningen,,Dutch,,Non-fiction,1
14897078,Szabó Károly kissebb történelmi munkái,"Szabó, Károly",1873,Budapest,Hungary,Hungarian,Ráth Mór,Non-fiction,1
14897087,Magyarország krónikája az 1848. és 1849. évi forradalom idejéről,"Szeremlei, Sámuel",1867,Pest,Hungary,Hungarian,Emich Gusztáv tulajdona,Non-fiction,1
14897102,Hunyadiak kora Magyarországon,"Teleki, József",,Pesten,Hungary,Hungarian,Emich és Eisenfels könyvnyomdája,Non-fiction,1
14897115,Danmarks Historie i vort Aarhundrede,"Thrige, Sören Bloch",1889,Kjøbenhavn,,Danish,,Non-fiction,1
14897116,"Danmarks, Norges og Sverigs Historie til Brug for de lærde Skoler","Thrige, Sören Bloch",1866,Kjøbenhavn,,Danish,,Non-fiction,1
14897131,Danmarks og Norges Historie i Slutningen af det 16de Aarhundrede,"Troels-Lund, Troels Frederik",1901,Kjøbenhavn,,Danish,,Non-fiction,1
14897141,Inventaris ... Oorspronkelijke Charters der Provincie en der vijf Kapittelen. I. Van den vroegsten tijd tot en met het jaar 1300. Door Dr. P. J. Vermeulen,Rijksarchief in de Provincie Utrecht (Utrecht),1877,Utrecht,,Dutch  Latin,,Non-fiction,1
14897159,De geschiedenis der Neder-Veluwe 1. Ede en Omstreken [With a map.],"Verbeek, D.",1888,Barneveld,,Dutch,,Non-fiction,1
14897168,Staatkundige geschiedenis der Bataafsche Republiek : Gedenkschrift,"Vitringa, C. L.",1857,Arnhem,,Dutch,,Non-fiction,1
14897171,"Leidens belegering en ontzet in 1573 en 1574, naar de oorspronkelijke stukken en bescheiden [The preface signed: J. van Vloten. With maps.]","Vloten, Johan van",1853,Leiden,,Dutch,,Non-fiction,1
14897172,"Nederland tijdens den volksopstand tegen Spanje 1564-1581, naar de oorspronkelijke bescheiden","Vloten, Johan van",1872,Schiedam,,Dutch,,Fiction,1
14897173,"Nederlands opstand tegen Spanje, in zijn beginselen, aard, en strekking geschetst, 1564-1567. (Bijlagen.)","Vloten, Johan van",1856,Haarlem,,Dutch,,Fiction,1
14897175,"Nederlands opstand tegen Spanje, in zijn verderen Voortgang (1575-1577)","Vloten, Johan van",1860,Haarlem,,Dutch  French,,Fiction,1
14897181,De Regering en de Natie sedert 1672 tot 1795. (Ontwikkeling van staatsregtelijke Theorieën.),"Vreede, George Willem",1845,Amsterdam,,Dutch,,Non-fiction,1
14897204,"Uit Overijsel's verleden. Enkele bladzijden uit Overijsel's Geschiednis in tijdsorde gerangschikt, etc","Welsch, A. G.",1891,Almelo,,Dutch,,Non-fiction,1
14897210,"Weerklank van een Echo. Alkmaar in 1573. Kritische toonen uit de 'Dietsche Warande,' onder het balkon van den Heer W. J. Hofdijk [Being a stricture on a work by W. J. van Hofdijk entitled: 'Een Echo van 1573.']","Wessels, W., professor",1866,Amsterdam,,Dutch,,Non-fiction,1
14897212,"De Regeering van Koning Lodewijk Napoleon, 1806-1810, etc","Wichers, L.",1892,Utrecht,,Dutch  French,,Non-fiction,1
14897213,Geschichte Schleswigs,"Wienbarg, Ludolf",1861,Hamburg,,German,,Non-fiction,2
14897217,Geschiedenis van de Nederlanden (Aanteekeningen) . Eerste deel,"Wijnne, Jan Adam",1873,Groningen,,Dutch,,Non-fiction,1
14897218,Geschiedenis van het Vaderland,"Wijnne, Jan Adam",1865,Groningen,,Dutch,,Fiction,1
14897219,Geschiedenis van het Vaderland,"Wijnne, Jan Adam",1879,Groningen,,Dutch,,Non-fiction,1
14897230,"Gedankboek van Neerland's vijftigjarig grondwettig volksbestaan onder het Huis van Oranje, etc","Witkamp, Pieter Harme",1865,Dordrecht,,Dutch,,Non-fiction,1
14897231,Vereeniging en Scheiding. Geschiedenis van Noord-Nederland en België van 1813-1880,"Witkamp, Pieter Harme",1881,Doesborgh,,Dutch,,Non-fiction,1
14897238,Ur Fältmarskalken Fabian Wredes papper. Historisk publikation af Dr. Carl Wibling,"Wrede, Fabian, Baron, Field Marshal",1894,Lund,,Swedish,,Non-fiction,1
14897244,Nieuwe Bijdrage tot de geschiedenis der Kruisvaarten in hare betrekking tot ons Vaderland. Door Mr. P. D. W. V. Z [i.e. P. de Wakker van Zon.],"Z, P. D. W. V.",1818,'s Gravenhage,,Dutch,,Non-fiction,1
14897260,"Charters en beschieden over de betrekking der Overijsselsche Steden, bijzonder van Kampen, op het Noorden van Europa gedurende de dertiende en veertiende eeuw. 1251-1398. Uitgegeven door de Vereeniging, etc",Vereeniging tot Beoefening van Overijssels Regt en Geschiedenis (Zwolle),1861,Deventer,,Dutch  Latin,,Fiction,1
14897261,"Kronijk van G. C. Uitgegeven door de Vereeniging, etc. Lat","Vereeniging tot Beoefening van Overijssels Regt en Geschiedenis (Zwolle), Coccius (Gerardus)",1860,Deventer,,Dutch  Latin,,Non-fiction,1
14897266,"Uit de Gedenkschriften van een voornaam Nederlandsch beambte, over de tweede helft der achttiende en het begin der negentiende eeuw; medegedeeld door Mr H. van A","A, H. van, mr",1882,Tiel,,Dutch,,Non-fiction,1
14897267,"Aardrijkskundig Woordenboek der Nederlanden, bijeengebragt door A. J. van der Aa, onder medewerking van eenige Vaderlandsche Geleerden","Aa, A. J. van der",1840,Gorinchem,,Dutch,,Non-fiction,1
14905130,Riksdagen i Gefle 1792. Akademisk afhandling,"Almquist, Johan Axel",1895,Upsala,,Swedish,,Non-fiction,1
14905139,Bidrag till kännedomen om Sveriges tillstånd på Karl XII.'s tid,"Axelson, Gustaf Edvard",1888,Visby,,Swedish,,Non-fiction,1
14905149,"Bidrag till den inre statsförvaltningens historia under Gustaf den Förste hufvudsakligen i afseende på Småland, etc","Berg, Gustaf",1893,Stockholm,,Swedish,,Non-fiction,1
14905151,Minnes-bilder,"Beskow, Bernhard von, Baron",1860,Stockholm,,Swedish,,Non-fiction,1
14905154,"Bilder aus der Ambassadorenherrschaft in Solothurn, 1554-1791, und der Einfall der Franzosen, 1798","Bloch, Gilbert",1898,Biel,,German,,Fiction,2
14905164,"Sveriges inre styrelse under Gustaf IV Adolfs förmyndare-regering. Akademisk afhandling, etc","Brissman, Axel",1888,Lund,,Swedish,,Non-fiction,1
14905184,Sveriges historia under Gustaf II Adolphs regering,"Cronholm, Abraham Peter",1857,Stockholm,,Swedish,,Non-fiction,1
14905194,Geschichte Krains von der ältesten Zeit bis auf das Jahr 1813. Mit besonderer Rücksicht auf Culturentwicklung,"Dimitz, August",1874,Laibach,,German,,Non-fiction,2
14905200,"Der dreissigjährige Krieg, vom militärischen Standpunkte aus beleuchtet, etc","Du Jarrys de La Roche, Carl, Baron",1848,Schaffhausen,,German,,Non-fiction,2
14905211,"Om förandringen af Sveriges allianssystem åren 1680-1682 i dess sammenhang med de Europeiska förvecklingarna, etc","Fåhræus, Gustaf Rudolf",1891,Upsala,,Swedish,,Non-fiction,1
14905214,Norges Historie til Brug ved Ungdommens Underviisning. Tredie forbedrede Oplag,"Faye, Andreas",1842,Christiania,,Danish,,Non-fiction,1
14905242,"Foredrag over Norges Historie i 1814, etc","Gregersen, Niels Jörgen",1889,Trondhjem,,Danish,,Non-fiction,1
14905267,Sveriges ställning till Utlandet närmast efter 1772 ärs statshvälfning Akademisk afhandling,"Hjelt, August Johannes",1887,Helsingfors,,Swedish,,Non-fiction,1
14905269,Danmark-Norges udenrigske Historie ... fra 1791 til 1807,"Holm, Edvard",1875,Kjøbenhavn,,Danish,,Non-fiction,1
14905280,Nyköpings Minnen,"Indebetou, Harald Otto",1874,Nyköping,,Swedish,,Non-fiction,1
14905285,Den første slesvigske Krig 1848-50,"Jensen, Niels Peder",1898,København,,Danish,,Non-fiction,1
14905289,Historiske Afhandlinger,"Jørgensen, Adolf Ditlev",1898,København,,Danish,,Non-fiction,1
14905293,Die Entstehung des österreichischen Deutschthums,"Kaemmel, Otto",1879,Leipzig,,German,,Non-fiction,2
14905302,Itinerar Kaiser Heinrichs IV. Nach den Quellen bearbeitet,"Kilian, Eugen",1886,Karlsruhe,,German,,Non-fiction,2
14905321,Fra Krigens Tid (1807-1814) . Bidrag til den norske Marines Historie. Samlede og udgivne af N. A. L [from Reports in the Marinekommandos Arkiv.],"Larsen, Nicolai August",1878,Christiania,,Danish,,Non-fiction,1
14905339,Smärre skrifter rörande sjuttonhundratalets historia,"Malmström, Carl Gustaf",1889,Stockholm,,Swedish,,Non-fiction,1
14905341,Samuel Pufendorf och hans arbeten i Sveriges historia,"Malmström, Oscar",1899,Stockholm,,Swedish,,Non-fiction,1
14905343,Fälttåget i Norge år 1814. Kritisk belysning ... Med Karta öfver Krigsskådeplatsen,"Mankell, Julius",1887,Stockholm,,Swedish,,Non-fiction,1
14905344,Ofversigt af svenska krigens och krigsinrättningarnes historia,"Mankell, Julius",1903,Stockholm,,Swedish,,Non-fiction,1
14905382,A magyarok története : kiváló tekintettel a világtörténet egykoru fontosb eseményeire és a műveltség fejlődésére,"Neumann, Soma A.",1879,Budapest,Hungary,Hungarian,Tettey Nándor és Társa,Non-fiction,1
14905435,Svea Rikes Historia från de äldsta tider till Konung Carl XII. s död. (Öfversatt af A. M. Strinnholm.),"Ruehs, Christian Friedrich",1823,Stockholm,,Swedish,,Non-fiction,1
14905441,"Nordens första storhetstid, omkring 800-1066, etc","Sandström, Anna",1894,Stockholm,,Swedish,,Non-fiction,1
14905443,Udsigt over den norske Historie,"Sars, Johan Ernst Welhaven",1873,Christiania  Kjobenhavn,,Danish,,Non-fiction,1
14905469,"Historiskt Bibliotek, utgifvet af C. Silfverstolpe","Silfverstolpe, Carl",1875,Stockholm,,Swedish,,Non-fiction,1
14905471,Kjøbenhavns Belejring og Fyens Gjenerobring ... 1658-59. Efter Forfatterens Død samlede af P. Fr. Rist og H. w. Harbou,"Sörensen, Sören Anton",1896,Kjøbenhavn,,Danish,,Non-fiction,1
14905478,Handlingar rörande Skandinaviens Historia,Kungliga Samfundet för Utgivande av Handskrifter rörande Skandinaviens Historia (Stockholm),1816,Stockholm,,Swedish,,Non-fiction,1
14905481,Sveriges Historia i Sammandrag,"Strinnholm, Anders Magnus",1857,Stockholm,,Swedish,,Non-fiction,1
14905483,Bidrag till Skandinaviens historia ur utländska arkiver samlade och utgifna af C. G. S,"Styffe, Carl Gustaf",1859,Stockholm,,Swedish,,Non-fiction,1
14905486,"Sveriges Historia från äldsta tid till våra dagar, etc",Sweden,1877,Stockholm,,Swedish,,Non-fiction,1
14905502,Sjöförsvarsfrågans utveckling i Sverge efter 1809,"Tidander, L. G. T.",1896,Karlshamn,,Swedish,,Non-fiction,1
14905512,"Den nordiske Syvaarskrig, 1563-1570","Vaupell, Otto Frederik von",1891,Kjøbenhavn,,Danish,,Non-fiction,1
14905519,Tages-Chronik des Jahres 1848,"W, J.",1848,Frankfurt am Main,,German,,Non-fiction,2
14905521,"Skånska Kommissionen af 1669-1670, etc. (Bilagvr.)","Wagner, S.",1886,Lund,,Swedish,,Non-fiction,1
14905530,"Sveriges förhållande till Siebenbürgen, 1623-1648","Wibling, Carl",1890,Lund,,Swedish,,Non-fiction,1
14905534,"Nordiske Heltesagaer (Saga om Vølsungerne.-Fortælling om Norne-Gest.-Hervørs og Hejdrks saga, etc. Paa Dansk ved F. W. H)","Winkel Horn, Frederik",1876,Kjøbenhavn,,Danish,Samfundet til den danske Litteraturs Fremme,Non-fiction,1
14905540,Nordens Forhistorie. Efter samtidige mindesmærker,"Worsaae, Jens Jacob Asmussen",1881,Kjøbenhavn,,Danish,,Non-fiction,1
14905545,"Grundläggningen af det svenska väldet i hertigdömena Bremen och Verden. Akademisk afhandling, etc","Zetterqvist, Edvard Alexander",1891,Oskarshamn,,Swedish,,Non-fiction,1
14912184,Görgei : visszhangok a cáfolatokra,"Asserman, Ferenc",1868,Pest,,Hungarian,,Non-fiction,1
14912293,"Bilder aus der Geschichte Sachsens, oder die wichtigsten und merkwürdigsten Momente und Ereignisse aus der Geschichte Sachsens. Zur Unterhaltung und Belehrung für Jung und Alt erzählt und herausgegeben von J. C. Deutrich [With plates.]","Deutrich, Johann Constantin",1858,Neu-Gersdorf,,German,,Non-fiction,2
14912392,Geschichtliche Bilder und Skizzen,"Heigel, Carl Theodor von",1897,München,,German,,Non-fiction,2
14912409,Magyarország történelme,"Horváth, Mihály",,Pesten,Hungary,Hungarian,,Non-fiction,1
14912419,"Magyarország története, 1490-1606","Istvánffy, Miklós",1871,Debreczen,Hungary,Hungarian,ifj. Csáthy Károly,Non-fiction,1
14912421,"Schleswig-Holsteins Befreiung. Herausgegeben aus dem Nachlass des Professors Karl Jansen und ergänzt von Karl Samwer, etc","Jansen, Carl, of Kiel",1897,Wiesbaden,,German,,Non-fiction,2
14912425,Der Anteil Graubündens am Schwabenkrieg. Festschrift zur Calvenfeier. (Geschichtliche Darstellung von C. Jecklin. Berichte und Urkunden zusammengestellt von F. Jecklin.),"Jecklin, Constanz",1899,Davos,,German,,Fiction,2
14912498,Tre år under och efter Ungerns Frihetsstrid,"Manovill, Samv",1851,Stockholm,,Swedish,,Non-fiction,1
14912553,Neue vaterländische Literatur. Eine Fortsetzung älterer historisch-statistischer Bibliotheken der Hannoverschen Lande bis zum Jahre 1807,"Ompteda, Friedrich August von, Baron",1810,Hannover,,German,,Non-fiction,2
14912578,Herinneringen uit Pruisens Geschiedenis,"Pierson, Allard",1872,Arnhem,,Dutch,,Non-fiction,1
14912641,Urkunden zur Geschichte der Stadt Schleiz im Mittelalter. Erläutert von Dr. J. Alberti,Geschichts- und Alterthums-Verein (Schleiz),1882,Schleiz,,German,,Non-fiction,2
14912739,Kurhessen seit dem Freiheitskriege,"Wippermann, Carl Wilhelm, of Cassel",1850,Cassel,,German,,Non-fiction,2
14919135,"Om oroligheterna i Småland och Vestergǒtland år 1529. Akademisk afhandling, etc","Ahlqvist, Alfred Gustaf",1863,Upsala,,Swedish,,Non-fiction,1
14919137,"Praes. De variis reipublicæ Suio-gothicæ regendæ formulis, disquisitio historica, etc. Resp. J. Petersson","Almqvist, Johan Magnus",1823,Londini Gothorum,,Danish  Latin  Swedish,,Non-fiction,1
14919140,Resningen 1568 : en historisk studie,"Annerstedt, Thure",1880,Göteborg,,Swedish,,Non-fiction,1
14919145,Forelæsninger over Nordens Historie. Dl. 1,"Barfod, Povl Frederik",1876,København,,Danish,,Non-fiction,1
14919146,Fortællinger af Fædrelandets Historie,"Barfod, Povl Frederik",1867,Kjøbenhavn,,Danish,,Non-fiction,1
14919148,Bondekrigen. Tidsbilleder fra det femtende Aarhundrede,"Becker, Tyge Alexander",1858,Kjøbenhavn,,Danish,,Non-fiction,1
14919151,"The Siege of Ostend: or, the New Troy ... Reprinted from the 'Proceedings of the Huguenot Society,' etc [With plates and a map.]","Belleroche, Edward",1892,London,England,English,,Non-fiction,3
14919155,"Kriget i Norge 1814 ... Med 3 kartor, etc","Björlin, Johan Gustaf",1893,Stockholm,,Swedish,,Non-fiction,1
14919156,"Kriget mot Danmark 1675-1679 ... Med porträtt, kartor, etc","Björlin, Johan Gustaf",1885,Stockholm,,Swedish,,Non-fiction,1
14919157,Begivenhederne i Norden i Efteraaret 1788. En historisk Skitse,"Blangstrup, Johan Christian",1889,Kjøbenhavn,,Danish,,Non-fiction,1
14919158,Lærebog i Historien til Brug for Realskoler ... Tredie Udgave. (Tillæg.),"Bloch, Valdemar Antonius",1876,Kjøbenhavn,,Danish,,Non-fiction,1
14919159,Herinneringen van een oud-officier uit het tijdvak van 1793 tot en met 1815. In verband met de viering van het halve eeuwgetijde der herstelling van Neêrland's onafhankelijkheid,"Boisminart, Willem Pieter d'Auzon de",1863,Amsterdam,,Dutch,,Fiction,1
14919161,De Verdediging van Nederland in 1629. Eene bijdrage tot de geschiedenis van het Vaderland. Voor een groot deel uit onuitgegeven bescheiden zamengesteld [With a map.],"Bordes, J. P. de (Jan Philip)",1856,Utrecht,,Dutch  French,,Fiction,1
14919164,Betwiste bijzonderheden op het gebied der studie van de geschiedenis van ons vaderland,"Brill, Willem Gerrit",1889,Utrecht,,Dutch,,Non-fiction,1
14919166,De Eerste jaren der Nederlandsche Revolutie. 1555-1568. Portretten en tafereelen,"Brink, Jan ten, Professor at the University of Leyden",1882,Rotterdam,,Dutch,,Non-fiction,1
14919169,Sebastian Bürster's Beschreibung des Schwedischen Krieges 1630-1647. Nach der Original-Handschrift ... herausgegeben von Dr. Friedrich von Weech,"Buerster, Sebastian",1875,Leipzig,,Danish,,Non-fiction,1
14919173,"Om orsakerna till Konung Carl X Gustafs anfall på Danmark i Augusti 1658. Akademisk afhandling, etc [pt. 2 by Johan Gustaf af Geijerstam the Elder.] Praes. W. E. Svedelius","Burenstam, Carl Johan Reinhold",1854,Stockholm,,Swedish,,Non-fiction,1
14919174,"Anteckningar, förda under tiden från år 1785 till år 1816 jemte relation om Savolaksbrigadens operationer under 1808 och 1809 års krig, etc [Edited by C. J. Burman.]","Burman, Johan Jakob",1865,Stockholm,,Swedish,,Non-fiction,1
14919175,"Redevoering over het oogpunt, waaruit in den tegenwoordigen tijd de beoefening der vaderlandsche geschiedenis moet beschouwd worden","Cappelle, Johannes Pieter van",1819,Amsterdam,,Dutch,,Fiction,1
14919176,Berättelse om Riksdagen 1680,"Carlson, Fredrik Ferdinand",1860,Stockholm,,Swedish,,Non-fiction,1
14919179,Skildringar ur Finlands nyare historia ... Första samlingen,"Castrén, Robert",1881,Helsingfors,,Swedish,,Non-fiction,1
14919184,Unionskongerne og Hansestæderne 1439-1466,"Christensen, William",1895,København,,Danish,,Non-fiction,1
14919188,"Grönlands historiske Mindesmærker, etc [Edited by C. C. Rafn, F. Magnússon and others.]",Kongelige Nordiske oldskriftselskab (Denmark),1838,Kjøbenhavn,,Danish  Icelandic,,Non-fiction,1
14919189,"Skånes politiska historia, efter tryckta och otryckta källor","Cronholm, Abraham Peter",1847,Lund,,Swedish,,Non-fiction,1
14919194,Het Jaar 1566. Eene historische proeve uit den Nederlandschen vrijheidsoorlog. Meerendeels naar onuitgegeven bescheiden bewerkt door M. L. van Deventer. Met een voorwoord van Dr. R. C. Bakhuizen van den Brink,"Deventer, Marinus Lodewijk van",1856,'s Gravenhage,,Dutch,,Non-fiction,1
14919205,Valdemarernes Storhedstid. Studier og Omrids,"Erslev, Kristian Sofus August",1898,København,,Danish,,Non-fiction,1
14919206,Ferbindelserne mellem Norden og den Spanske Halvø i ældre Tider,"Fabricius, Adam Kristoffer",1882,Kjøbenhavn,,Danish,,Non-fiction,1
14919208,Sverige och Danmark 1680-1682. Ett bidrag till Skandinavismens Historia,"Fåhræus, Gustaf Rudolf",1897,Stockholm,,Swedish,,Non-fiction,1
14919215,Sveriges inre Historia från Gustaf den förste met sänskildt afseende på förvaltning och ekonomi,"Forssell, Hans Ludvig",1869,Stockholm,,Swedish,,Non-fiction,1
14919219,Den dansk-norske Sömagts Historie 1700-1814,"Garde, Hans Georg",1852,Kjöbenhavn,,Swedish,,Non-fiction,1
14919221,"De Bestorming der vesting Bergen op Zoom, op den 8sten Maart 1814, beschreven [Edited by L. J. F. Janssen.]","Gorkum, Jan Egbertus van",1862,Leiden,,Dutch,,Non-fiction,1
14919223,Uwe Jens Lorsen. En politisk historisk Studie,"Graae, Th",1891,Kiøbenhavn,,Danish,,Non-fiction,1
14919226,Inventaris van het Archief der stad Haarlem opgemaakt door Mr. A. J. Enschedé. afd. 1,Gemeente-Archief (Haarlem),1865,Haarlem,,Dutch,,Non-fiction,1
14919228,Danmark i Valdemarernes Tid. (Danmark under de nordiske Rigers Forening.),"Hammerich, Peter Fredrik Adolph",1847,Kjobenhavn,,Danish,,Non-fiction,1
14919232,Slesvigkske Tilstande og Stemminger under den Tydske Besættelse 1864,"Hansen, Mourits Mörk",1865,Kjöbenhavn,,Danish,,Non-fiction,1
14919235,Kristiern den anden i Norge og hans Fængsling. Et historisk Undersøgelse,"Heise, Carl Arnold Leopold",1877,Kjøbenhavn,,Danish,,Non-fiction,1
14919240,Lifvet på Island i Sagotiden,"Hildebrand, Hans Olof Hildebrand",1867,Stockholm,,Swedish,,Non-fiction,1
14919241,"Svenska Statsförfattningens historiska utveckling, etc","Hildebrand, Henrik Robert Theodor Emil",1896,Stockholm,,Swedish,,Non-fiction,1
14919244,"Leydens Wee en Zegepraal 1573-1574, etc","Hofdijk, Willem Jacobs",1874,Leiden,,Dutch,,Non-fiction,1
14919245,Konge og Danehof i det 13. og 14. Aarhundrede ... Første Bind: Kong Erik Glippings Haandfæstning og Rigslove,"Holberg, Ludvig, advocate",1895,Kjøbenhavn,,Danish,,Non-fiction,1
14919247,Nordbon under Hednatiden. Populär framställning af våra förfäders äldsta kultur,"Holmberg, Axel Emanuel",1852,Stockholm,,Swedish,,Non-fiction,1
14919248,"Felttogene, 1848, 49, 50","Holst, Vilhelm",1852,Kjøbenhavn,,Danish,,Non-fiction,1
14919254,"Danktoon van een ouden Scheveninger, die den Stadhouder zag heengaan. 1795-1865","Jager, T. de",1865,'s Gravenhage,,Dutch,,Non-fiction,1
14919256,Bidrag til Nordens Historie i Middelalderen,"Jørgensen, Adolf Ditlev",1871,København,,Danish,,Non-fiction,1
14919257,"Regeringsskiftet 1784. Fremstillinger og Aktstykker ... til Minde om den Regering som løste Bondens Stavnsbaand, etc [Edited by A. D. Jörgensen.]","Jørgensen, Adolf Ditlev",1888,Kjøbenhavn,,Danish,,Non-fiction,1
14919258,"De Omwenteling van 1813: bijdragen tot de geschiedenis der Revolutie, met inleiding en aanteekeningen","Jorissen, Thomas Theodoor Hendrik",1867,Groningen,,Dutch,,Fiction,1
14919262,Frederik den Sjettes Udsoning med Napoleon. Breve fra Kancellipræsident Kaas under hans Sendelse til det franske Hovedvarter i Maj og Juni 1813,"Kaas, Frederik Julius",1894,Kjøbenhavn,,Danish  Latin  Swedish,,Non-fiction,1
14919268,"Om Svearnes invandring och Sveriges beröring med länderna öster om Östersjön i äldsta tider. Akademisk Afhandling, etc","Kjellmark, Bernhard Agathon",1857,Upsala,,Swedish,,Non-fiction,1
14919273,De handelingen der Commissie voor het Nationaal Gedenkteeken getoetst aan de authentieke stukken,"Koelman, Johan Philip",1868,'s Gravenhage,,Dutch,,Fiction,1
14919291,"Kalmarkrigen. Et Bidrag til de nordiske Rigers Krigshistorie, etc [With a chart.]","Larsen, Axel",1889,Kjøbenhavn,,Danish,,Non-fiction,1
14919294,Een woord over het Haagsche Gedenkteeken voor November 1813,"Lennep, J. van (Jacob)",1864,Amsterdam,,Dutch,,Non-fiction,1
14919297,Militair-historische Schetsen. Over de noodzakelijkheid van de kennis der krijgsgeschiedenis. Land- en Zeemacht in de 18e eeuw,"Leur, A. R. Kraijenhoff van de",1890,'s Gravenhage,,Dutch,,Non-fiction,1
14919298,"Sveriges förhållande till Österrike under Ferdinand III.S sista regeringsår, 1655-57, samt bidrag till teckningen af kejserliga sändebudet Friherre Frans Paul von Lisola som diplomat och statsman, etc","Levin-Carlbom, Johan",1898,Göteborg,,Swedish,,Non-fiction,1
14919302,Minnen och anteckningar öfver kriget i Danmark 1864. Med fyra kartor,"Lindberg, Julius Frans Otto",1867,Alingsås,,Swedish,,Non-fiction,1
14919303,"Om Gustav II. Adolfs regering såsom epokgörande i afseende på representationen. Akademisk Afhandling, etc","Lindgren, Carl Ludvig",1857,Upsala,,Swedish,,Non-fiction,1
14919304,"Bidrag till historien om Gotland såsom hörande till Drottning Christinas underhållsländer ... Afhandling ... J. H. Schröder, etc","Lindström, Gustaf",1854,Upsala,,Danish  French  Swedish,,Non-fiction,1
14919309,Aujala-förbundet. Bidrag till dess historia,"Malmanen, Maunu",1848,Stockholm,,Swedish,,Non-fiction,1
14919310,"Sveriges Politiska Historia ... Andra upplagan, delvis omarbetad","Malmström, Carl Gustaf",1901,Stockholm,,Swedish,,Non-fiction,1
14919312,Erik XIV:s Fall. Historisk berättelse ... Med porträtt af Konung Erik XIV,"Mankell, Julius",1876,Stockholm,,Swedish,,Non-fiction,1
14919313,Om Gustaf II. Adolfs Politik. Historisk Afhandling ... Med Karta,"Mankell, Julius",1881,Stockholm,,Swedish,,Non-fiction,1
14919322,"Berättelser från 1864 års Danska krig samt om deri deltagande Svenska, Norska och Finska fribilliga samlade och utgifna af A. W. M, etc","Möller, A. W., of Stockholm",1865,Jönköping,,Swedish,,Non-fiction,1
14919323,"Bidrag till Sveriges historia, utgifna af Dr. E. V. M. vol. 1-4","Montan, E. V.",1877,Stockholm,,Swedish,,Non-fiction,1
14919330,Svenska Statsförfattningens historiska utveckling,"Naumann, Christian",1866,Stockholm,,Swedish,,Non-fiction,1
14919336,Bidrag til Norges og Sveriges Historie 1812-1816,"Nielsen, Yngvar",1869,Christiania,,Danish,,Non-fiction,1
14919338,"Blad ur Konung Gustaf den tredjes historia. Några ord om sammansvärjningen år 1792, etc","Nilsson, Olof",1873,Malmö,,Swedish,,Non-fiction,1
14919339,"besørget af F. Barfod, etc","Nissen, J.",1862,Kjøbenhavn,,Danish,,Non-fiction,1
14919340,"Statholderskabets Extraktprotokol af Supplicationer og Resolutioner, 1642-1652","Norway, Riksarkivet",1901,Christiania,,Danish,,Non-fiction,1
14919342,Geschiedenis van het beleg en ontzet van Leiden in 1574. ... Mit eene kaart van het beleg,"Nuijens, Willem Johannes Franciscus",1874,Leiden,,Dutch,,Fiction,1
14919344,Om den Svenske konungens Domsrätt under k. Magnus Eriksson och Albrekt af Meklenburg. 1319-1389. Ett bidrag till Sveriges inre historia,"Ödberg, Fridolf",1875,Stockholm,,Swedish,,Non-fiction,1
14919345,Sveriges inre Historia under Drottning Christinas Förmyndare,"Odhner, Clas Theodor",1865,Stockholm,,Swedish,,Non-fiction,1
14919347,Konge og Præstestand i den danske Middelalder,"Olrik, Hans",1892,København,,Danish,,Non-fiction,1
14919351,"Lærebog i Nordens Historie ... Med 10 ... Kort, etc","Ottosen, Johan",1893,København,,Danish,,Non-fiction,1
14919352,"Norges Historie, 1814-1902. Met et Omrids af Sveriges og Danmarks Historie i det 19de Aarhundrede","Øverland, Ole Andreas",1898,Kristiania,,Danish,,Non-fiction,1
14919353,"Beknopte geschiedenis des Boerenkrijgs, October-December 1798 ... Met eene voorrede van den ... Heer ... Muyldermans ... Tweede uitgaaf","Pallemaerts, J. Fr",1898,Mechelen,,Dutch,,Non-fiction,1
14919359,Oldsagen om Danske Konger ... Aftrykt af N. M. Petersens Sagnhistorie,"Petersen, Niels Matthias",1854,Kjøbenhavn,,Danish,,Non-fiction,1
14919360,Minder fra Øresundskysten. Historiske Skildringer,"Petersen, Richard, Pastor at Grevinga, Holbæk",1891,København,,Danish,,Non-fiction,1
14919374,De Boerenkrijg te Mechelen in 1798,"Rees, Aug. de",1898,Mechelen,,Dutch,,Non-fiction,1
14919375,"Till belysning af den Svensk-Norska Unionsförfattningen och dess tidigare utvecklingshistoria, etc","Reuterskiöld, Carl Ludvig August Axel",1893,Stockholm,,Danish,,Non-fiction,1
14919378,"Konung Carl den niondes fälttåg i Lifland år 1600 och forberedelserna der till ... Afhandling, etc","Rogberg, Carl",1859,Upsala,,Swedish,,Non-fiction,1
14919379,"Formerna för grundlagsfrågors behandling i Svenska Riksdagen 1809-1866, etc","Rönnblad, Ernst",1898,Upsala,,Swedish,,Non-fiction,1
14919380,Danmark i Aaret 1848. ... Ved Udvalget for Folke-Oplysnings Fremme,"Rosenberg, Carl Frederik Vilhelm Mathildus",1873,Kjøbenhavn,,Danish,,Non-fiction,1
14919381,"Hvorleds Norge blev selvstændigt: et Foredrag, etc","Rosenberg, Carl Frederik Vilhelm Mathildus",1866,Kjøbenhavn,,Danish  French  Swedish,,Non-fiction,2
14919384,1807-14. Studier til Københavns og Danmarks Historie,"Rubin, Marcus",1892,København,,Danish,,Non-fiction,1
14919385,"Frederik VI.'s Tid fra Kielerfreden til Kongens Død, etc","Rubin, Marcus",1895,København,,Danish,,Non-fiction,1
14919390,"Föreningen emellan Sverige och Norge, från historisk och statsrättslig synpunkt betraktad. (Bilagor.)","Rydin, Herman Ludvig",1863,Upsala,,Swedish,,Non-fiction,1
14919393,"Gutniska urkunder: Guta lag, Guta saga och Gotlands runinskrifter språkligt behandlade. Akademisk afhandling, etc","Säve, Carl",1859,Stockholm,,Swedish,,Non-fiction,1
14919398,"A. Schönberg's historiska bref om det Svenska Regeringssättet, i äldre och nyare tider. Utgifna [with 'Lefnadsteckning'] af A. J. Arwidsson. (Ny Upplaga.)","Schönberg, Anders",1849,Stockholm,,Swedish,,Non-fiction,1
14919399,Statssekreteraren E. Schröderheims anteckningar till Konung Gustaf III.'s historia; jemte brefvexling emellan Konungen och honom,"Schröderheim, Elis",1851,Örebro,,Swedish,,Non-fiction,1
14919400,Ur Finlands konstitutionella historia 1809-1863. Tre föredrag,"Schybergson, Magnus Gottfrid",1898,Helsingfors,,Swedish,,Non-fiction,1
14919404,Förteckning öfver Acta Svecica i Calendars of State Papers. ('A Collection of the State Papers of John Thurloe.'),"Setterwall, Nils Kristian",1889,Stockholm,,Swedish,,Non-fiction,1
14919411,"Brief ... aan Mr. H. Beijerman, betreffende zijn onderzoek: Met wat hart hebben de Staten van Holland en Oldenbarneveld den Graaf van Leycester in 1585 uit Engeland verwelkomd?","Siegenbeek, Matthijs",1847,Lieden,,Dutch,,Non-fiction,1
14919416,"Johann III. och Hertig Karl 1568-1575, etc","Söderqvist, Olof",1898,Uppsala,,Swedish,,Non-fiction,1
14919421,Den anden slesvigske Krig [With maps.],"Sörensen, Carl Theodor von",1883,Kjøbenhavn,,Danish,,Non-fiction,1
14919423,Om riksrådsvalen under frihetstiden. Bidrag till svenska riksrådets historia,"Stavenow, Ludvig Vilhelm Albert",1890,Upsala,,Swedish,,Non-fiction,1
14919424,"Danmarks Riges Historie af J. Steenstrup, Kr. Erslev, A. Heise, V. Mollerup, J. A. Fridericia, E. Holm, A. D. Jørgensen. Historisk illustreret","Steenstrup, Johannes C. H. R. (Johannes Christoffer Hagemann Reinhardt)",1907,København,,Danish,,Non-fiction,1
14919426,Professor Dr. C. Paludan-Müller og Kong Valdemars Jordebog. Endnu et Indlæg til Forsvar for Sidstnævnte,"Steenstrup, Johannes C. H. R. (Johannes Christoffer Hagemann Reinhardt)",1874,Kjøbenhavn,,Danish,,Non-fiction,1
14919428,Kritiske Bidrag til Vikingetidens Historie,"Storm, Gustav",1878,Kristiania,,Danish,,Non-fiction,1
14919431,Gustaf I.s Krönika. Fragment slutande med år 1533. Efter en originalhandskrift utgifven af G. E. Klemming,"Swart, Peder, Bishop of Westerås",1870,Stockholm,,Swedish,,Non-fiction,1
14919432,"Svenskt Diplomatarium, från och med år 1401, utgifvet af Riks-Archivet genom C. Silfverstolpe","Sweden, Riksarkivet",1875,Stockholm,,Latin  Swedish,,Non-fiction,1
14919433,Kronologiskt register öfver tryckta Handlingar i Swenska Historien [1156-1430],Sweden,1816,Stockholm,,Swedish,,Non-fiction,1
14919434,Expeditionen till Westerbotten 1809,"Swederus, Georg",1871,Stockholm,,Swedish,,Non-fiction,1
14919435,Konung Carl XIV. Johans Historia ... Första delen,"Swederus, Georg",1877,Stockholm,,Swedish,,Non-fiction,1
14919437,Nederland en Brandenburg in 1672 en 1673,"Sypesteyn, Jan Willem van",1863,'s Gravenhage,,Dutch,,Non-fiction,1
14919440,Bidrag till historien om Sveriges Krig med Ryssland åren 1741-1743,"Tengberg, Niklas August",1857,Lund,,Swedish,,Non-fiction,1
14919441,Konung Gustaf III.'s första regeringstid till och med 1772 ärs statshvälfning. Fragment af Gustaf III.'s historia af N. Tengberg. Utgifvet af C. T. Odhner,"Tengberg, Niklas August",1871,Lund,,Swedish,,Non-fiction,1
14919443,Bidrag till Svenska Riksdagarnes historia 1626-1629. Akademisk Afhandling,"Tham, Wilhelm, of Carlberg",1855,Stockholm,,Swedish,,Non-fiction,1
14919449,Christian den Fjerdes Skib paa Skanderborg Sø,"Troels-Lund, Troels Frederik",1893,Kjøbenhavn,,Danish,,Non-fiction,1
14919450,"Het verraad van George van Lalaing, graaf van Rennenburg, etc","Trosée, J. A. G. C.",1894,'s-Hertogenbosch,,Dutch  French,,Non-fiction,1
14919453,Skolar och föredrag i Carl Johans-Förbundet den 8 Mars åren 1848-51 (1852-1854),Carl Johans-Förbundet (Upsala),1852,Upsala,,Swedish,,Non-fiction,1
14919454,"Upsala Mötes Beslut af år 1593. Aftryckt efter 1593 års upplaga. (Confessio fidei. Thet är: then Christeliga Troos Bekännelse, hwilka Gudz försambling uthi Sweriges Rijke almänneliga trodtoch bekändt hafwer, etc.)","Upsala Möte, 1593 (Upsala)",1868,,,Swedish,Lund,Non-fiction,1
14919457,"Herregaardsskytterne i 1848. Met Illustrationer af K. Hansen-Reistrup, etc","Valentiner, Axel",1898,Kjøbenhavn,,Danish,,Non-fiction,1
14919458,Den Danske Hærs Historie til Nutiden og den Norske Hærs Historie indtil 1814,"Vaupell, Otto Frederik von",1872,Kjøbenhavn,,Danish,,Non-fiction,1
14919460,De Bloedstrijd onzer vaderen tegen Spanje [from the time of Charles V. to 1648] beschreven ... voor het Nederlandsche Volk. ... Met 12 ... platen,"Vergers, Pieter",1871,Doesborgh,,Dutch,,Non-fiction,1
14919461,"Geschiedenis der laatste 200 Jaren, van 1648 tot 1848. Vervolg op 'De Bloedstrijd onzer vaderen,' van Karel V. tot 1648","Vergers, Pieter",1873,Doesborgh,,Dutch,,Non-fiction,1
14919464,Bidrag till historien om Sveriges krig med Danmark 1643-1645,"Vessberg, Vilhelm",1895,Stockholm,,Swedish,,Non-fiction,1
14919465,Nederland en Cromwell. Eene Voorlezing,"Vreede, George Willem",1853,Utrecht,,Dutch,,Non-fiction,1
14919466,"Oranje en de Bataafsche Republiek, in diplomatische betrekking tot den eersten Napoleon. Eene voorlezing","Vreede, George Willem",1859,Utrecht,,Dutch  French,,Fiction,1
14919467,"Voorouderlijke Wijsheid in hagehelijke tijden. Het Ministerie der Raadpensionarissen S. van Slingelandt, P. Steyn en L. P. van de Spiegel herdacht","Vreede, George Willem",1872,Utrecht,,Dutch,,Fiction,1
14919468,"Een vergeten hoofdstuk. Blanke Slaven. Supplement op het historisch gedenkboek 'Eene Halve Eeuw, 1848-1898' [by J. P. Ritter]","Waardt, Jan de",1898,Amsterdam,,Dutch,,Non-fiction,1
14919474,"Actmœssige Bidrag til Danmarks Historie i det nittende Aarhundrede, etc. Deel I","Wegener, Caspar Frederik",1851,Kiøbenhavn,,Danish,,Non-fiction,1
14919476,"Bidrag till den Nordiska diplomatiens historia under sednare hälften af det sjuttonde århundradet. Sverges förbund med Frankrike 1672. Akademisk afhandling, etc","Weibull, Martin Johan Julius",1865,Lund,,Swedish,,Non-fiction,1
14919478,"Hertig Karls furstendöme under åren 1568-1592. Akademisk afhandling, etc","Westling, Gustaf Oskar Fredrik",1883,Sundsvall,,Swedish,,Non-fiction,1
14919479,"G. W. Chronique Flamande 1571-1584. Avec introduction et notes par É. Varenbergh, etc","Weydts, Guillaume",1869,Bruges  La Haye,,Dutch  French,,Non-fiction,1
14919481,Om Svenska Riddarhuset och dess ätter,"Wieselgren, Sigfrid",1869,Stockholm,,Swedish,,Non-fiction,1
14919482,Geschiedenis,"Wijnne, Jan Adam",1872,Groningen,,Dutch,,Non-fiction,1
14919484,Kurze Staatsgeschichte der Herzogthümer Schleswig und Holstein,"Wippermann, Eduard",1847,Halle,,German,,Fiction,2
14919485,Geschiedenis der zeventien Nederlanden,"Witkamp, Pieter Harme",1873,Amsterdam,,Dutch,,Non-fiction,1
14919489,Finlands Historia från den äldsta tiden intill våra dagar ... Öfversättning från Finskan af R. Hertzberg. Autoriserad upplaga,"Yrjö-Koskinen, Yrjö Sakari",1874,Stockholm,,Swedish,,Non-fiction,1
14919491,"Sveriges underhandlingar om beväpnad Neutralitet åren 1778-80. Akademisk afhandling, etc","Zachrisson, Carl August",1863,Upsala,,Swedish,,Non-fiction,1
14919494,"Inventaris van het groot Archief der gemeente 's Hertogenbosch, etc","Zuijlen, Rogier Adriaan van",1860,'s Hertogenbosch,,Dutch,,Non-fiction,1
14919495,Jacob Ekelunds lärobok for första begynnare i fäderneslandets historia. Tionde upplagan...af C.F. Wiberg,"Wiberg, Carl Fredrik",1863,,,Swedish,,Non-fiction,1
14939305,"Rinaldo. A dramatic poem, in three acts","Abrahall, Chandos Hoskyns",1863,London,England,English,J. S. Hodson,Fiction,5
14939315,The Age Reviewed: a satire [In verse. By Robert Montgomery.],,1828,London,England,English,W. C. Wright,Fiction,5
14939366,Sveriges krig i Tyskland åren 1805-1807 ... Med tre kartor,"Björlin, Johan Gustaf",1882,Stockholm,,Swedish,,Non-fiction,1
14939367,"Bonderesningen i svenska Österbotten. En episod från 1808 års finska krig. Dagboksanteckningar af Kanslirådet P. J. Bladh, sammanstälda af J. Oskar I. Rancken","Bladh, Peter Johan",1882,Stockholm,,Swedish,,Non-fiction,1
14939397,The Banquet: in three cantos [By Hans Busk.],"Busk, Hans",1820,London,England,English,"Sherwood, Neely & Jones",Fiction,5
14939424,Blossoms by the Way. A collection of choice poems. Edited by C. A. Cooke. Border designs by Sweeney,"Cooke, Carrie Adelaide",1882,Boston,,English,D. Lothrop,Fiction,5
14939508,History of the Great Civil War. 1642/1649 [Sixth series.],"Gardiner, Samuel Rawson",1886,London,England,English,Longmans,Non-fiction,5
14939669,The Power of Conscience ... and other works,"Latter, Thomas, of St. John's Wood",1891,London,England,English,Simkin & Marshall,Fiction,5
14939847,"Englische Geschichte, vornehmlich im sechzehnten und siebzehnten Jahrhundert. (Register.)","Ranke, Leopold von",1859,Berlin,,Dutch  French  German,,Non-fiction,1
14939851,"The Parliamentary History of England, from the passing of the Reform Bill of 1832","Raven, John, of New Southgate",1885,London,England,English,E. Stock,Non-fiction,4
14939941,Karl den Elfie och Svenska Folket på hans tid ... Med ... illustrationer,"Sjögren, Karl August Otto",1897,Stockholm,,Swedish,,Non-fiction,1
14939977,"The Building of the Empire: the story of England's growth from Elizabeth to Victoria. With ... illustrations, etc","Story, Alfred Thomas",1898,London,England,English,Chapman & Hall,Non-fiction,3
14939998,Skildringer fra den Slesvigske Krig 1864. Udgivet af Th. Thorson,"Thorson, Th",1865,Kjøbenhavn,,Danish,,Non-fiction,1
14940005,"Das Elsass im 17. und 18. Jahrhundert. Vortrag, etc","Trauttwein Von Belle, Eugen",1865,Berlin,,German,,Non-fiction,2
14940067,Den Danske Erobring af England og Normandiet,"Worsaae, Jens Jacob Asmussen",1863,Kjøbenhavn,,Danish,,Non-fiction,1
14940079,Finnische Geschichte von den frühesten Zeiten bis auf die Gegenwart ... Autorisirte Uebersetzung,"Yrjö-Koskinen, Yrjö Sakari",1874,Leipzig,,German,,Fiction,2
15105899,"Register van oorkonden, die in het Charterboek van Friesland [i.e. 'Groot Placaat en Charter-Boek van Friesland'] ontbreken, tot het jaar 1400, etc","Colmjon, Gerben, Rijkarchivaris van Friesland",1883,Leeuwarden,,Dutch,,Non-fiction,1
15105916,Der Winterfeldzug in Schleswig-Holstein,"Dedenroth, von, of the Garde-Landwehr",1864,Berlin,,German,,Non-fiction,2
15105921,"The Last Forty Years: Canada since the union of 1841 [With plates, including portraits.]","Dent, John Charles",1881,Toronto,,English,George Virtue,Non-fiction,3
15105975,"Geschichte, Statistik und Urkunden-Sammlung über Wallis","Furrer, Sigismund",1850,Sitten,,German  Latin,,Fiction,2
15106004,British Battles on Land and Sea,"Grant, James",1884,London,England,English,Cassell,Non-fiction,3
15106024,Uit de Dagen der Patrioten. Vier schetsen,"Hartog, Jan",1897,Amsterdam,,Dutch,,Non-fiction,1
15106040,"Rustringen, die ursprüngliche Heimath der ersten Russischen Grossfürsten Ruriks und seiner Brüder","Hollmann, Hermann Friedrich",1816,Bremen,,German,,Non-fiction,2
15106063,Historisk öfversigt öfver Sveriges Befästningsväs nde under tidsskedet 1523-1899 ... Med 8 Kartor,"Jungstedt, Hugo",1899,Stockholm,,Swedish,,Non-fiction,1
15106091,"Topographisk-historisk Udsigt over Kjøbenhavns Belejring 1807 ... Topographisch-historische Ansicht der Belagerung Kopenhagens, etc. Dan. and Germ","Lahde, Gerhard Ludvig",1807,Copenhagen,,Danish  German,,Non-fiction,1
15106094,English Constitutional History. A text book for students and others,"Langmead, afterwards Taswell-Langmead, Thomas Pitt",1875,London,England,English,,Non-fiction,5
15106128,Finmarken. Samlinger til Finmarkens Historie. Med et Kart,"Magnus, Aksel",1889,Kjøbenhavn,,Swedish,,Non-fiction,1
15106170,Finska Kriget 1808-1809 [Illustrated.],"Nordensvan, Carl Otto",1898,Stockholm,,Swedish,,Non-fiction,1
15106190,"Responsibilities of the Founders of Republics: an address on the Peninsula of Sabino, on the ... anniversary of the planting of the Popham Colony, August 29, 1865","Patterson, James W.",1865,Boston  Massachusetts,United States of America,English,,Non-fiction,3
15106237,Geschiedenis der oostenrijksche Nederlanden. Belgien onder Karel VI,"Ruckelingen, Lodewyk van",1864,Antwerpen,,Dutch,,Fiction,1
15106243,Fennomani och Skandinavism,"Sárkilax, Peder",1855,Stockholm,,Swedish,,Non-fiction,1
15106246,Tracts Illustrative of the Traditionary & Historical Antiquities of Scotland [Edited by Robert Buchanan.],Scotland,1836,Edinburgh,Scotland,English,J. Stillie,Non-fiction,3
15106252,Geschiedenis der Burgerwapening in Nederland,"Siegenbeek, Matthijs",1831,Leiden,,Dutch,,Non-fiction,1
15106272,"History of New York City, from the discovery to the present day. (Supplement, containing the prominent Mercantile Houses and Corporate Bodies that have contributed materially to the growth & prosperity of New York City. Compiled by E. Cleave.)","Stone, William L. (William Leete)",1872,New York,United States of America,English,,Non-fiction,3
15106334,Geschiedenis van Suriname,"Wolbers, Julien",1861,Amsterdam,,Dutch,,Non-fiction,1
15106347,Kritiek der Friesche Geschiedschrijving,"Zeeburgh, Jan van Bolhuis van",1873,'s Gravenhage,,Dutch,,Non-fiction,1
15106349,Erindringer fra Felttoget 1864,"Zimmermann, Axel",1867,Kjøbenhavn,,Danish,,Non-fiction,1
15111150,"Historisk reklamationer rörande 1788, 89 och 90, samt 1808 och 9 årens fälttåg in Finland",Finland,1859,Örebro,,Swedish,,Non-fiction,1
15111151,Curious Episodes in Scottish History,"Fittis, Robert Scott",1895,Paisley,Scotland,English,A. Gardner,Non-fiction,4
15111171,Det Oldenborgske Kongehus i Denmark af J. H. Billeder og Text,J. H.,1856,Kiøbenhavn,,Danish,,Non-fiction,1
15111173,The Constitutional History of England from the Accession of Henry VII to the Death of George II,"Hallam, Henry",1827,Paris,France,English,A. & W. Galignani,Non-fiction,3
15111184,"The History of England to the Revolution in 1688. New edition, with the author's last corrections, etc","Hume, David",1789,London,England,English,,Non-fiction,5
15111193,A Concise History of Ireland from the earliest times to 1837,"Joyce, P. W. (Patrick Weston)",1893,Dublin,Ireland,English,Gill,Non-fiction,3
15111214,"The History of Ireland, from the Treaty of Limerick to the present time; being a continuation of the History of the Abbé Macgeoghegan. Compiled by J. Mitchel","Mitchel, John",1868,New York,United States of America,English,,Non-fiction,4
15111244,"Social Life in Scotland, etc","Rogers, Charles",1884,Edinburgh,Scotland,English,W. Paterson,Non-fiction,3
15115533,"Alfred the Great, and other stories from history ... Illustrated, etc","Alfred, King of England",1871,London,England,English,Groombridge,Non-fiction,3
15115537,Handlingar ur V. Brinkman'ska archivet på Trolle-Ljungby. Utgifne af G. Andersson,"Andersson, Gustaf",1859,Örebro,,Swedish,,Non-fiction,1
15115540,Bidrag til Kundskab om Færøernes Befolknings Anthropologi og specielt craniologiske Forhold ... Særtyk af dansk geografisk Tidskrift,"Arbo, Carl Oscar Eugen",1893,Kjøbenhavn,,Danish,,Non-fiction,1
15115698,"Vreest God, eert den Koning. Rede, etc","Hooft, J. van 't, minister of the Dutch Reformed Church",1898,Vlaardingen,,Dutch,,Fiction,1
15115714,"'Wij loven, dat Uw Naam nabij is.' Gelegenheidspreek uitg sproken ... bij de meerderjarigheid van Koningin Wilhelmina","Kouwenhoven, H. J.",1898,Groningen,,Dutch,,Non-fiction,1
15115723,Herinneringen uit den worstelstrijd met Spanje ... Met op staal gegraveerde platen,"Lennep, J. van (Jacob)",1853,'sGravenhage,,Dutch,,Fiction,1
15115750,Rede uitgesproken ... ter gelegenheid van de aanvaarding der regeering door H. M. Koningin Wilhelmina,"Moltzer, J. E.",1898,Deventer,,Dutch,,Fiction,1
15115766,"De Berenning van Aardenburg in 1672, Verzameling van uit en onuitgegeven stukken aangaande de geschiedenis van Aardenburg van 1660-1680","Oijen, G. A. Vorstermann van",1872,Schoonhoven,,Dutch,,Non-fiction,1
15115775,Bilder aus Alt-England,"Pauli, Reinhold",1876,Gotha,,German,,Fiction,2
15115785,The Conqueror and his Companions,"Planché, J. R. (James Robinson)",1874,London,England,English,,Non-fiction,3
15115787,De Forenede Staters Historie ... Første Del,"Pontoppidan, Morten",1892,København,,Danish,,Non-fiction,1
15115795,"Geschiedkundige aanteekeningen, rakende proeven van Europesche Kolonisatie in Suriname","Raders, Reinier Frederik van, Baron",1860,'s Gravenhage,,Dutch,,Fiction,1
15115813,Kongeriget Skotlands endelige Forening med Kongeriget England til Kongeriget Storbritannien,"Schiern, Frederik Eginhard Amadeus",1867,Kjøbenhavn,,Danish,,Non-fiction,1
15173005,"Neêrlands heldendaden te land, van de vroegste tijden af tot in onze dagen. (Bijlagen.-Algemeen register.) [With maps.]","Bosscha, Joannes, the Elder",1834,Leeuwarden,,Dutch,,Non-fiction,1
15173041,"Teckningar ur Sveriges historia af C. A. Dahlström, med text af-","Dahlström, Carl Andreas",1851,Stockholm,,Swedish,,Non-fiction,1
15173081,"History of Eastern Vermont, etc","Hall, Benjamin Homer",1858,New York,United States of America,English,,Non-fiction,3
15173090,"History of Duryée's Brigade, during the Campaign in Virginia under Gen. Pope, and in Maryland under Gen. McClellan, in the Summer and Autumn of 1862","Hough, Franklin Benjamin",1864,Albany,United States of America,English,,Non-fiction,3
15173094,Stories of Ohio,"Howells, William Dean",1897,New York,United States of America,English,American Book,Non-fiction,3
15173116,The Defence of Richmond against the Federal Army under General McClellan. By a Prussian Officer in the Confederate Service. Translated from the Koelnische Zeitung,"McClellan, George Brinton, general",1863,New York,United States of America,English,,Non-fiction,3
15173145,Geschied- en redekunstig gedenkschrift van Nederlands herstelling in den jare 1813,"Palm, Johannes Henricus van der",1863,Schiedam,,Dutch,,Fiction,1
15173147,"A Narrative of the Campaign in the Valley of the Shenandoah, in 1861. L.P","Patterson, Robert, Major-General of Volunteers",1865,Philadelphia,,English,,Non-fiction,3
15173152,Southern History of the War.-The Third Year of the War,"Pollard, Edward Albert",1865,London,England,English,,Non-fiction,3
15173181,Frederik den Sjettes fortrolige Brevvexling med Norge [more especially with Prince Christian Augustus] i Aaret 1809. Udgiven af C. T. Sørensen,"Sörensen, Carl Theodor von",1889,Kjøbenhavn,,Danish,,Non-fiction,1
15173995,Washington in Lincoln's Time,"Brooks, Noah",1895,New York,United States of America,English,Century,Non-fiction,5
15174020,Journal of Army Life,"Glisan, Rodney",1874,San Francisco,,English,Bancroft,Non-fiction,4
15174024,"New York City and vicinity during the war of 1812-15. Being a military, civic and financial local history of that period, with ... anecdotes thereof, etc","Guernsey, Rocellus S.",1889,New York,United States of America,English,C. L. Woodward,Non-fiction,3
15174031,"General Sir William Howe's Orderly Book at Charlestown, Boston and Halifax, June 17 1775 to 1776 26 May. To which is added the official abridgement of General Howe's correspondence with the English Government during the siege of Boston ... Now first printed ... with an historical introduction by E. E. Hale. The whole collected and edited by B. F. Stevens","Howe, William, Viscount Howe",1890,London,England,English,B. F. Stevens,Non-fiction,3
15174039,"Centennial history of Erie County, New York; being its annals, from the earliest recorded events to the hundredth year of American independence","Johnson, Crisfield",1876,"Buffalo, New York",,English,,Non-fiction,3
15174045,"The Military Annals of Tennessee. First series, etc","Lindsley, John Berrien",1886,Nashville,United States of America,English,J. M. Lindsley,Non-fiction,3
15174055,"The Political History of the United States of America during the Period of Reconstruction (from April 15, 1865 to July 15, 1870), etc","Macpherson, Edward",1871,"Washington, District of Columbia",,English,Philp & Solomons,Non-fiction,3
15174071,"New York in the War of the Rebellion, 1861 to 1865 ... Second edition","Phisterer, Frederick",1890,Albany,United States of America,English,"Weed, Parsons",Non-fiction,3
15174091,Legends of the War of Independence and of the earlier Settlements in the West,"Smith, T. Marshall",1855,"Louisville, Kentucky",,English,J. F. Brennan,Non-fiction,5
15177976,"A Bibliographical and Historical Essay on the Dutch Books and pamphlets relating to New-Netherland, and to the Dutch West-India Company and to its possessions in Brazil, Angola, etc. As also on the maps, charts, etc. of New-Netherland, with fac-similes of the Map of New Netherland by N. I. Visscher and of the three existing views of New-Amsterdam, etc","Asher, G. M. (Georg Michael)",1854,Amsterdam,,Dutch  English,,Non-fiction,1
15177986,"Lenau and Young Germany in America ... Dissertation, etc","Baker, Thomas Stockham",1897,"Phila, Pennsylvania",,English,C. Stockhausen,Non-fiction,4
15178024,Berättelse om Londons polis,"Brink, Carl Olof",1851,Stockholm,,Swedish,,Non-fiction,1
15178025,Historisk öfversigt af fängelse-systemerna samt svenska lagstiftningen rörande fängelserna,"Brink, Carl Olof",1848,Stockholm,,Swedish,,Non-fiction,1
15178068,A Forgotten Borough [Blechingley] . (Reprinted from 'Bygone Surrey.'),"Clinch, George",1895,Hull,England,English,W. Andrews,Non-fiction,3
15178076,"History of the Colony of Queensland from 1700 to the close of the year 1881 ... Volume 1. From 1770 to the separation of the district of Moreton Bay from New South Wales, and its constitution as a separate colony in December, 1859","Coote, William",1882,Brisbane,,English,William Thorne,Non-fiction,3
15178175,The Hawaiian Incident. An examination of Mr. Cleveland's attitude toward the Revolution of 1893,"Gillis, James A.",1897,Boston  Massachusetts,United States of America,English,Lee & Shepard,Non-fiction,3
15178209,"Crime: its Amount, Causes, and Remedies","Hill, Frederic",1853,London,England,English,,Non-fiction,4
15178317,Straf-geen kwaad. Redevoering,"Modderman, A. E. J.",1864,Amsterdam,,Dutch,,Non-fiction,1
15178360,Cavite e Santiago,"Parodi, Domenico",1898,Genova,,Italian,,Fiction,1
15178459,"Los antiguos Mexicanos [Being the sections of Div. II, Part. 1. B. of 'Descriptive Sociology,' relating to the Ancient Mexicans.] Traducción por Daniel y Genaro García","Spencer, Herbert",1896,México,,Spanish,,Non-fiction,1
15178472,"The Women of England, their social duties, and domestic habits. Second edition","Stickney, afterwards Ellis, Sarah",1839,London,England,English,,Non-fiction,3
15178473,The Animal Creation; its claims on our Humanity stated and enforced,"Styles, John",1839,London,England,English,,Non-fiction,5
15178478,"Historia del conflicto de las Carolinas. Prueba del derecho de soberanía que sobre ellas posee España, y demostración de la trascendencia que tiene la mediación del Papa","Taviel De Andrade, Enrique",1886,Madrid,,Spanish,,Non-fiction,1
15178481,Lehrbuch des gemeinen deutschen Strafrechts,"Temme, Jodocus Deodatus Hubertus",1876,Stuttgart,,German,,Non-fiction,2
15178503,Las Operaciones navales durante la guerra entre Chile i la Confederacion peruboliviana 1836-37-38,"Uribe Orrego, Luis",1891,Santiago de,Chile,Spanish,,Non-fiction,1
15210851,"Das Inka-Reich. Beiträge zur Staats- und Sittengeschichte des Kaiserthums Tahuantinsuyu. Nach den ältesten spanischen Quellen bearbeitet ... Mit einer Karte, etc","Brehm, Reinhold Bernhard",1885,Jena,,German,,Non-fiction,2
15210874,"Segunda parte de la Crónica del Perú, que trata del señorío de los Ineas Yupanquis y de sus grandes hechos y gobernacion, escrita por P. de Cieza de Leon. (Seguida de la Suma y narracion de los Incas que los Indios llamaron Capaccuna, por Juan de Betános. Las pública Márcos Jiménez de la Espada.)","Cieza De León, Pedro de",1880,Madrid,,Spanish,,Non-fiction,1
15210968,Het Regentschap van Koningin Emma,"Kepper, George Lodewijk",1899,'s Gravenhage,,Dutch,,Fiction,1
15210975,"Crónica de la Araucanía, etc","Lara, Horacio",1889,Santiago de,Chile,Spanish,,Non-fiction,1
15211058,La isla de Cuba desde mediados de Abril á fines de Octobre de 1873,"Pieltain, Cándido",1879,Madrid,,Spanish,,Non-fiction,1
15211154,Den Nordamerikanske Borgenkrig efter officielle Documenter udførligt fremstillet,"Wolff, Niels August von",1867,Kjøbenhavn,,Danish,,Non-fiction,1
15246247,Compendio de la Historia Antigua de México,"Buenrostro, Felipe",1877,México,,Spanish,,Non-fiction,1
15742550,"De Kaffers aan de zuidkust van Afrika, natuur en geschiedkundig beschreuen [Translated from the German manuscript by Jan Konijnenburg.]","Alberti, Johann Christoph Ludwig",1810,Amsterdam,,Dutch,,Fiction,1
15742555,Carl XIV Johan och rikets ständer 1840-1841. Historisk teckning,"Alin, Oskar Josef",1893,Stockholm,,Swedish,,Non-fiction,1
15742560,Het Westland in den Franschen Tijd,"Allaeys, Lodewijk",1898,Yper,,Dutch,,Non-fiction,1
15742569,Herinneringen aan Italie,"Andreae, Johannes Henricks Beucker",1856,Leeuwarden,,Dutch,,Fiction,1
15742573,Fra svenske arkiver om Unionens forberedelse 1814. Samlet af C. J. Anker,"Anker, Carl Johan",1898,Kristiania,,Danish  English  French,,Non-fiction,1
15742590,Kort Udtog af Verdenshistorien samt en lidt udføligere Fremstilling af Nordens Historie [The dedication and preface signed: E. B.],"B, E.",1890,Kjøbenhavn,,Danish,,Non-fiction,1
15742605,Märkvärdigheter rörande Sveriges förhållanden 1788-1794 ... Utgifna efter författarens handskrift [by G. O. Hyltén-Cavallius],"Barfod, Johan Christopher Georg",1846,Stockholm,,Swedish,,Non-fiction,1
15742606,Danmarks Historie fra 1536 til 1670,"Barfod, Povl Frederik",1891,København,,Danish,,Non-fiction,1
15742683,Huleboerne i Syd Tunis. Erindringer fra et Ophold hos Kalifaen i Matmata,"Bruun, Peter Daniel",1895,Kobenhavn,,Danish,,Non-fiction,1
15742732,Forn-Nordiska minnen. (Nordboarne i Vesterviking.-Nordboarne i Austrvegr.),"Cronholm, Abraham Peter",1833,Lund,,Swedish,,Non-fiction,1
15742775,"A History of the Precious Metals, from the earliest times to the present","Del Mar, Alexander",1880,London,England,English,George Bell,Non-fiction,4
15742787,"Pearla ... With illustrations, etc","Edwards, Matilda Barbara Betham",1892,London,England,English,Isbister,Fiction,3
15742820,"History made easy: an epitome of English History, etc","Gibson, John, m.a",1882,London,England,English,Reeves & Turner,Non-fiction,5
15742828,Nya Källor till Finlands Medeltidshistoria. Samlade och utgifna af Dr. E. Grönblad,"Gronblad, Jakob Edvard August",1857,Köpenhamn,,Swedish,,Non-fiction,1
15742837,"Finlands historia i korthet framstäld, etc","Hertzberg, Rafael",1876,Helsingfors,,Swedish,,Non-fiction,1
15742838,"A Residence in Greece and Turkey; with notes of the journey through Bulgaria, Servia, Hungary, and the Balkan","Hervé, Francis",1837,London,England,English,,Non-fiction,3
15742927,Russische Geschichte in Biographien ... Nach der 2. Auflage des russischen Originals übersetzt von W. Henckel. Bd. 1,"Kostomarov, Nikolai Ivanovich",1885,Leipzig,,German,,Non-fiction,2
15742934,"Kejserkrigen. Et Bidrag til de nordiske Rigers Krigshistorie, etc","Larsen, Axel",1901,Kjøbenhavn,,Danish,,Non-fiction,1
15742959,Kriget emellan Sverige och Danmark åren 1808 och 1809 Historiskt försök [With a map.],"Meijer, Carl Fredrik",1867,Stockholm,,Swedish,,Non-fiction,1
15742963,The History of Great Britain from the death of George II. to the coronation of George IV. designed as a continuation of Hume and Smollett,"Miller, J. R.",1828,London,England,English,Jones,Non-fiction,5
15742970,"Norges, Sveriges og Danmarks Historie til Skolebrug","Munch, Peder Andreas",1838,Christiania,,Danish,,Non-fiction,1
15742972,"Forhandlingsprotokol ført i Regjeringsraadet og Staatsraadet, Marts til Decbr. 1814. Udgivet fra det Norske Rigsarkiv","Norway, Riksarkivet",1899,Kristiania,,Danish,,Non-fiction,1
15742980,De første Konger af den Oldenborgske Slægt-Omrids og Tanker til Forstaaelse af Danmarks Historie i Overgangen fra Middelalderen til den nyere Tid,"Paludan-Müller, Caspar Peter",1874,Kjøbenhavn,,Danish,,Non-fiction,1
15742990,Select Statutes and other Constitutional Documents illustrative of the reigns of Elizabeth and James I. Edited by G. W. Prothero,"Prothero, George Walter, Sir, k.b.e",1894,Oxford,England,English,Clarendon,Non-fiction,3
15743104,"The Poetical Works of Robert Southey, etc","Southey, Robert",1884,London,England,English,,Fiction,5
15743105,"Anteckningar rörande Expeditionen åt Westerbotten år 1809, samt vederläggning af flera uti det historiska arbetet 'Sveriges krig och politik åren 1808-1815,' forekommande, oriktiga uppgifter om Affären vid Säfvar","Sparre, Pehr",1865,Stockholm,,Swedish,,Non-fiction,1
